pH,Latitude,Longitude,Location,Depth_m,Altitude_m,Salinity_PSU,Temperature_C,Oxygen_mg_L,Turbidity_NTU,Nitrate_mg_L,Chlorophyll_ug_L
7.54,-66.6443,-30.9969,Coral Sea,6379.2,1677.0,33.2,30.11,5.3,48.1,20.79,5.13
7.61,7.1507,-160.0945,South Pacific Ocean,9655.5,1292.5,39.08,5.09,9.35,62.52,34.16,3.74
7.93,20.7695,46.653,Southern Ocean,10242.9,2412.0,39.78,16.46,6.17,6.31,2.21,0.75
8.45,1.3869,-104.0245,Red Sea,6802.2,428.8,38.61,7.87,4.86,62.63,5.48,1.69
7.57,3.1675,-57.7842,Coral Sea,10612.4,174.3,33.13,14.14,7.65,73.01,43.55,8.47
8.22,-60.7709,-115.353,Southern Ocean,7256.8,298.2,38.72,26.29,1.91,63.29,23.67,2.47
8.01,17.7434,87.4733,Red Sea,10303.8,473.2,30.41,9.97,6.24,75.09,6.41,1.85
7.78,85.8206,19.0493,Southern Ocean,9413.2,1633.1,37.69,29.91,8.55,62.32,40.32,5.03
7.82,85.6475,-108.5775,Bering Sea,433.2,1478.3,39.42,4.36,9.97,82.04,7.86,5.11
7.52,-27.1541,-108.9922,Bering Sea,4458.7,-51.1,32.66,6.78,2.73,74.23,39.42,9.21
8.2,41.121,-98.1844,North Atlantic Ocean,4429.5,2901.5,30.14,18.82,1.86,87.69,37.43,5.69
7.6,-10.5171,165.1131,South Pacific Ocean,3580.3,-383.7,38.09,6.24,2.31,79.29,22.27,8.69
7.53,-65.2032,-9.2151,Southern Ocean,10987.5,1957.0,33.08,2.98,2.81,71.49,39.83,1.29
7.97,43.2683,154.5755,Southern Ocean,1627.7,-205.8,31.55,14.19,9.87,72.82,22.65,0.62
7.98,-28.0724,176.9256,Indian Ocean,2646.6,-153.4,31.22,9.45,3.47,68.5,33.34,1.95
8.15,46.9671,3.5787,Caribbean Sea,1049.2,2229.9,30.4,13.76,7.02,31.6,40.48,8.68
8.21,-21.7122,-149.3383,South Pacific Ocean,6292.4,1296.4,39.45,2.67,8.28,24.84,23.66,6.24
8.01,-58.4974,112.0183,Southern Ocean,9181.0,652.4,36.9,26.56,2.89,79.84,16.66,4.23
8.21,63.5437,39.768,Gulf of Mexico,2460.3,1917.7,34.11,31.17,3.89,92.56,42.61,2.42
7.75,-80.6646,-153.5224,Gulf of Mexico,6202.2,2467.5,37.19,8.45,1.21,88.02,18.32,6.18
7.64,-24.1971,-3.8323,South Atlantic Ocean,2153.3,1023.9,37.09,24.3,1.13,79.59,3.31,1.45
8.43,31.057,58.4827,South Pacific Ocean,687.5,592.2,38.2,22.89,8.61,40.34,43.67,5.86
7.87,69.5454,-20.3957,South Atlantic Ocean,1330.0,2033.4,32.67,29.73,9.85,41.17,7.81,4.46
7.59,-61.001,27.6482,North Atlantic Ocean,4637.0,1738.3,38.02,31.74,6.51,78.71,49.13,1.95
8.33,-72.7101,156.6174,Red Sea,2264.4,398.1,31.22,5.85,7.14,50.1,5.03,0.68
8.11,-35.6152,-129.3508,Indian Ocean,996.0,1246.7,32.67,29.2,3.85,87.82,37.43,4.33
8.09,-43.8858,-5.6297,Gulf of Mexico,4539.5,-310.1,39.17,3.4,8.95,4.75,11.88,9.65
7.63,34.9638,-176.9764,Indian Ocean,7295.6,74.3,33.12,2.83,7.45,94.4,34.52,1.37
8.26,-47.2201,-22.7367,Coral Sea,6311.2,323.1,39.13,22.12,8.74,78.95,23.37,0.16
7.7,22.3156,-105.4723,South Atlantic Ocean,5629.3,358.7,35.27,11.62,4.24,66.87,19.48,5.92
7.54,28.0812,-98.2467,Coral Sea,5110.5,-305.3,33.47,7.81,2.97,26.5,33.46,2.93
7.66,55.0052,-96.8179,Baltic Sea,5554.7,2872.1,34.39,25.29,1.68,98.18,24.43,1.92
8.2,18.6162,93.3777,South Atlantic Ocean,9648.7,1145.5,30.34,33.76,6.64,79.48,40.65,5.39
8.29,75.777,2.8965,Gulf of Mexico,341.7,2990.2,33.3,9.01,2.38,60.42,11.83,2.89
7.75,34.5774,-43.0502,Red Sea,5137.4,638.0,31.13,33.25,8.67,61.92,9.41,3.73
7.82,-46.3602,-179.7209,South Pacific Ocean,9645.7,1094.3,38.47,7.85,1.85,76.95,17.87,9.19
7.66,79.1759,120.8496,Gulf of Mexico,5742.6,1616.0,38.76,22.49,3.13,75.05,18.08,1.05
7.95,-55.8036,-179.9646,Bering Sea,2452.3,49.7,37.98,26.98,4.27,44.38,41.72,9.8
7.72,-56.5207,110.8238,Bay of Bengal,2593.6,2803.3,30.37,6.8,6.48,14.27,47.0,5.22
8.48,43.6116,81.8457,Bering Sea,7011.0,309.9,30.88,9.12,2.08,10.55,33.78,3.44
8.27,3.4211,-136.431,Bay of Bengal,8707.6,151.4,34.07,34.21,9.34,47.62,25.42,4.27
8.1,-61.1945,43.3394,Indian Ocean,9389.9,1.9,34.31,9.34,1.99,29.47,28.52,1.91
8.22,-69.4921,-175.9816,Norwegian Sea,5584.0,1813.0,39.66,12.92,3.6,9.16,16.27,0.52
7.67,-59.5087,-99.5045,Gulf of Mexico,9052.4,689.9,37.26,25.19,6.85,52.6,37.67,2.89
8.24,76.764,-93.2387,Indian Ocean,2793.3,1358.4,35.39,22.43,5.49,91.33,39.99,6.89
7.85,15.5664,173.1108,Caribbean Sea,6285.0,1078.3,35.65,30.24,5.87,66.23,6.27,1.41
7.97,41.2489,25.4919,Bay of Bengal,8680.0,14.2,36.86,17.19,1.41,14.53,17.22,0.3
8.39,-66.9567,-176.7635,South Pacific Ocean,10029.8,2153.7,36.71,10.08,4.89,78.17,14.37,1.79
8.44,-21.7261,-133.617,North Atlantic Ocean,8627.4,377.3,39.86,28.94,3.13,20.49,42.76,9.58
8.27,10.2506,-110.9273,Bay of Bengal,9554.8,-180.8,39.84,16.46,3.15,51.49,43.39,8.12
8.27,1.7553,115.8825,Bay of Bengal,9761.1,824.6,38.93,17.26,5.96,94.7,42.09,1.74
8.24,-22.9353,64.3328,South Pacific Ocean,2967.6,2793.4,37.15,32.01,7.96,75.14,42.89,4.19
8.13,-72.7615,-6.0781,Norwegian Sea,3557.8,740.8,35.57,12.16,1.04,82.06,41.76,2.75
7.7,32.9178,111.8926,Red Sea,8818.6,1809.3,31.03,27.02,4.37,49.79,22.2,3.93
8.09,17.6273,-9.3611,South Pacific Ocean,10232.7,2226.0,39.95,34.66,7.47,99.95,33.05,2.25
7.56,-14.3117,113.7373,Indian Ocean,8927.5,2063.0,38.05,17.17,2.95,23.0,4.7,5.1
7.53,76.8631,-101.0869,Coral Sea,2444.6,1527.7,37.69,15.17,8.49,69.68,25.72,9.95
8.34,46.0876,154.5209,Indian Ocean,10912.7,-44.1,35.66,5.75,2.07,89.21,37.27,6.12
8.04,-24.3311,164.6089,Coral Sea,6983.6,2849.7,31.2,12.39,7.46,60.77,13.51,3.65
7.52,-80.497,49.6322,Coral Sea,5263.2,2248.4,31.16,5.57,6.56,94.0,17.1,5.28
7.77,54.0702,48.2015,North Pacific Ocean,10615.8,2900.6,35.35,14.34,6.15,94.71,36.91,1.23
8.18,-10.7773,23.4931,South Atlantic Ocean,9860.3,1320.6,34.62,13.72,4.12,87.48,10.05,2.83
8.44,-4.9979,-24.2032,Norwegian Sea,6499.7,303.7,36.98,21.74,4.72,69.85,8.95,9.58
8.34,15.7235,-115.6557,Norwegian Sea,4005.9,2696.3,38.64,22.4,7.64,89.39,12.21,4.64
7.95,28.8837,-110.6228,North Pacific Ocean,5153.9,328.0,30.17,33.47,8.42,21.45,18.41,2.47
7.79,19.5552,54.881,Bay of Bengal,6056.2,-207.1,35.88,9.77,1.35,64.31,45.06,4.33
7.81,-39.3548,-11.8119,Red Sea,6666.4,-400.6,34.52,1.13,5.62,27.04,35.34,9.52
8.23,-57.9777,-98.7483,Arabian Sea,7741.8,-430.0,31.91,29.14,6.19,10.26,40.78,5.38
8.3,-84.9522,-146.8752,Gulf of Mexico,6521.1,338.1,32.98,-0.77,5.22,73.15,43.97,1.69
7.87,-87.648,165.2994,North Pacific Ocean,9582.8,247.1,39.34,1.56,1.86,24.57,19.27,6.25
8.12,69.994,67.8436,North Atlantic Ocean,1101.6,2694.6,37.35,11.33,9.03,13.54,40.7,8.83
8.25,89.0169,-111.3375,Coral Sea,10429.8,755.1,39.09,13.49,6.65,55.56,14.4,6.82
8.35,-25.6241,89.8501,Coral Sea,2128.1,-337.9,33.37,22.87,1.03,11.74,48.36,8.51
8.14,-51.656,-119.1015,Coral Sea,3087.9,2271.7,32.8,28.51,8.05,55.94,26.95,6.15
8.36,-18.1163,32.1173,Norwegian Sea,9250.4,2017.3,32.6,32.49,1.03,71.32,42.07,4.48
7.78,-71.4152,24.207,Arabian Sea,4544.6,162.3,35.23,-1.49,1.79,7.02,41.0,5.6
8.2,23.3491,-141.0144,Baltic Sea,6563.5,1058.1,36.5,6.29,6.01,67.69,46.8,6.53
7.9,-49.4979,58.9959,South Atlantic Ocean,6496.3,736.1,37.41,8.76,4.08,62.73,29.33,9.08
8.43,-32.8638,20.6213,Bay of Bengal,1451.4,2216.4,31.39,23.52,2.9,17.91,42.43,6.24
7.72,63.9808,108.7341,Indian Ocean,4411.6,1560.6,32.51,33.44,7.77,69.77,47.94,4.05
8.29,12.4376,146.9495,Gulf of Mexico,10019.4,149.7,33.58,-0.18,4.45,69.42,15.41,6.01
8.43,-65.7326,74.6197,Southern Ocean,640.0,2258.4,30.31,-0.48,8.45,45.33,3.92,5.06
8.18,-72.8058,-70.7687,Indian Ocean,7744.8,1531.3,37.18,32.32,8.54,43.63,8.38,2.96
8.29,27.7534,-62.1757,Norwegian Sea,5465.1,2409.5,31.5,26.48,4.23,42.1,17.42,0.57
8.39,-60.7212,-67.705,Southern Ocean,291.6,2579.7,33.96,24.97,8.47,15.16,16.32,2.54
7.81,-54.5754,130.9035,Norwegian Sea,5292.5,2446.9,39.61,33.97,2.84,98.12,4.9,9.33
7.62,18.3216,-6.0524,Coral Sea,4283.0,57.6,36.8,6.46,9.39,32.28,44.55,4.36
8.44,73.9037,165.0808,North Pacific Ocean,6998.2,2650.5,36.06,27.6,5.56,85.42,30.09,5.68
7.54,7.4559,55.7933,Caribbean Sea,2235.3,-34.8,30.68,6.64,1.59,34.39,42.57,4.95
7.98,-5.703,37.042,Arabian Sea,3969.5,119.8,30.71,6.95,5.52,73.65,1.66,6.68
7.82,64.5616,143.6006,Indian Ocean,6555.7,2433.5,36.42,15.64,5.49,91.88,18.36,4.25
8.05,-37.1682,32.2641,Baltic Sea,8332.5,2331.1,33.16,21.67,2.47,43.57,20.17,5.38
8.49,-83.7755,116.2231,Bering Sea,3114.4,908.8,32.97,7.72,9.06,19.73,17.69,5.59
7.55,10.3838,-0.4246,Baltic Sea,7898.4,111.6,33.36,17.49,6.13,31.0,44.09,1.74
8.27,-66.2588,35.5102,Arabian Sea,5107.3,253.6,36.44,3.09,5.72,40.1,24.1,5.92
7.52,-79.0952,-86.6826,Arabian Sea,5680.7,2909.1,31.53,32.49,9.43,28.09,22.72,1.92
7.76,-72.5328,135.4762,South Atlantic Ocean,5959.0,-256.9,39.47,24.76,2.63,58.02,49.47,3.71
8.21,-70.14,-79.9197,Caribbean Sea,1906.3,787.0,39.57,34.35,4.1,85.39,15.14,3.66
7.77,28.0188,166.8239,Norwegian Sea,3109.4,1718.4,36.99,6.9,9.32,59.18,13.55,9.8
8.11,14.8301,-41.1549,Arabian Sea,8694.8,2209.2,39.59,3.16,1.74,79.9,13.57,6.21
8.47,-32.361,-23.3041,Caribbean Sea,4796.8,1883.4,33.63,2.09,8.71,13.0,2.16,0.16
8.37,-46.2459,-2.8875,Caribbean Sea,3953.8,757.2,31.85,33.75,3.38,60.8,39.95,9.43
8.34,-89.8759,-41.9504,Red Sea,1053.2,319.9,31.82,-1.32,4.55,12.31,15.95,4.59
7.69,-61.3999,27.0245,Arabian Sea,1985.2,2171.7,35.36,-1.85,6.07,92.37,49.91,0.48
7.77,13.5924,53.9882,Arabian Sea,6027.5,985.7,31.87,24.5,2.8,96.14,3.41,2.88
8.29,10.1614,-118.0035,Gulf of Mexico,5288.2,-95.2,31.84,34.31,4.25,22.54,28.11,5.41
8.23,42.5564,119.0037,Norwegian Sea,10748.3,2915.0,38.67,19.55,6.3,65.49,32.78,7.79
7.79,-84.0632,57.99,Bay of Bengal,1987.0,2223.2,33.55,20.98,9.1,19.47,32.37,5.08
7.93,53.12,87.8306,Coral Sea,2380.9,1709.8,37.09,20.69,3.35,64.64,14.24,6.1
8.15,14.7204,158.4112,Bay of Bengal,7605.3,660.6,39.24,7.74,5.19,29.97,27.59,6.74
8.03,-40.879,111.4134,Coral Sea,4347.6,2378.4,32.81,7.65,2.94,84.45,43.49,3.34
7.96,-11.595,42.1279,South Pacific Ocean,3284.6,335.1,34.68,1.85,5.43,57.88,3.13,2.91
7.6,53.8874,-70.7079,Arabian Sea,611.7,-339.6,36.68,15.35,4.34,13.27,17.87,3.5
7.93,-2.573,34.8908,North Pacific Ocean,7140.0,842.0,31.94,4.77,9.36,40.41,26.41,9.75
8.49,37.4505,-158.4979,Gulf of Mexico,9480.1,1931.6,36.0,9.5,6.44,51.19,36.11,4.03
7.84,-16.6602,43.4974,Bering Sea,10783.9,2804.9,39.83,15.53,5.68,86.98,12.5,0.43
8.19,8.3447,-24.4724,South Atlantic Ocean,5009.7,412.9,39.73,27.59,5.0,78.29,40.62,8.84
8.01,59.9092,69.8136,Arabian Sea,6917.9,-231.8,36.55,25.56,1.71,47.51,32.25,4.8
8.29,-0.6024,-78.3495,Gulf of Mexico,2182.1,335.6,34.02,26.23,5.67,4.59,4.78,1.76
8.25,11.3617,42.9262,Red Sea,8409.6,2103.2,32.21,-1.28,2.66,11.79,32.9,1.94
8.44,-14.0103,106.9381,Southern Ocean,3449.9,1311.1,38.49,29.27,3.94,49.28,34.48,4.75
8.15,-55.6802,-142.6875,Bering Sea,9395.4,1960.1,36.66,6.36,3.95,51.16,34.21,5.82
8.45,85.223,63.9656,Southern Ocean,9243.8,2936.1,38.06,8.38,9.84,19.27,30.54,4.79
7.54,-86.2971,169.2734,Red Sea,1068.0,1274.1,38.89,24.96,4.51,16.21,37.94,3.42
7.91,-67.6431,135.3197,Bering Sea,7022.6,-188.6,39.67,18.75,9.63,18.24,20.06,1.2
8.18,38.2889,-128.0004,Indian Ocean,9199.1,2555.4,31.14,7.25,3.21,1.73,10.67,8.48
7.98,43.3238,-19.0464,Southern Ocean,5777.0,-96.2,34.22,25.48,7.95,60.7,44.5,7.68
8.43,-61.8452,-94.0047,Red Sea,7876.1,909.6,36.05,18.91,1.2,21.99,27.08,4.08
7.64,24.0874,-154.1472,Southern Ocean,2391.8,2946.7,31.13,33.14,1.6,30.9,11.34,7.99
7.98,69.28,104.4481,South Pacific Ocean,6881.2,754.2,31.06,11.04,9.51,13.59,22.79,5.62
8.36,54.0659,119.1029,Southern Ocean,6648.0,1266.5,30.02,31.4,4.96,36.47,42.8,3.19
8.26,-89.1939,55.9796,Coral Sea,2984.3,2918.0,36.53,28.76,4.54,10.83,8.42,0.97
8.29,-82.7341,-147.1664,South Atlantic Ocean,10159.9,1343.1,36.21,0.46,5.63,43.64,41.0,0.34
7.96,-6.0385,-152.2202,South Atlantic Ocean,4702.7,2801.5,34.4,2.59,3.03,42.52,6.57,2.99
7.84,-26.6206,21.1361,Southern Ocean,7759.3,636.5,32.02,3.82,7.84,97.63,37.19,7.31
8.01,-73.2118,144.7467,South Pacific Ocean,952.1,-146.3,33.08,9.43,3.75,32.34,44.92,7.58
7.7,-55.2986,-116.7289,Bay of Bengal,33.2,703.1,36.44,24.82,8.98,50.84,27.66,4.16
8.14,79.7385,47.2907,Indian Ocean,10408.3,2613.5,34.4,26.59,6.15,34.85,1.52,2.22
8.29,-23.7763,-0.2087,North Atlantic Ocean,7880.4,684.6,39.72,27.42,7.08,58.54,15.07,2.21
7.57,-50.1668,-87.4545,North Atlantic Ocean,1672.2,2276.6,36.6,33.29,5.79,73.95,5.91,5.98
8.1,-60.8457,-28.4822,Gulf of Mexico,6055.1,606.2,35.04,17.34,2.96,23.29,39.43,0.53
8.08,16.2469,-17.0204,Arabian Sea,1118.2,2978.0,30.39,5.26,4.85,90.29,37.48,9.77
7.76,-6.3939,-125.836,Caribbean Sea,8559.6,287.9,36.83,28.21,6.91,86.14,5.22,3.78
8.5,-28.5954,-116.965,Red Sea,4099.0,-421.1,35.69,7.01,3.38,81.94,6.31,5.08
8.0,-23.736,61.5985,Norwegian Sea,459.6,2301.8,36.33,13.45,9.19,20.5,6.52,6.28
8.39,-53.61,-134.1779,North Atlantic Ocean,295.0,1190.1,33.91,-1.53,2.95,38.5,17.44,2.28
7.69,44.3526,100.9794,South Pacific Ocean,2675.5,2260.6,35.25,24.35,4.07,95.13,8.02,1.94
8.25,44.7611,125.058,North Atlantic Ocean,2064.5,1495.4,39.23,28.72,1.16,0.5,23.54,1.84
7.58,-84.1554,-139.0133,South Atlantic Ocean,10953.4,1021.5,32.16,-1.45,7.76,25.39,1.5,9.82
7.57,-51.2557,159.8805,North Pacific Ocean,10476.3,1349.9,32.1,8.43,7.2,2.6,37.49,5.19
7.69,-78.9365,171.9255,North Atlantic Ocean,9680.6,1872.7,30.27,17.0,4.51,37.33,25.67,7.84
8.24,-74.2102,-160.6451,Baltic Sea,4221.3,1019.0,33.25,3.51,4.47,63.1,37.66,4.01
8.5,82.3258,-178.7572,Indian Ocean,186.2,2043.7,38.39,1.61,1.76,14.29,23.86,1.08
8.31,-8.0908,161.3054,Southern Ocean,4258.8,-9.3,32.56,18.33,3.57,87.08,3.27,5.72
7.92,-54.1031,-147.4538,Baltic Sea,8423.9,1886.1,38.42,30.14,8.26,50.32,11.56,9.99
8.14,83.79,-83.1602,Norwegian Sea,1126.1,1717.2,35.64,25.96,2.42,16.02,3.55,8.45
7.97,-4.3044,-9.221,Baltic Sea,2070.4,2529.8,31.83,12.6,2.83,79.25,7.43,6.7
7.75,33.3385,-123.0068,Bering Sea,2922.1,569.4,31.3,7.5,1.27,84.37,31.56,2.71
8.12,82.3268,-30.4453,Caribbean Sea,750.8,444.9,36.85,30.91,6.75,56.11,37.25,7.29
8.03,77.3617,153.8221,Caribbean Sea,3925.6,1886.1,32.29,26.69,2.34,89.41,4.45,4.74
8.04,83.6031,139.3908,North Atlantic Ocean,3814.5,181.2,39.29,27.93,4.03,30.52,1.28,4.58
7.56,61.099,-124.3876,Bering Sea,5118.4,2779.9,38.13,31.94,5.74,69.55,36.32,0.03
7.62,36.1488,159.9087,Red Sea,565.8,1997.0,38.2,31.1,3.87,38.72,12.03,0.49
8.0,-52.3357,75.9157,Coral Sea,2418.9,2006.6,30.49,13.6,4.76,63.03,45.27,2.68
7.86,-57.0999,169.4629,North Atlantic Ocean,5550.3,2708.7,32.42,26.53,7.22,89.71,15.97,6.29
7.93,-26.5301,-116.2601,South Atlantic Ocean,9073.7,1451.0,34.21,32.3,2.44,3.96,16.78,4.71
7.89,72.0752,-156.5732,Arabian Sea,990.0,2824.2,32.45,0.99,6.04,9.31,4.29,3.07
8.21,-45.5235,-30.5488,Coral Sea,1099.1,468.4,33.26,26.44,2.09,93.07,42.62,9.27
7.68,-52.1799,175.9983,South Pacific Ocean,844.2,757.7,31.45,22.56,2.51,12.87,34.01,4.92
8.44,13.6776,-15.9826,South Pacific Ocean,5425.9,2253.1,31.22,18.53,4.84,13.69,17.45,0.19
7.97,-48.331,52.2165,South Pacific Ocean,1994.3,1600.9,33.67,21.4,1.4,46.26,41.4,6.99
7.84,14.2912,13.575,Gulf of Mexico,4075.6,1469.0,39.14,34.13,4.82,18.11,43.11,6.49
7.52,27.2615,142.4375,Southern Ocean,4293.8,1237.1,38.8,30.43,2.67,82.96,28.42,9.98
7.86,-26.2757,132.9365,Bay of Bengal,1200.8,1662.4,35.37,34.41,5.75,69.76,3.31,9.02
8.13,-8.2195,166.1769,Gulf of Mexico,10495.3,1205.4,36.96,25.29,9.63,5.0,30.91,7.61
8.3,-5.8818,39.5937,Caribbean Sea,6788.9,2471.5,33.26,-1.64,3.91,18.53,40.56,2.77
8.23,-68.3151,22.0849,North Atlantic Ocean,8227.1,1207.4,31.45,10.71,4.98,86.87,38.75,4.91
8.07,-69.7548,-157.1375,Gulf of Mexico,7315.6,0.2,30.6,1.2,6.59,2.92,36.34,6.45
7.94,-63.2683,-68.9505,Caribbean Sea,4914.3,387.8,34.49,16.31,6.52,52.26,20.77,4.72
8.03,46.2676,-50.4906,Bay of Bengal,10432.5,2670.7,34.76,6.13,5.37,25.43,11.83,7.06
8.46,48.2172,1.3994,Caribbean Sea,3697.3,1900.5,34.29,8.03,2.81,24.31,17.95,1.39
8.47,-12.7066,-135.7175,South Pacific Ocean,10392.4,121.4,35.42,1.98,6.1,17.33,43.25,1.74
8.3,-85.1395,12.9506,Caribbean Sea,6891.9,1198.1,35.21,22.03,5.68,54.14,13.0,9.95
7.67,-87.5361,-85.1033,South Pacific Ocean,4858.5,1706.3,37.0,31.98,4.24,64.23,25.11,6.27
8.43,82.6488,169.1065,Coral Sea,7445.2,1353.7,38.54,22.77,2.64,64.85,25.6,1.36
8.15,-48.8043,-105.6677,Gulf of Mexico,9146.2,2961.2,38.71,22.34,3.13,6.66,4.88,4.3
7.98,-59.7636,-117.3425,Bay of Bengal,10188.8,1298.6,33.02,31.96,2.51,43.43,23.95,9.96
8.06,-74.7352,5.1688,Coral Sea,6766.6,2750.1,36.29,12.07,7.54,37.5,34.76,0.94
7.98,35.8891,153.2253,Red Sea,7461.4,2451.4,39.65,31.09,9.01,13.69,42.57,6.16
7.98,40.936,-140.1163,Bay of Bengal,10484.6,1592.8,35.57,23.98,5.61,8.63,5.13,7.79
7.93,82.5024,150.3736,Gulf of Mexico,5656.9,857.5,36.38,1.02,8.34,40.82,30.86,9.71
8.4,61.6862,-141.188,Red Sea,9645.7,2990.8,38.23,24.19,5.98,2.89,49.04,3.49
7.96,-85.5146,-118.0829,Caribbean Sea,5926.5,-172.3,31.29,1.48,4.08,95.24,12.89,2.78
7.72,56.4349,-122.9847,Bay of Bengal,9189.3,2450.6,31.73,24.35,2.42,35.88,38.08,3.57
7.73,84.1243,-97.0929,North Pacific Ocean,6456.8,1692.8,39.02,7.04,9.77,91.12,3.78,3.96
7.63,4.6333,90.4111,North Atlantic Ocean,2600.7,1533.4,39.45,-1.79,9.57,23.31,23.54,4.61
8.05,-60.5392,-27.0987,Caribbean Sea,2123.5,2980.5,32.43,20.03,2.36,84.71,49.57,1.48
7.82,-48.1911,112.1161,Bering Sea,3493.6,603.6,30.79,23.64,7.76,9.25,20.19,3.37
8.08,60.7731,-61.8378,North Pacific Ocean,2960.2,-395.8,38.03,32.25,8.36,17.42,35.8,3.56
8.43,83.9745,-11.0751,Coral Sea,4431.0,2121.9,32.3,-1.18,8.51,15.69,19.88,9.76
8.46,82.0745,-1.6772,Arabian Sea,7662.3,-174.0,36.67,34.59,6.8,16.33,32.95,8.0
7.81,-0.7499,-12.3846,South Atlantic Ocean,9485.1,554.3,31.43,26.31,6.97,77.99,15.2,4.58
7.72,21.0225,-36.6371,North Pacific Ocean,1768.5,2993.4,33.8,33.15,3.6,55.14,19.68,9.79
7.56,30.4161,-53.9518,Bay of Bengal,6242.3,769.2,34.87,7.55,7.8,91.13,19.6,5.28
7.77,-13.6282,124.7779,Red Sea,7278.7,1162.7,33.59,16.39,4.59,64.18,22.35,3.62
8.01,78.966,-33.3422,Arabian Sea,5942.5,574.5,36.21,18.54,7.93,50.32,23.82,0.52
8.1,57.4199,-132.6054,Caribbean Sea,730.2,2864.4,38.57,21.8,6.23,67.21,37.44,7.48
7.6,-65.791,-110.2029,Red Sea,7037.8,450.0,35.64,19.16,5.61,37.1,21.11,8.51
7.75,-66.1626,71.8132,Norwegian Sea,3587.6,1741.4,35.51,20.62,6.17,37.98,4.71,4.49
7.54,10.9333,177.6318,Coral Sea,2609.0,-247.0,34.96,34.18,8.91,2.39,31.56,9.86
8.28,6.4653,64.5023,Bay of Bengal,4889.5,-304.1,39.6,2.42,2.45,95.03,49.48,6.71
7.77,-86.613,-149.2751,Indian Ocean,7852.2,-407.4,30.2,11.01,9.03,23.28,33.43,6.6
8.07,-8.0164,8.3946,Red Sea,6030.0,2589.0,31.07,23.49,5.83,55.3,13.31,1.6
7.96,80.6735,39.6826,Arabian Sea,2782.1,-249.4,34.19,28.6,5.09,98.91,24.74,0.54
7.98,-9.8237,25.9455,Southern Ocean,1811.0,691.2,38.4,23.71,4.54,16.66,3.23,3.67
8.17,30.96,-121.5288,Coral Sea,3831.8,1204.0,39.31,23.35,8.0,19.68,30.02,6.69
7.91,36.7232,59.8028,Gulf of Mexico,373.5,884.0,39.47,28.01,1.63,40.95,44.59,2.11
7.75,-84.5242,-173.3236,South Pacific Ocean,9694.8,508.9,32.37,32.39,6.94,80.12,48.92,9.39
7.91,-39.8138,92.8073,Bay of Bengal,3207.8,2238.9,34.2,17.9,9.5,13.19,17.43,0.12
8.32,78.8521,-84.8862,Bering Sea,9752.8,2730.6,36.68,5.73,6.41,96.28,8.09,3.91
8.06,1.8405,166.9173,Arabian Sea,7915.4,2066.9,38.47,30.26,4.28,36.15,25.84,2.75
8.48,86.1938,-43.778,Gulf of Mexico,10374.8,-304.8,36.71,32.35,8.71,50.48,45.83,5.99
8.29,71.1002,-154.9512,South Atlantic Ocean,6359.4,1708.5,39.01,32.36,1.63,83.75,41.41,9.25
8.33,-39.4991,176.5942,North Pacific Ocean,8407.6,1199.6,32.13,22.85,8.42,79.91,44.76,3.13
8.28,-41.9678,48.4666,Southern Ocean,1901.6,2938.3,35.51,22.6,7.65,65.4,18.41,3.87
7.94,-26.1264,23.0339,Baltic Sea,7360.6,1702.0,34.97,3.98,1.22,40.12,24.79,8.95
8.3,1.6247,-52.0743,North Pacific Ocean,5948.8,40.1,38.57,1.74,3.99,92.6,43.98,8.65
8.13,71.4569,-16.7802,Baltic Sea,5218.2,-83.0,31.23,8.83,6.92,52.64,33.34,1.25
7.73,0.2504,-19.4898,Arabian Sea,2512.6,-5.3,35.96,5.42,1.86,67.91,47.86,7.15
7.59,51.0198,-82.6157,South Atlantic Ocean,7570.3,494.0,36.76,10.16,3.24,21.29,21.61,5.13
8.0,14.2018,-56.0273,Indian Ocean,5694.4,2230.1,31.57,13.13,6.72,23.14,24.21,9.28
8.08,-48.789,157.9444,Bering Sea,9487.0,1776.7,37.62,17.35,2.64,16.53,43.46,3.19
7.85,-14.1015,-118.4681,Southern Ocean,1020.5,1402.1,36.12,16.84,1.59,79.38,14.09,6.53
8.13,-15.7272,-2.3392,Caribbean Sea,740.2,1794.5,31.8,33.4,8.78,9.52,48.54,9.4
7.65,88.6165,145.7246,Bay of Bengal,1121.8,2287.3,39.05,30.58,3.86,34.68,37.34,4.51
8.31,8.9794,96.5884,Red Sea,3491.0,-22.3,38.48,11.41,1.94,99.19,15.24,6.88
7.9,-76.3725,178.954,South Pacific Ocean,8893.0,2066.9,30.46,30.81,2.75,67.16,21.44,8.17
8.23,13.4361,101.3192,South Pacific Ocean,6175.9,2214.1,32.08,-0.98,1.74,10.15,34.2,5.56
8.35,11.9624,-168.6076,South Atlantic Ocean,6683.8,2877.2,33.81,29.55,9.79,70.22,7.43,3.84
7.74,-3.5207,-105.2176,North Pacific Ocean,6073.9,2731.5,35.35,-0.42,2.32,74.61,46.0,4.77
8.05,-32.2866,155.1499,South Atlantic Ocean,6497.1,2674.2,35.57,6.44,4.77,88.82,6.88,5.48
7.62,-45.3736,162.0586,Coral Sea,154.3,2155.4,31.44,5.67,1.49,6.24,30.15,2.49
7.54,-52.9987,17.87,Southern Ocean,7756.8,18.0,31.11,9.49,3.77,16.68,10.4,2.61
7.54,-73.5685,-17.8515,Gulf of Mexico,8691.7,2033.0,39.33,10.78,9.71,38.93,33.69,9.65
8.45,-21.8986,44.703,Arabian Sea,10695.4,1269.2,37.38,23.26,2.83,58.67,19.05,8.25
7.54,39.5336,143.9859,Southern Ocean,7430.6,634.5,31.23,16.37,4.23,15.38,6.57,4.83
8.1,14.3411,-11.7493,Norwegian Sea,5807.9,485.3,38.88,33.26,6.76,41.8,1.42,6.78
7.56,-87.2827,50.5559,Southern Ocean,5803.4,1685.2,32.58,28.51,6.76,12.1,35.05,5.99
8.21,60.1652,-97.3432,Coral Sea,3592.3,845.9,33.84,24.85,6.99,26.96,17.56,4.24
7.99,-18.0171,18.4486,Norwegian Sea,5202.4,1131.8,36.42,34.5,5.97,72.06,15.23,2.59
7.71,36.4749,-131.3997,Gulf of Mexico,452.8,393.1,36.48,25.63,6.97,80.26,19.92,4.85
8.1,47.4672,-173.8595,Norwegian Sea,10655.6,871.0,35.09,2.24,7.66,91.07,14.55,1.38
7.83,-4.22,27.2497,Indian Ocean,1011.9,1159.7,31.33,16.79,3.42,59.08,8.63,7.66
7.65,52.626,70.9646,Baltic Sea,1795.2,1003.3,33.07,5.33,3.95,71.92,44.02,5.51
8.24,19.7474,-96.1705,Caribbean Sea,5623.6,242.1,34.81,-0.08,1.38,81.64,41.55,1.36
7.88,53.3546,-107.7166,South Pacific Ocean,4729.9,40.3,39.14,34.8,1.26,15.37,11.65,9.17
7.97,32.958,66.2195,Southern Ocean,9603.1,2890.3,33.52,31.84,9.0,78.26,3.66,3.81
7.54,-60.5352,41.3321,North Pacific Ocean,3360.3,10.9,37.98,21.04,8.27,68.63,42.0,6.19
8.06,-46.6516,115.7769,Bay of Bengal,7912.0,6.8,30.09,22.75,4.88,53.62,31.37,7.82
8.01,-13.5497,-82.675,Red Sea,4655.8,2751.8,33.16,8.68,3.97,25.89,13.79,4.4
8.25,-21.7727,72.6808,South Atlantic Ocean,4202.1,853.7,32.51,0.56,1.29,75.09,7.65,8.29
7.98,-34.0658,-111.5891,Bay of Bengal,2313.4,-344.5,38.6,27.74,2.3,37.7,11.11,9.99
8.34,-6.6545,-90.6734,North Pacific Ocean,8949.6,987.3,32.03,19.18,3.18,28.16,37.85,8.58
7.85,3.8197,2.0085,South Atlantic Ocean,2169.3,1987.7,38.97,15.1,6.55,2.33,10.07,9.71
8.25,73.8078,120.1236,South Atlantic Ocean,108.0,1627.9,35.26,22.84,3.86,89.88,37.98,2.79
7.74,-35.9928,-74.6932,Gulf of Mexico,9133.7,1584.7,38.23,16.23,8.86,37.29,13.21,5.16
8.36,-80.1084,-109.4509,Caribbean Sea,2327.0,2992.5,33.48,12.81,1.08,31.6,27.32,7.03
7.85,-33.6192,42.8389,North Atlantic Ocean,1656.3,997.5,33.12,24.65,8.93,0.67,12.82,9.91
8.24,38.9141,-56.3209,South Pacific Ocean,2186.5,194.0,31.16,17.71,1.47,42.5,40.77,5.36
8.3,-21.2849,-35.039,Red Sea,10319.6,912.2,36.31,4.34,5.64,59.29,49.42,7.46
7.66,-55.0602,32.606,Indian Ocean,7389.0,2120.1,31.57,24.18,8.23,84.96,44.92,7.98
8.3,-20.2685,-147.282,South Atlantic Ocean,7595.4,1456.0,36.51,12.04,7.39,11.83,44.87,2.17
7.79,39.5964,-68.4178,Coral Sea,1677.4,1216.6,30.67,26.56,9.6,79.84,22.24,0.5
8.1,-73.1529,29.7227,Caribbean Sea,6756.9,925.3,31.46,34.14,4.99,54.79,36.84,4.08
8.02,35.2125,-130.3282,Indian Ocean,9478.4,2905.1,39.59,16.71,6.93,73.22,19.15,5.33
8.09,-65.5846,15.8748,Norwegian Sea,7481.2,1822.0,37.37,25.46,5.26,60.18,40.16,0.93
8.29,86.3833,78.3859,Coral Sea,845.6,2078.6,31.13,17.95,6.62,90.9,0.4,0.65
8.33,-10.0422,0.1596,Indian Ocean,4764.4,1316.2,33.89,33.94,1.57,44.78,4.56,9.46
7.75,-19.5041,1.5634,Southern Ocean,7826.1,1403.2,31.37,18.91,7.58,53.51,0.7,5.51
7.69,15.3421,-124.4788,Norwegian Sea,1021.6,527.0,34.83,13.92,7.69,69.49,38.92,1.04
7.58,-64.0097,-169.2546,Indian Ocean,3957.2,271.6,39.37,11.07,5.31,48.96,32.15,4.0
8.21,-30.1272,-154.0956,Arabian Sea,7845.0,2073.9,33.3,5.63,3.31,65.01,23.42,3.87
7.98,12.9358,3.3948,Indian Ocean,9210.5,-294.8,37.67,11.47,2.04,1.79,45.32,3.04
7.65,-77.5691,-18.4245,Gulf of Mexico,7016.0,2903.3,31.19,20.32,6.2,60.16,45.08,6.93
7.98,-43.8036,112.6342,Caribbean Sea,9218.1,2566.2,33.43,0.0,7.81,29.15,45.17,2.92
8.48,-0.4758,-44.132,North Atlantic Ocean,7197.5,2293.6,32.9,15.19,4.53,83.28,14.25,8.57
8.06,31.2323,155.6142,Gulf of Mexico,10253.6,1828.9,31.87,9.41,9.86,22.98,37.61,9.14
8.37,-33.8828,-58.886,Indian Ocean,149.6,1780.3,32.85,32.66,2.27,72.29,3.09,8.56
7.59,22.5314,20.2285,North Atlantic Ocean,3844.8,2104.9,37.89,22.95,3.7,88.16,38.3,6.19
8.4,-44.7579,61.9779,Gulf of Mexico,709.9,2703.0,35.55,23.66,4.33,11.65,35.58,7.08
8.06,-11.7826,96.7312,Baltic Sea,4174.9,1313.5,37.51,22.26,6.92,95.6,40.31,6.64
8.04,-13.97,55.28,North Pacific Ocean,2720.1,90.2,34.51,23.89,1.17,19.53,7.11,1.35
7.64,-83.5995,-134.7329,South Pacific Ocean,2704.5,-197.8,33.4,8.55,5.87,70.3,15.27,0.43
7.96,79.225,67.3416,Red Sea,3172.0,1346.3,38.08,22.1,6.83,84.86,11.43,9.76
7.98,45.635,-179.6566,Bering Sea,3181.4,1779.3,36.91,15.11,7.62,1.64,22.35,7.17
7.64,15.6777,-59.0612,Indian Ocean,6393.1,2560.2,34.89,20.82,4.4,94.59,2.28,0.55
7.84,-31.7766,-7.7247,Norwegian Sea,7142.2,2667.7,38.17,14.84,9.08,37.49,3.82,7.45
8.38,58.5714,-31.5836,Bay of Bengal,2849.3,1979.3,30.96,27.2,2.89,55.69,47.31,4.94
7.53,36.8175,-85.2029,Coral Sea,1561.6,2678.1,31.58,11.69,6.16,75.4,49.8,7.42
8.02,-64.9797,129.1892,Coral Sea,4584.5,2697.8,37.07,29.5,5.33,38.27,7.78,1.31
8.28,11.5379,177.5179,South Pacific Ocean,3269.4,532.0,34.57,6.34,9.7,55.08,46.53,0.66
8.47,-42.5147,57.6121,Indian Ocean,10111.7,817.2,39.1,30.09,3.55,19.41,27.96,8.18
8.16,40.7193,-135.3376,Southern Ocean,8778.8,2411.7,37.16,16.18,4.48,17.74,29.07,5.48
7.54,-13.9614,-112.8614,North Pacific Ocean,9734.6,2956.6,30.03,12.18,7.28,96.43,40.56,0.33
8.22,-44.3321,-178.7092,Indian Ocean,1138.2,-39.4,38.08,14.0,7.26,28.86,25.25,2.95
8.23,75.2929,-47.8774,South Pacific Ocean,4212.2,2461.8,35.49,23.88,1.41,92.87,31.55,8.23
8.04,73.9329,115.2541,Caribbean Sea,9335.9,383.9,36.51,7.2,3.97,13.53,42.52,8.95
7.88,57.7636,-95.3848,Caribbean Sea,1927.3,1591.2,39.58,22.29,2.97,54.83,25.85,8.59
7.94,-72.7484,-34.5647,Bering Sea,8584.0,1216.1,39.46,18.91,9.27,5.36,40.65,6.58
8.45,45.9034,162.0579,Gulf of Mexico,9608.6,1855.2,33.84,-1.68,8.12,69.27,0.01,9.31
8.39,-75.4048,11.1753,Norwegian Sea,3013.1,2624.5,33.37,1.93,9.08,76.39,46.05,9.78
7.78,-71.183,158.3878,Caribbean Sea,10638.1,933.1,32.78,8.4,3.3,68.69,36.08,5.89
7.57,-60.7435,-162.0264,Red Sea,9200.9,2034.8,35.48,23.46,3.92,84.7,9.98,3.9
8.24,34.0476,62.63,Bering Sea,1851.2,1397.9,35.19,7.71,3.82,21.6,43.72,6.01
8.03,-20.8718,-132.8251,Gulf of Mexico,6313.9,1377.5,37.64,30.2,8.35,13.64,33.23,6.12
8.14,61.8443,-169.4423,Southern Ocean,2528.7,2612.6,35.79,3.8,9.96,52.64,14.4,6.22
8.44,44.2771,-84.7118,South Pacific Ocean,5082.5,2273.3,37.47,-1.84,1.78,12.27,31.42,2.19
8.44,48.1496,-173.0072,Caribbean Sea,5609.3,825.1,31.36,33.0,2.73,33.76,49.59,0.86
8.33,77.5586,-122.3184,Coral Sea,7381.7,1156.6,34.96,8.96,7.68,15.09,33.34,1.83
7.76,17.0088,-107.6494,Bering Sea,6764.4,-17.6,34.02,16.45,3.38,64.9,32.96,2.43
8.3,63.581,178.7986,South Atlantic Ocean,3901.3,-412.5,32.77,18.55,7.06,8.24,0.6,6.06
8.35,-43.8518,-158.6837,Indian Ocean,5851.9,963.8,37.89,12.03,3.43,19.55,30.34,5.45
7.5,75.2248,162.2495,Gulf of Mexico,859.1,1341.6,38.57,0.04,5.46,93.99,18.24,8.87
7.91,79.0804,-41.8889,South Atlantic Ocean,6157.0,1389.9,34.06,18.6,4.88,54.9,18.92,0.18
7.81,-19.7155,15.4065,South Atlantic Ocean,10748.6,2967.8,36.71,34.89,5.42,71.04,49.39,0.62
8.34,-29.9416,-167.9345,Caribbean Sea,6213.9,660.7,31.86,24.27,4.59,34.57,45.77,4.79
7.61,-36.303,-178.07,Arabian Sea,9569.3,1478.3,35.66,13.51,3.72,39.49,39.5,3.73
8.12,-3.4561,-91.9126,North Pacific Ocean,9563.5,1324.5,33.88,27.08,9.27,65.58,23.08,5.35
8.01,29.1571,67.3138,South Atlantic Ocean,10508.7,1509.5,35.99,30.2,1.79,13.54,14.31,7.9
8.43,1.2062,69.8483,Red Sea,755.2,2410.7,30.19,18.33,7.2,26.91,15.67,4.58
7.97,4.9627,30.7524,North Atlantic Ocean,7056.5,43.2,33.94,24.27,8.41,6.49,41.88,6.02
7.58,-79.0995,-13.2168,Bay of Bengal,10098.5,822.3,35.24,26.55,8.28,57.84,3.78,3.81
8.39,71.4794,-93.5154,Gulf of Mexico,8690.3,1427.0,39.74,7.31,9.61,31.24,1.87,6.5
8.1,-58.6052,121.4118,Southern Ocean,4925.6,-279.5,39.81,14.89,1.8,81.51,18.77,0.84
8.17,39.9602,26.354,Gulf of Mexico,2964.5,726.2,35.05,31.54,8.18,83.84,1.87,1.19
8.22,-35.4773,-56.2939,Bay of Bengal,3805.7,835.2,31.79,24.05,3.55,2.02,25.11,6.29
8.33,-5.3974,-126.6744,Gulf of Mexico,1347.8,14.9,33.04,14.36,6.19,11.21,48.85,6.22
8.24,-88.7208,57.3762,Arabian Sea,2310.8,2824.4,33.56,7.51,9.93,9.86,35.73,6.5
7.76,56.9434,-109.6254,North Atlantic Ocean,7845.4,649.8,32.25,2.67,2.49,30.41,12.38,0.46
8.46,82.9806,8.5383,Norwegian Sea,1909.3,1729.6,37.46,34.04,9.23,82.98,38.35,6.32
7.65,-67.7896,-23.4051,Coral Sea,9157.7,2689.5,30.55,34.84,8.8,65.95,14.58,9.74
7.91,-55.361,-107.8189,Red Sea,2797.1,1165.9,34.52,17.65,7.94,74.57,35.75,3.37
8.03,-76.9808,100.7319,Bay of Bengal,4483.1,-179.2,39.33,-1.92,9.44,0.34,20.03,0.15
7.55,-75.7946,-15.0435,Norwegian Sea,3296.2,1132.5,37.72,5.15,6.16,76.87,2.77,2.39
7.62,8.8676,-170.8699,Indian Ocean,3598.1,387.8,32.33,8.19,4.93,81.58,18.32,6.55
7.69,-60.5151,1.2417,North Atlantic Ocean,8925.5,1970.2,30.59,15.0,8.01,22.1,12.51,4.56
8.37,-50.1361,-105.6439,Caribbean Sea,7941.4,838.0,37.75,24.72,8.2,71.43,42.36,8.45
8.1,-8.7518,177.5121,Southern Ocean,4255.0,2469.4,31.23,9.12,1.3,24.58,6.59,8.97
7.6,-3.4793,53.0808,Baltic Sea,3956.0,1882.6,30.03,10.07,9.5,36.97,49.5,3.71
8.23,-38.2218,-145.149,Indian Ocean,7381.8,2685.8,30.41,4.71,2.73,3.08,5.9,9.93
7.96,86.6538,1.6779,Baltic Sea,7597.4,856.7,36.18,18.57,7.33,79.61,19.68,8.81
7.66,-69.6022,-37.6905,Indian Ocean,507.0,2254.1,31.29,11.16,4.0,31.02,37.27,0.42
8.06,-55.5353,33.3166,Southern Ocean,2373.4,2356.8,32.05,2.42,8.59,14.44,1.53,0.83
7.88,-12.7487,57.4659,Southern Ocean,6404.2,-296.2,30.4,15.18,3.99,93.58,2.69,8.35
8.15,-37.784,-16.6239,South Atlantic Ocean,6467.4,158.8,35.42,22.55,6.55,30.71,0.03,7.36
8.48,59.9312,50.0799,North Atlantic Ocean,2130.3,2084.1,30.85,15.66,7.22,74.68,28.35,9.46
8.23,-58.1684,-76.4448,Bering Sea,725.8,1581.9,32.33,24.84,9.67,87.67,3.01,9.07
8.01,38.6071,-166.6641,Bering Sea,10777.3,44.1,34.79,17.89,9.02,93.75,16.15,1.39
8.11,-67.343,-159.9211,South Pacific Ocean,1394.2,2106.2,30.19,15.17,1.42,39.25,23.35,9.01
8.27,-41.773,126.8269,Bering Sea,9594.0,2325.4,35.14,4.47,5.0,26.51,43.23,1.83
7.73,43.1903,-57.1669,Red Sea,3847.3,1316.0,31.64,12.77,6.63,15.15,3.08,4.96
7.64,-74.0011,159.6377,Bay of Bengal,9378.6,2903.7,36.05,3.67,7.48,54.78,30.65,8.87
8.08,73.3798,-9.8835,Baltic Sea,6880.7,640.3,32.58,1.31,7.15,93.25,29.49,5.29
8.25,-32.1469,123.4668,Norwegian Sea,544.1,2167.7,38.16,-0.62,5.08,85.85,39.4,3.12
7.92,-29.8877,-130.5981,South Atlantic Ocean,10027.3,2898.8,36.84,3.24,4.77,32.23,29.29,3.07
7.69,-47.8015,128.8618,Bay of Bengal,8475.6,-218.8,35.61,-1.35,3.29,30.43,47.2,2.77
8.14,66.8574,157.8213,North Atlantic Ocean,5105.3,1866.4,36.38,29.05,3.56,94.06,9.23,0.08
8.18,25.1867,163.5234,Bay of Bengal,6539.3,145.0,39.99,14.1,8.53,97.08,11.34,5.61
8.29,-82.0539,-71.829,North Pacific Ocean,3613.2,128.0,34.01,4.49,8.24,18.78,33.85,2.93
8.09,74.7899,78.811,Indian Ocean,1603.1,548.2,33.46,2.12,3.12,92.08,32.62,6.03
7.87,77.6844,-157.5173,Baltic Sea,633.7,2288.1,35.61,30.16,6.61,61.65,43.53,5.35
7.72,9.0516,-75.8428,Southern Ocean,5948.8,1915.2,30.74,0.03,2.21,20.82,11.65,6.24
7.54,-33.3059,-61.0922,South Pacific Ocean,1975.3,2259.8,30.72,23.66,4.57,85.02,25.67,6.34
7.9,-61.0597,75.2012,Bering Sea,3902.6,-472.3,36.1,29.06,2.26,47.27,3.16,5.67
8.27,-42.9754,-64.2396,Gulf of Mexico,3325.0,394.2,37.28,33.78,9.47,34.56,19.9,8.1
8.25,67.7534,-156.1296,Indian Ocean,4125.4,1328.7,37.47,6.41,6.84,21.75,12.13,9.34
8.44,-52.8515,-11.6292,South Pacific Ocean,1871.0,1426.5,36.74,18.65,3.97,50.19,42.61,2.93
7.52,-63.1182,-72.0119,Baltic Sea,8615.3,1622.1,37.49,7.16,3.48,87.24,19.04,9.13
7.68,-31.0741,97.6864,North Pacific Ocean,8073.6,1100.0,33.6,18.99,7.99,87.95,7.98,1.54
8.16,-35.7295,5.3683,Coral Sea,9006.6,1050.1,37.71,8.5,1.48,13.47,1.63,9.61
8.04,43.1978,-69.1289,Coral Sea,5360.1,2739.2,32.22,29.13,1.24,4.87,9.91,4.93
8.22,-20.8609,-160.3067,Arabian Sea,7740.7,1869.4,33.17,27.68,6.44,81.32,35.09,0.93
7.89,-53.3699,-101.6775,Arabian Sea,1479.9,1548.5,30.36,24.53,6.49,22.69,3.24,9.54
7.85,-64.0782,-118.8295,North Atlantic Ocean,6491.3,-268.0,38.86,18.89,7.06,82.75,42.6,0.79
8.2,-0.7657,-54.4833,South Atlantic Ocean,10275.5,2173.0,36.89,26.08,2.2,35.46,2.86,7.85
7.91,80.5764,-166.7423,Southern Ocean,3374.1,2256.1,39.25,31.46,8.08,49.91,34.7,9.16
7.76,-15.3536,-164.8597,Baltic Sea,6741.7,2990.8,33.24,0.65,8.42,63.29,16.94,1.87
7.8,-83.3788,149.336,North Pacific Ocean,2427.3,250.5,38.78,0.3,7.14,73.87,14.18,1.01
7.72,-40.7504,141.1135,Caribbean Sea,3284.9,1678.1,35.58,2.68,4.63,48.28,18.33,2.64
7.51,-30.8892,75.5747,Coral Sea,10485.4,1044.2,38.0,19.63,9.83,31.56,10.22,9.79
8.19,21.4972,79.5718,Gulf of Mexico,981.7,1612.7,35.21,6.09,4.35,75.11,26.25,7.37
8.23,66.1752,-151.7846,Gulf of Mexico,8480.0,1901.1,30.21,28.25,8.46,85.11,43.51,8.57
8.29,83.5522,-126.6917,Southern Ocean,9622.1,2035.4,34.96,2.98,8.56,91.18,47.41,2.87
7.68,-47.6866,-79.0982,Arabian Sea,6585.2,623.7,37.61,1.21,2.9,66.22,28.96,0.64
8.41,63.6595,0.1053,Red Sea,186.2,2030.0,39.7,14.04,9.25,6.31,1.4,6.06
7.83,-72.8869,125.2458,Baltic Sea,8343.0,261.8,36.14,23.99,7.33,32.31,36.35,0.0
8.39,11.45,174.2042,North Atlantic Ocean,4391.4,-490.7,37.07,24.43,7.73,14.24,13.62,9.47
7.77,-27.7585,100.4229,South Pacific Ocean,8440.4,2728.6,39.07,2.36,9.41,76.07,27.15,7.51
7.54,-68.074,-124.9297,Bay of Bengal,1410.5,2556.7,37.71,1.26,4.66,58.52,0.18,8.73
8.02,-54.9622,143.4114,Arabian Sea,6805.7,1823.1,38.35,-1.96,2.6,95.47,27.57,9.51
8.03,-41.6353,69.1897,Bay of Bengal,4102.3,2271.6,37.22,1.96,8.7,80.52,34.74,3.79
8.4,39.0834,-148.032,Arabian Sea,147.2,930.9,35.41,32.17,7.93,10.12,3.61,7.69
8.17,88.307,-57.437,Bay of Bengal,5842.3,-107.0,37.07,10.03,6.46,84.7,31.71,6.64
8.33,-84.237,109.3161,Indian Ocean,6519.4,1848.1,31.39,3.69,8.44,69.08,13.86,7.14
8.35,53.8278,134.038,South Atlantic Ocean,10186.2,2000.3,31.11,28.06,7.29,51.34,13.66,7.17
7.99,2.0428,89.4301,South Pacific Ocean,10149.5,2526.3,33.9,24.54,1.22,78.97,15.75,3.89
8.41,-69.0973,-6.6763,North Pacific Ocean,7691.1,522.0,31.3,33.79,3.14,11.12,34.71,5.07
8.22,-48.1916,178.5766,Southern Ocean,4162.6,2362.0,34.1,-0.38,6.67,8.27,5.21,8.25
7.61,-13.3515,-179.109,Coral Sea,322.1,2341.2,39.05,3.2,7.65,22.33,16.6,8.25
7.75,40.3737,-141.8983,Norwegian Sea,7880.4,-55.8,37.85,24.44,3.33,12.92,18.23,0.39
7.6,-46.647,-14.0976,South Pacific Ocean,4383.5,164.8,32.77,10.15,1.54,42.4,12.15,4.38
8.08,25.1294,75.3103,North Pacific Ocean,3394.5,344.7,39.29,19.72,1.32,91.84,23.29,5.9
7.72,-40.752,-170.2436,Norwegian Sea,3754.1,1258.4,30.7,21.02,3.41,54.07,27.69,1.07
8.44,58.4158,-25.7745,South Atlantic Ocean,864.2,86.7,35.14,3.57,6.44,93.16,45.82,6.45
8.39,-34.9682,-89.5754,Baltic Sea,2095.0,233.5,31.62,12.85,7.9,99.1,14.42,8.44
8.3,58.0489,21.6941,Bay of Bengal,7818.6,264.9,33.34,0.0,4.22,6.55,28.81,0.41
8.38,-32.0958,-66.9825,Red Sea,3844.0,34.3,33.8,9.77,4.19,0.33,16.33,9.5
8.34,8.7381,55.3254,Gulf of Mexico,585.0,-272.1,34.27,30.56,9.24,72.99,24.65,9.72
7.68,52.3635,-127.1026,Baltic Sea,3260.0,354.0,36.87,3.53,1.25,97.46,3.62,6.05
7.59,-72.6876,93.6101,South Pacific Ocean,9744.2,875.6,36.62,12.1,2.11,78.18,25.46,2.05
8.2,-59.8727,16.4471,Gulf of Mexico,9855.2,1722.5,35.34,30.48,6.45,56.89,23.72,4.03
7.84,82.1886,90.5581,Coral Sea,8301.7,-286.1,32.69,24.61,9.69,80.81,29.15,2.19
8.13,-57.3366,-4.1311,North Pacific Ocean,962.5,403.3,33.57,11.77,2.56,75.71,14.43,9.09
8.13,71.4956,-43.2516,Norwegian Sea,10138.6,873.4,31.91,21.31,3.07,36.17,25.2,3.65
8.36,2.5124,-94.5793,Bering Sea,9782.6,846.1,30.64,30.89,4.84,93.65,43.35,1.65
7.66,-70.4612,138.8254,Bering Sea,1534.8,2572.1,33.53,31.52,7.41,5.69,7.19,0.81
8.39,-4.1484,-22.778,Indian Ocean,4574.0,-43.9,35.68,9.3,3.53,20.25,49.6,3.84
7.82,10.8903,-8.8126,Caribbean Sea,5669.5,-33.7,35.25,9.96,5.73,25.58,11.94,3.71
8.39,-62.1926,9.7448,South Pacific Ocean,16.6,-147.4,36.48,22.68,5.73,16.53,13.36,6.44
7.7,47.6478,7.0929,Arabian Sea,3216.9,1021.4,32.74,9.95,5.78,70.02,48.46,6.8
7.66,-69.0137,31.3475,South Atlantic Ocean,3047.9,-405.8,34.64,11.25,7.71,65.98,16.88,5.08
8.12,-71.4493,-131.4865,Bering Sea,5882.6,-338.0,39.66,8.43,3.85,96.53,19.82,2.2
8.4,13.1886,120.117,Bering Sea,77.6,2966.7,33.51,0.83,4.35,65.01,32.94,8.89
7.99,60.0767,-56.0323,Southern Ocean,4942.6,588.5,34.38,14.38,8.18,52.19,24.35,1.37
7.58,20.6379,-125.1303,North Pacific Ocean,3631.9,1440.7,30.84,20.25,3.17,35.01,21.64,5.57
8.37,-81.6429,-118.2388,Coral Sea,6128.8,-168.0,31.41,30.28,6.81,93.08,22.94,6.6
8.0,-11.2832,-49.9325,Norwegian Sea,4109.9,1073.2,36.42,28.7,9.56,51.53,34.63,3.61
8.01,39.961,-87.1225,Gulf of Mexico,1915.6,1059.5,39.51,12.29,6.21,54.84,39.05,9.34
7.72,-42.5519,120.4754,Norwegian Sea,8414.6,2207.5,39.33,34.27,8.18,75.38,4.7,8.38
7.7,35.3685,136.4167,Caribbean Sea,1187.7,2562.9,35.58,-1.62,8.95,45.33,16.06,9.45
8.11,-19.0757,76.2829,Gulf of Mexico,6220.7,730.5,34.85,25.34,7.64,49.08,4.27,7.47
7.93,83.8839,112.2489,Bering Sea,1754.1,-21.8,39.71,21.53,1.83,29.09,49.58,8.82
7.65,-2.8647,-175.292,Gulf of Mexico,8805.6,318.0,35.56,16.27,3.18,62.62,38.53,8.72
8.48,62.9462,-149.1189,North Atlantic Ocean,5192.3,811.6,39.33,8.41,6.63,3.5,26.64,2.49
7.55,-27.2625,111.6096,Southern Ocean,7637.7,-29.3,38.23,11.24,8.32,11.73,33.98,9.28
7.54,43.1754,-10.7788,Norwegian Sea,2863.4,-6.0,35.18,-0.66,1.32,79.16,9.78,2.76
8.48,-31.2565,158.4291,Gulf of Mexico,911.6,-39.3,32.31,29.13,9.18,72.63,44.67,2.64
7.72,-38.7622,125.8172,North Pacific Ocean,3863.8,188.7,35.11,29.17,5.55,67.85,4.79,0.48
7.51,-58.4117,-58.303,North Atlantic Ocean,4693.0,573.4,37.33,6.6,5.68,9.37,45.83,7.71
7.9,25.2881,-64.5425,Coral Sea,8328.0,1832.5,37.38,30.87,5.68,8.68,31.77,6.88
7.72,-3.8207,137.7128,North Pacific Ocean,2980.2,1157.2,38.47,34.78,8.18,34.37,41.84,8.96
8.31,-25.0761,-23.4553,Gulf of Mexico,10078.6,1461.7,34.69,20.28,2.55,35.38,11.99,8.81
7.75,-80.0169,-18.3213,South Pacific Ocean,10138.3,1413.8,35.01,22.46,4.03,44.4,32.58,3.48
8.32,28.6687,12.5079,Arabian Sea,3734.5,2885.3,30.32,-0.35,5.78,73.57,30.48,8.37
8.03,33.4087,96.0316,Red Sea,2537.1,1338.4,34.24,22.55,3.36,92.76,2.6,3.44
8.31,-32.3854,-49.5291,South Pacific Ocean,8413.2,1536.7,38.12,3.94,4.42,14.12,0.89,4.73
8.11,28.6899,-29.6018,Bay of Bengal,5240.5,2184.4,36.13,22.0,6.92,47.47,43.55,7.24
8.26,68.432,-18.2892,South Atlantic Ocean,5448.2,1747.2,30.35,21.8,1.32,24.77,6.33,4.98
7.96,-27.4063,121.7279,South Atlantic Ocean,8694.3,-93.5,32.62,5.19,4.58,86.87,0.45,3.16
7.92,39.5487,-29.8554,Coral Sea,4725.6,-253.9,36.7,7.26,1.23,73.33,30.97,5.92
7.95,62.1979,119.759,South Atlantic Ocean,5495.0,-310.9,36.92,5.04,3.54,45.77,33.3,8.25
8.24,-11.2103,19.3581,Arabian Sea,8521.9,788.5,36.99,-1.93,9.75,96.28,22.53,5.82
7.94,-62.2912,36.0217,Southern Ocean,2528.6,333.9,33.81,27.38,2.12,49.84,3.41,7.04
7.79,-82.9349,49.8547,South Atlantic Ocean,10147.5,2516.5,35.94,17.93,9.73,18.74,45.73,7.42
8.31,43.169,-42.0545,Baltic Sea,6794.5,2627.9,35.4,17.88,6.79,1.2,35.28,2.48
7.91,4.0949,38.5211,Red Sea,7235.6,1061.6,38.55,0.9,1.57,18.25,5.03,7.12
7.95,-58.3469,-115.9369,North Pacific Ocean,10544.7,1300.7,31.34,18.5,2.13,99.78,32.86,6.94
7.58,-87.8631,-66.0353,South Atlantic Ocean,769.5,167.4,31.93,15.66,5.28,95.46,39.32,5.27
7.87,-13.1962,126.7876,South Atlantic Ocean,2559.6,-239.8,39.11,24.03,5.62,93.5,13.78,8.23
8.32,-12.7045,-49.0169,North Atlantic Ocean,6986.9,435.4,33.03,17.18,6.44,6.67,16.22,2.82
8.17,85.0719,-39.9891,Caribbean Sea,1405.1,374.1,37.8,28.94,3.45,15.64,36.48,0.18
7.63,-64.8443,143.909,Bay of Bengal,4384.8,1545.6,39.1,12.44,7.83,89.35,0.48,7.37
7.97,-56.4204,-57.279,South Pacific Ocean,6679.0,588.8,34.72,27.1,1.02,78.43,39.8,3.15
8.43,81.6102,53.3559,Arabian Sea,1641.0,36.3,33.9,5.37,3.3,66.5,10.81,5.39
7.73,-73.3164,160.1619,Coral Sea,4057.6,2740.7,33.79,1.94,3.15,80.46,7.58,8.11
8.33,57.0434,179.3646,Southern Ocean,5887.9,-322.0,35.1,7.88,2.01,59.05,9.55,1.37
8.06,59.2074,13.2218,South Atlantic Ocean,8177.9,1776.6,33.28,15.24,4.08,52.29,11.5,7.84
7.86,-50.3551,39.5811,Caribbean Sea,508.2,647.5,38.83,34.13,7.92,12.69,43.21,5.11
8.47,-24.885,-23.5848,Caribbean Sea,1893.9,1803.7,34.81,21.47,3.13,70.82,38.35,0.76
8.22,74.1286,89.9621,Caribbean Sea,3935.3,1069.3,30.25,-1.71,4.52,47.04,17.92,8.3
7.82,24.6984,78.9923,Arabian Sea,690.4,2918.2,33.24,25.22,4.05,97.43,10.3,8.18
7.69,61.2767,-43.006,Bay of Bengal,5601.8,94.4,33.31,-1.86,6.48,9.27,19.68,3.2
8.38,57.684,-159.7856,Arabian Sea,9196.0,47.7,37.62,14.14,5.73,53.03,10.19,4.31
8.09,2.8507,45.4098,Baltic Sea,6418.4,523.5,37.92,5.4,4.2,50.84,48.97,9.53
7.54,-78.4611,-167.8447,Bering Sea,10192.2,343.7,38.63,12.92,7.48,89.57,44.24,9.1
7.93,7.0468,49.8481,Caribbean Sea,5908.6,2053.7,39.21,7.74,2.62,63.2,28.98,5.35
7.94,-85.0163,113.1518,Coral Sea,5899.5,1285.6,38.25,20.71,2.27,16.07,48.24,1.25
8.28,-31.1751,27.5256,Southern Ocean,9041.7,1050.1,32.81,-0.26,5.76,59.19,42.54,2.85
7.74,-67.0415,-60.115,Baltic Sea,10565.8,959.5,33.7,3.19,2.73,77.32,22.32,0.74
7.96,-14.3123,1.2601,South Pacific Ocean,9852.0,1557.4,35.65,1.95,3.46,3.49,6.64,6.46
7.58,-73.2839,-50.7308,North Pacific Ocean,1809.9,2976.2,30.69,31.08,3.6,70.42,41.1,9.05
7.62,-17.6934,-140.0967,South Pacific Ocean,10946.3,1721.7,37.62,11.75,4.6,5.85,11.29,4.13
8.29,-83.9161,-65.7763,Gulf of Mexico,3892.4,2404.6,34.78,21.53,9.02,49.87,8.34,9.89
8.02,-32.8532,-4.5457,Gulf of Mexico,3669.0,1690.7,39.25,29.71,3.91,17.32,5.69,2.77
7.89,-18.4181,-56.7787,South Atlantic Ocean,7909.8,2391.3,37.07,34.6,5.32,52.55,11.53,3.51
7.77,-51.3101,-171.7449,Baltic Sea,5352.6,1372.3,37.13,23.57,6.65,48.95,21.91,9.75
8.46,82.71,-146.7343,Red Sea,975.3,-182.0,31.81,8.65,9.74,63.9,43.71,8.11
7.97,-37.6857,-135.7636,Gulf of Mexico,9179.3,950.4,39.58,34.3,1.77,80.2,14.54,8.36
8.06,19.7891,-30.6373,Norwegian Sea,9509.7,2854.9,39.71,20.81,1.24,70.05,1.35,3.65
8.48,-39.7624,-167.455,North Pacific Ocean,9293.6,2211.8,35.9,34.7,5.81,63.46,24.05,7.65
8.25,53.2346,-7.7177,Norwegian Sea,6029.5,1889.9,32.03,7.84,2.84,55.22,21.75,9.74
7.88,33.3422,-157.6767,Gulf of Mexico,3247.0,56.1,30.82,25.72,3.05,78.24,8.51,5.98
8.06,51.6806,148.1989,Red Sea,9403.4,-205.0,37.77,12.24,8.64,93.94,4.79,7.88
7.9,-60.6275,177.722,Bering Sea,9876.7,432.0,36.32,21.42,5.68,31.1,19.08,3.1
8.05,-26.7939,-43.2367,North Atlantic Ocean,10102.1,2088.9,31.58,21.61,2.16,17.11,27.2,4.52
8.15,-53.576,101.4553,Norwegian Sea,7432.8,1795.3,38.05,5.63,8.42,53.02,42.87,5.21
8.48,36.93,142.21,Red Sea,5889.6,-271.4,31.76,31.91,3.03,58.28,22.7,1.77
8.23,32.2324,124.3696,Arabian Sea,31.5,-279.7,31.89,28.54,8.87,35.14,22.26,9.03
8.2,85.5428,20.6455,Arabian Sea,1366.6,565.4,35.68,2.43,8.95,47.15,24.07,4.67
7.6,72.4081,-16.8591,Bering Sea,5351.2,2896.1,34.99,29.16,5.16,89.69,37.56,9.25
7.82,78.6194,-63.0633,South Atlantic Ocean,7963.6,19.8,36.25,16.81,4.2,25.96,48.71,6.4
7.78,14.3049,-148.6717,Red Sea,546.8,943.2,35.24,25.4,8.11,94.84,48.7,4.64
7.6,-63.2592,169.3479,Red Sea,5938.9,1695.6,38.32,5.9,9.52,32.31,41.62,8.44
8.37,77.9798,-158.1724,North Pacific Ocean,5029.9,1522.8,30.05,34.87,1.09,18.86,23.6,8.93
8.31,67.178,-112.5828,Southern Ocean,1579.2,780.9,33.92,14.79,3.96,30.87,14.29,0.26
8.29,-15.5296,2.6587,Coral Sea,4591.9,238.6,38.2,26.03,8.85,90.15,41.61,8.57
7.68,9.5448,-149.9061,North Atlantic Ocean,3915.4,2758.7,35.48,29.59,6.63,58.46,35.08,4.02
8.1,-72.2627,73.8692,Arabian Sea,8994.1,-350.5,39.89,6.09,3.78,17.18,29.24,3.09
8.03,-23.365,-175.6322,North Pacific Ocean,2155.5,-96.9,39.8,21.68,3.3,94.19,46.81,9.02
8.11,54.6795,126.0847,Caribbean Sea,10832.3,-123.5,39.59,17.65,1.27,91.91,0.37,3.4
8.29,85.8386,151.2712,Gulf of Mexico,9926.8,1164.4,39.8,-1.41,8.92,80.65,24.18,2.54
7.59,-2.7376,64.3391,South Atlantic Ocean,8049.1,1931.3,35.37,9.12,3.67,26.96,45.94,9.03
7.69,-38.9697,48.5846,Baltic Sea,8801.1,1204.3,35.04,2.34,5.41,85.86,6.55,7.17
7.78,49.3942,32.9101,South Atlantic Ocean,1066.5,1870.9,35.15,13.11,3.23,60.25,0.66,6.4
7.97,63.8209,-153.764,Norwegian Sea,8460.1,2413.1,30.07,8.33,7.56,76.71,23.19,2.76
8.09,24.4902,-58.0393,North Pacific Ocean,2210.0,-393.0,32.15,34.71,4.36,38.23,1.99,2.06
7.81,-3.1331,47.4189,Gulf of Mexico,9726.3,2823.7,31.85,33.94,9.95,41.58,5.73,3.94
7.61,70.8264,-104.0069,Coral Sea,4383.7,2284.4,31.32,20.23,1.22,15.1,0.95,7.21
8.01,31.7118,-178.3705,Red Sea,7558.8,181.2,32.47,13.59,9.0,29.96,28.02,2.24
7.56,-89.8229,11.0533,South Pacific Ocean,8500.2,1572.9,39.89,30.64,4.28,34.22,41.33,5.83
7.86,84.9421,-52.4922,North Atlantic Ocean,5617.2,1181.7,30.03,19.97,2.1,26.39,16.29,6.19
7.54,38.4568,-96.4736,Bay of Bengal,4640.8,677.4,34.78,8.36,7.73,28.73,36.48,7.6
7.72,-3.1267,110.7127,Gulf of Mexico,4617.7,2718.7,38.35,27.96,5.14,47.77,47.45,6.32
7.61,-87.252,72.8751,Caribbean Sea,9562.9,1758.2,33.69,10.14,9.06,65.55,6.4,0.9
7.95,-81.8239,53.1787,Coral Sea,10738.7,1026.0,33.07,8.52,7.48,9.36,10.08,9.8
7.74,84.2401,168.8942,North Atlantic Ocean,7747.9,2217.9,34.56,29.95,9.15,19.99,19.02,8.55
7.55,53.3077,55.655,Caribbean Sea,5113.1,961.3,38.06,5.87,2.65,10.03,3.57,3.47
7.8,-72.561,82.7625,South Pacific Ocean,2589.6,2923.8,32.73,5.95,1.6,74.95,6.96,2.35
8.39,44.6479,-87.1625,Bering Sea,5572.3,1579.0,38.83,31.45,8.68,89.35,28.32,4.17
8.34,-58.9077,94.6675,Bering Sea,1471.9,-153.0,32.65,25.49,1.28,79.34,31.63,3.22
8.38,-20.1466,16.7176,South Atlantic Ocean,9744.9,1526.3,33.81,2.59,8.52,50.69,8.4,7.5
7.89,1.1096,23.813,North Pacific Ocean,9163.9,1803.3,33.94,-1.11,8.29,10.57,0.95,8.31
8.38,72.7342,-129.6254,Gulf of Mexico,8544.4,38.9,36.59,4.81,7.71,75.77,21.76,2.04
8.45,-80.6333,84.6446,Bering Sea,1330.1,2115.2,31.22,34.84,8.54,99.77,9.07,8.65
8.46,-65.8146,59.8771,South Pacific Ocean,5746.5,1873.6,32.71,31.92,9.6,71.51,27.73,2.76
7.62,48.957,-125.8504,Arabian Sea,4966.7,-263.3,31.23,6.62,6.29,3.57,3.73,5.77
8.32,89.2997,-115.3654,Baltic Sea,2524.2,871.6,31.39,19.07,9.48,42.25,37.68,2.86
7.84,49.7365,130.7871,Coral Sea,7286.6,2812.9,34.41,19.19,7.13,24.38,25.37,1.99
7.95,49.9774,42.7321,Baltic Sea,10002.0,-32.2,36.18,26.52,5.44,86.61,44.12,6.63
8.16,5.4019,-125.1467,Caribbean Sea,6305.0,1251.2,35.95,10.46,5.35,64.08,49.53,1.77
8.26,-28.0005,-102.3559,South Pacific Ocean,10082.9,2223.6,37.44,0.55,5.98,94.28,38.68,9.47
8.4,-64.5373,-11.3092,Bay of Bengal,9286.5,-129.6,36.5,16.68,9.3,83.44,43.04,2.64
8.46,-57.1976,144.4369,Bering Sea,4580.3,2354.7,37.93,9.63,5.48,73.88,12.66,9.13
8.27,-10.1916,1.7151,Arabian Sea,562.3,1432.7,38.93,27.59,3.25,36.21,1.11,0.98
7.74,83.4488,-114.8431,North Pacific Ocean,4996.5,858.6,35.91,7.88,1.52,33.28,32.13,4.1
8.01,19.2978,125.2262,Caribbean Sea,5032.8,-121.6,39.65,12.99,1.65,78.68,30.71,4.57
7.85,65.9173,-29.7419,South Atlantic Ocean,4157.7,959.7,32.53,4.5,8.58,87.83,13.5,6.5
8.37,-46.007,70.191,North Atlantic Ocean,2444.0,1687.2,37.56,-0.77,5.96,8.73,26.22,9.26
8.0,-19.3074,-131.5873,Caribbean Sea,5415.8,2134.4,36.8,0.16,8.44,31.06,17.23,8.37
8.36,41.649,95.5242,Red Sea,8340.3,1140.3,35.96,31.84,5.64,19.86,28.19,2.22
8.47,-77.6929,150.6316,Gulf of Mexico,5627.5,1240.1,31.2,0.77,3.35,3.3,39.82,8.86
7.79,-40.3971,116.2835,Baltic Sea,3684.4,2082.0,33.88,14.52,8.92,0.91,18.76,4.81
7.53,11.5964,-168.9346,North Pacific Ocean,1440.8,869.4,36.3,15.82,5.28,39.41,15.82,0.41
7.71,35.924,31.4553,Coral Sea,7400.7,-113.7,37.95,27.19,1.87,35.77,27.14,8.24
8.14,-11.5504,28.0151,Arabian Sea,9525.1,2593.1,30.19,-0.87,8.65,64.81,28.12,0.43
8.31,65.9781,113.7961,Coral Sea,5557.1,2684.9,32.17,17.66,9.56,1.62,47.53,4.36
8.25,15.1911,178.0008,Indian Ocean,1453.9,849.6,39.05,26.05,9.98,95.19,3.1,2.42
8.3,27.2242,155.4764,Norwegian Sea,2522.2,2952.4,30.33,-1.94,6.1,86.15,42.91,7.79
8.42,-41.2932,-143.1057,Bay of Bengal,7805.4,882.9,31.27,6.73,8.25,8.66,45.7,2.64
7.72,-30.9888,93.8711,Baltic Sea,1494.9,2106.5,37.74,8.64,6.71,94.96,19.59,3.82
7.55,-82.7121,154.0927,Baltic Sea,5601.5,1264.5,35.84,16.37,5.3,97.73,12.6,8.81
7.83,-76.4949,-33.2855,Gulf of Mexico,337.2,2897.0,39.66,20.62,9.96,0.12,49.24,0.35
8.35,83.4694,154.6481,Caribbean Sea,3279.8,2724.7,39.21,0.08,6.17,58.1,5.08,2.98
8.23,9.0972,145.5087,Arabian Sea,1962.5,2117.9,37.01,28.93,4.07,18.28,23.43,3.69
7.53,-68.0954,50.482,Norwegian Sea,4776.6,2857.2,31.32,28.33,4.5,92.82,8.62,3.27
7.65,-33.9511,146.7034,Arabian Sea,7230.6,-35.2,32.85,32.03,8.67,80.95,27.58,8.91
8.43,24.173,86.3392,Indian Ocean,4122.8,2370.4,33.82,29.38,3.98,5.33,26.78,9.48
8.0,64.509,45.5143,North Atlantic Ocean,7356.0,663.2,31.91,2.53,9.04,98.52,11.95,5.46
8.14,-78.1546,-67.4861,Gulf of Mexico,5228.1,2283.0,39.05,19.28,7.09,64.99,1.12,6.49
7.59,-8.2958,21.0119,North Atlantic Ocean,8406.9,2295.2,33.51,0.13,1.33,54.25,46.24,9.77
8.08,-77.6589,64.9616,South Pacific Ocean,1500.5,1937.9,34.4,27.7,6.94,49.69,39.18,9.02
8.35,-6.8114,7.5786,Gulf of Mexico,7040.2,925.0,35.2,34.11,4.82,89.79,28.47,7.91
8.4,39.9655,0.4796,Southern Ocean,9621.0,-160.8,39.79,4.13,3.44,79.33,6.47,4.31
7.95,49.2445,142.0953,Caribbean Sea,9962.2,2143.8,35.1,21.02,3.65,40.85,10.37,4.07
8.09,-40.596,174.5155,Red Sea,9929.2,508.5,34.51,25.03,6.51,51.02,16.65,8.94
8.23,-41.8872,77.9948,Red Sea,10068.4,178.1,30.09,3.7,9.2,15.51,18.78,3.12
7.9,87.8564,-56.5528,Gulf of Mexico,9752.0,-369.9,30.87,6.03,1.62,88.39,26.43,6.82
7.79,-69.023,142.6302,South Atlantic Ocean,8544.5,2448.9,37.63,11.81,3.78,10.03,17.08,9.29
7.59,26.1654,116.1641,Arabian Sea,2174.4,1096.4,32.22,4.82,1.83,63.27,37.82,5.72
7.7,42.5601,86.7503,Arabian Sea,5521.1,1242.2,35.42,9.9,4.74,21.38,36.89,5.46
8.48,49.2195,-39.7384,North Pacific Ocean,2991.7,1546.1,31.07,34.99,9.65,36.73,5.65,6.2
8.37,29.8924,36.9774,Arabian Sea,3770.9,1964.3,38.84,32.76,7.89,61.44,38.34,4.86
7.85,-15.2467,-40.7274,North Atlantic Ocean,9800.0,1136.2,33.72,-1.86,9.31,42.77,5.95,6.54
8.33,-68.6995,-117.6659,Indian Ocean,10495.2,2437.3,30.92,26.74,8.87,64.34,16.92,5.0
8.26,12.8595,99.6903,Arabian Sea,1197.9,1867.6,31.68,20.08,4.91,59.6,17.58,2.11
8.47,16.0564,71.8907,South Atlantic Ocean,5279.8,2199.9,32.86,27.19,6.68,7.59,38.57,3.19
7.54,27.4406,-71.288,Arabian Sea,3601.7,171.5,31.95,15.97,6.39,61.39,24.23,5.72
8.08,76.9476,3.7995,Southern Ocean,3565.9,2511.0,37.4,13.15,2.42,43.81,20.17,1.72
8.2,-10.9758,34.7173,Norwegian Sea,6360.1,2404.6,34.18,-1.82,6.05,39.93,30.52,7.29
8.33,82.5445,110.0661,South Atlantic Ocean,5193.5,2160.4,37.01,11.65,6.18,29.7,47.39,0.7
8.3,-51.3211,-169.8166,Baltic Sea,10974.7,-332.1,31.22,24.13,7.81,74.93,46.71,1.26
7.78,-44.1766,133.9425,South Atlantic Ocean,7766.4,2509.6,33.7,27.85,1.18,27.36,4.56,3.68
8.2,-67.2746,-42.748,Baltic Sea,10741.2,983.8,36.3,2.44,5.32,12.69,15.1,0.69
8.31,-76.4782,8.0621,Baltic Sea,1250.9,2747.8,31.58,0.72,9.1,94.41,7.6,4.55
8.02,-6.4883,-12.531,North Atlantic Ocean,6301.1,86.2,35.41,28.41,4.1,14.35,48.62,5.4
8.0,24.2137,104.0201,Norwegian Sea,10702.4,-212.6,31.14,9.75,5.62,9.99,14.3,6.13
7.94,-19.2883,58.3236,Bering Sea,3642.5,178.9,32.47,29.12,5.94,77.29,13.45,4.42
7.71,9.3617,88.506,Southern Ocean,5734.2,-436.3,36.96,34.53,6.69,25.55,0.63,8.92
8.33,-17.7459,169.5526,Arabian Sea,8165.4,1694.8,30.89,3.89,5.63,33.44,30.06,6.99
8.0,-81.9192,100.3158,Baltic Sea,8536.3,-351.1,31.75,8.12,6.99,96.76,13.44,3.49
7.63,-58.649,84.648,South Pacific Ocean,9476.0,2540.7,38.44,26.21,8.3,38.82,41.45,9.51
8.41,-41.7632,-131.0208,Indian Ocean,8189.0,1698.2,39.43,11.43,7.06,24.68,4.36,0.48
8.34,24.2762,-53.15,Coral Sea,10772.8,-113.6,39.98,-0.64,5.27,24.32,27.36,5.68
7.92,65.7079,33.9538,Indian Ocean,8166.2,-218.3,37.75,16.51,3.91,35.73,22.59,0.53
8.28,-57.2618,-73.4962,Indian Ocean,641.5,531.3,36.07,11.6,1.78,81.21,8.41,5.63
7.67,-49.2824,55.4201,Bay of Bengal,7992.4,632.4,33.81,2.67,8.76,29.01,23.81,8.93
8.47,38.7238,-85.4393,South Atlantic Ocean,4054.6,-19.0,35.95,4.29,6.98,94.54,23.13,3.72
7.59,82.0956,-65.601,Arabian Sea,5532.7,97.5,32.23,9.83,5.76,40.59,21.23,4.01
8.38,-26.4596,-168.0332,Southern Ocean,4793.7,1853.0,35.7,28.31,6.84,19.42,10.25,5.67
8.5,-32.3657,-96.6472,North Pacific Ocean,6295.4,1194.3,31.91,3.63,7.53,16.15,14.49,0.07
7.79,-24.9673,4.183,Caribbean Sea,9789.8,1554.2,32.34,16.34,1.37,46.2,29.87,8.32
8.31,-59.3911,48.3581,South Pacific Ocean,1939.7,2019.1,38.18,17.79,9.33,90.96,10.88,6.21
8.41,-1.3985,-21.0863,South Pacific Ocean,8663.4,2327.1,33.83,1.61,3.18,48.37,10.73,9.67
8.45,7.8269,-57.4225,Red Sea,10553.3,316.4,32.75,18.38,9.28,25.61,17.28,7.75
8.22,-61.6932,23.3873,Indian Ocean,7488.9,2162.5,38.73,16.95,1.18,62.5,24.38,5.66
8.12,-49.7038,-157.3787,Bay of Bengal,8130.7,-151.7,38.78,23.58,7.59,5.5,26.58,3.21
7.6,-53.63,-81.6657,North Atlantic Ocean,4224.8,-311.5,32.89,27.53,6.99,67.84,5.49,8.85
7.97,19.0399,-41.0351,North Pacific Ocean,5604.9,1279.9,30.38,29.0,3.42,77.7,21.1,2.85
7.89,38.0799,-7.2309,South Pacific Ocean,8107.0,2036.1,32.17,17.18,2.43,23.24,25.94,0.81
7.52,-34.9888,110.6371,Baltic Sea,5907.9,2879.5,32.26,18.69,2.41,21.75,27.09,3.56
7.79,47.7705,91.2336,Caribbean Sea,342.7,991.3,34.9,21.47,2.62,90.28,12.46,1.54
8.24,73.6506,-9.9363,Arabian Sea,6900.3,957.1,34.77,33.99,8.27,45.48,35.53,5.52
7.8,3.2946,-2.8084,Bay of Bengal,10498.9,1597.6,34.35,0.72,3.42,14.94,23.17,4.58
7.53,73.7428,72.8512,Coral Sea,7801.3,2774.0,30.71,18.56,1.23,4.26,25.93,7.33
8.27,22.7407,0.6676,Red Sea,9817.5,1901.3,36.73,-0.95,5.51,79.77,23.58,7.38
8.31,-54.8034,-132.3776,North Pacific Ocean,2325.7,2319.4,31.28,25.03,8.59,9.2,31.46,4.29
7.53,-43.7647,-13.9069,Coral Sea,5648.8,1314.9,37.48,27.35,6.02,45.33,5.01,0.4
8.34,16.2376,36.8779,North Pacific Ocean,4771.4,1888.0,31.65,-1.29,1.38,27.89,13.36,7.25
8.3,-49.4776,30.9394,Caribbean Sea,7041.7,-82.6,35.85,29.05,1.22,85.0,12.56,1.09
8.12,-89.3309,-133.9622,Coral Sea,1583.2,1104.4,38.41,12.87,3.38,52.75,36.98,5.48
7.54,-43.2112,169.345,North Pacific Ocean,4821.3,2556.4,31.99,8.95,3.1,74.94,18.32,4.93
8.44,-80.735,-47.7041,North Pacific Ocean,7646.9,69.9,37.57,2.68,7.99,73.57,4.03,8.6
7.6,71.5857,175.6345,Norwegian Sea,5793.7,2267.4,32.54,2.0,1.16,54.7,30.41,7.64
8.22,33.6064,114.4888,North Atlantic Ocean,1366.7,2727.5,36.61,10.87,1.52,41.14,28.0,0.13
8.26,-84.6946,-93.3492,South Pacific Ocean,5918.7,2712.6,39.34,12.65,8.96,74.61,40.69,1.12
8.45,-81.2895,150.5683,Red Sea,8088.0,2884.9,33.07,34.46,9.1,79.95,5.4,4.27
8.45,-84.8148,-96.6726,North Pacific Ocean,7306.3,118.4,38.23,32.26,8.76,84.43,5.68,4.79
7.78,53.4141,-130.4576,Norwegian Sea,8657.0,2755.6,31.3,32.96,3.59,80.66,20.08,9.91
7.73,51.4671,-27.5871,Indian Ocean,3815.9,1968.6,36.99,9.94,3.35,82.61,34.55,2.09
7.91,42.7916,-129.1749,Coral Sea,8591.1,2997.0,32.32,6.07,6.94,82.82,29.1,7.88
8.44,-62.9365,-162.7483,Indian Ocean,6590.6,2773.8,33.08,2.0,8.66,85.79,30.55,4.01
8.22,87.5943,-63.0164,Bay of Bengal,8129.9,1863.5,33.14,13.39,6.24,40.14,11.14,8.45
8.41,62.1767,-73.3827,Caribbean Sea,5014.9,2689.9,37.15,11.06,1.27,67.16,25.09,4.57
7.72,25.7175,152.52,South Pacific Ocean,2135.2,432.4,36.62,9.48,8.42,98.15,32.87,6.95
7.57,32.4115,-27.548,Arabian Sea,10898.9,2288.3,31.64,0.5,5.71,3.09,37.22,6.01
7.52,-20.8994,176.6484,Southern Ocean,8917.6,1339.5,38.43,11.75,4.97,55.09,44.17,0.22
7.57,12.7104,-135.7137,Red Sea,8386.8,2302.6,33.08,29.14,1.08,3.65,28.69,5.3
8.34,-27.9429,11.323,North Atlantic Ocean,10113.9,2647.0,33.03,21.45,9.69,57.46,24.78,5.26
8.37,38.587,79.1061,South Pacific Ocean,10719.7,1994.6,31.78,29.93,5.83,86.93,41.82,2.52
8.42,-29.5506,-68.6176,Norwegian Sea,4097.0,1436.7,31.8,0.12,7.38,78.16,35.93,8.94
7.91,81.1333,-127.5176,Arabian Sea,953.6,-383.5,35.21,7.28,1.04,73.88,23.64,5.3
7.97,84.1979,41.2837,South Pacific Ocean,7669.4,1360.2,33.73,7.69,1.24,16.55,13.06,2.03
7.69,-44.4489,29.5492,Bering Sea,9495.3,158.2,34.13,18.26,1.82,54.91,2.77,6.32
7.94,58.2231,-59.2103,Southern Ocean,7608.2,2539.8,33.9,33.22,1.1,37.93,2.26,8.41
7.66,-71.7755,-86.6359,Norwegian Sea,6109.7,1764.6,36.85,34.13,6.25,25.66,15.34,4.06
8.12,-43.8021,126.5339,South Pacific Ocean,6005.7,363.7,30.83,30.82,1.98,87.03,42.5,2.05
7.52,-42.556,162.767,Indian Ocean,1535.2,879.4,33.06,13.87,9.46,43.81,6.49,5.31
7.93,22.1101,71.9386,Norwegian Sea,2344.0,622.2,39.59,29.59,9.28,13.33,7.88,7.81
8.48,75.3185,0.3018,Bering Sea,1851.3,2732.6,34.81,30.86,3.02,77.52,18.34,5.17
8.49,-36.5729,-147.0221,Baltic Sea,4486.0,2792.5,31.31,19.71,5.45,15.83,39.82,8.41
8.27,-13.4561,-142.139,Coral Sea,5815.7,2437.3,35.02,10.94,4.99,52.94,38.47,1.85
7.8,-19.7962,-14.1175,Arabian Sea,5515.6,662.8,38.38,15.22,4.5,64.42,26.28,3.78
7.7,-21.5391,144.2486,South Pacific Ocean,3124.7,2152.5,33.61,18.33,5.11,86.67,43.07,8.41
7.54,13.7314,97.607,Indian Ocean,2127.4,1552.8,35.42,20.42,4.12,52.1,24.28,5.89
7.92,31.1876,69.3655,Baltic Sea,6581.6,614.8,39.15,7.02,3.42,4.58,0.16,8.14
7.96,-18.3708,-86.6894,Bering Sea,3605.6,2752.9,35.56,4.53,3.07,66.62,8.82,7.14
7.58,55.1763,-130.437,Indian Ocean,1028.8,1078.8,36.58,18.28,8.02,32.69,0.88,4.5
8.37,15.8372,142.3496,South Atlantic Ocean,6563.3,379.1,30.22,11.03,2.37,32.0,6.89,1.36
8.15,-41.0867,-112.5875,South Atlantic Ocean,8691.1,286.6,38.04,25.98,1.98,15.48,2.91,4.84
7.88,-23.1146,-96.0147,Bering Sea,619.4,1765.2,38.31,14.29,1.5,40.62,4.29,7.12
8.36,83.4687,95.3519,Indian Ocean,3671.4,1773.8,35.96,6.77,2.19,60.65,10.67,2.83
7.91,18.4634,100.5266,Gulf of Mexico,2133.4,2800.7,30.91,12.0,1.66,0.46,37.56,4.16
8.35,0.132,67.1,Indian Ocean,7652.0,-99.3,39.75,25.82,3.36,56.38,33.99,7.69
8.0,-45.525,-127.8094,Baltic Sea,9698.6,163.1,36.84,-1.12,5.33,95.03,19.3,6.68
8.14,5.952,-112.6529,Baltic Sea,1985.7,260.4,34.44,25.26,8.23,76.11,11.85,9.16
7.61,-75.3171,120.8887,Gulf of Mexico,10203.2,860.0,38.76,6.0,5.59,36.28,39.51,0.08
7.76,-17.9828,-64.4438,Red Sea,3097.5,1304.3,34.08,19.19,5.65,88.08,6.19,6.2
8.15,65.96,19.7565,Caribbean Sea,2106.5,1109.8,36.42,11.61,8.93,68.56,20.06,4.64
7.91,-12.2564,110.6594,Bay of Bengal,10728.6,2722.9,32.24,21.77,6.04,19.65,27.36,6.72
7.63,61.5381,-79.005,Red Sea,8556.2,1884.0,38.93,1.41,5.57,80.9,14.82,6.89
7.65,-82.7981,-116.7441,Arabian Sea,3914.5,2311.6,35.29,-1.26,9.21,71.9,5.06,4.16
8.21,-65.0607,-52.305,Southern Ocean,6287.4,2474.1,32.36,25.48,9.85,48.23,22.23,5.36
8.18,42.0376,8.2672,Baltic Sea,5995.1,1315.2,30.86,14.72,8.9,7.36,26.76,1.0
8.22,43.991,-21.5882,Red Sea,1504.6,1671.3,38.99,14.13,2.86,12.78,17.15,9.6
8.22,26.2689,-80.4084,Bering Sea,10338.8,610.1,31.97,6.06,9.93,60.23,19.4,3.18
8.46,75.8371,-36.1594,North Atlantic Ocean,6283.5,2168.5,39.9,27.91,1.44,29.57,43.09,6.47
8.47,5.0191,89.8122,Caribbean Sea,8083.5,1804.6,31.43,7.83,2.16,59.63,32.98,2.16
7.93,40.8016,20.6102,Norwegian Sea,8760.4,1363.7,34.61,27.44,6.8,9.56,45.42,8.33
8.28,-41.1046,-67.7922,Arabian Sea,6249.7,338.3,35.3,7.31,3.45,74.66,43.96,5.5
8.24,20.5631,2.6452,North Atlantic Ocean,3733.7,2587.0,32.46,12.52,6.9,95.03,39.28,4.29
7.67,49.2272,95.4893,Indian Ocean,5948.5,471.7,39.93,0.55,7.76,44.33,46.0,1.82
8.28,35.5622,-74.5597,North Atlantic Ocean,10761.6,1247.1,35.77,15.59,1.21,94.42,6.5,5.66
8.34,55.5969,-113.1224,Caribbean Sea,8834.1,1977.3,35.71,24.79,4.33,38.46,37.66,0.95
7.54,-17.4432,18.2465,Gulf of Mexico,10995.1,129.1,38.74,19.45,2.35,52.26,1.79,8.99
8.02,-39.1193,-7.2459,Bay of Bengal,1537.3,2724.6,35.82,25.48,5.63,94.79,39.55,5.58
7.75,-40.4009,32.1683,Southern Ocean,1091.8,-90.4,34.77,18.73,1.84,53.37,42.86,6.73
8.43,54.7181,-140.1021,North Pacific Ocean,7775.2,2128.7,34.76,31.09,9.2,38.97,37.94,5.63
7.58,63.7355,-101.2469,Caribbean Sea,7307.3,2474.9,37.15,34.46,2.76,18.29,44.43,3.32
8.16,-52.5135,-157.5862,South Atlantic Ocean,3496.7,1744.0,33.49,25.67,7.38,96.34,20.75,5.62
8.15,-23.0586,121.3898,Baltic Sea,4787.9,-198.6,35.11,14.64,2.5,15.72,37.86,0.87
7.62,75.6836,-37.1188,Norwegian Sea,2001.6,-294.3,33.23,15.58,9.69,57.62,17.72,8.22
8.27,-87.5163,141.5826,South Atlantic Ocean,4128.4,2091.1,38.94,21.92,3.9,94.69,7.76,0.66
7.77,-27.4297,160.4074,Arabian Sea,10216.5,1921.7,32.05,5.74,9.02,1.05,16.48,8.74
8.19,20.4812,-158.9118,South Atlantic Ocean,3991.8,2879.9,35.76,9.68,3.98,20.71,10.72,1.34
7.75,-63.5239,-22.3925,Coral Sea,2274.6,2476.3,33.21,13.8,4.69,33.0,26.8,6.39
7.89,33.365,-22.486,North Atlantic Ocean,2908.0,-246.3,35.53,4.5,3.75,75.65,10.55,1.82
7.83,-37.3528,53.3594,Bay of Bengal,5535.1,835.2,35.21,-0.47,1.55,13.06,47.94,4.6
8.1,79.7062,-154.3678,South Pacific Ocean,5227.4,1615.0,34.63,18.39,1.15,80.87,27.85,0.09
8.12,-76.5758,156.5014,North Pacific Ocean,1050.9,-134.6,34.52,14.95,3.03,34.6,0.55,6.39
8.02,66.0103,102.7566,Indian Ocean,1206.0,336.1,34.41,28.7,1.44,84.22,43.17,9.11
7.65,18.1532,-171.7782,Red Sea,2627.4,3.4,34.11,19.99,2.65,93.64,34.72,9.72
8.15,21.4565,-112.2849,Norwegian Sea,8045.9,1608.7,31.42,27.9,6.3,35.01,21.0,5.59
7.74,-87.149,116.8965,Caribbean Sea,4957.6,1978.9,39.28,11.24,2.13,65.88,11.29,7.69
7.93,73.0637,-99.6672,Indian Ocean,1315.7,139.2,39.77,21.84,9.02,32.59,32.14,0.77
8.48,62.8964,-47.5933,Coral Sea,7495.5,2509.5,34.63,19.25,8.37,41.64,19.56,4.86
8.35,-9.2566,54.631,Baltic Sea,142.0,508.6,34.44,29.45,3.38,35.61,10.82,2.55
7.78,-2.749,-154.9297,Red Sea,6552.0,2524.0,34.03,22.02,3.71,32.38,26.96,9.18
7.72,-37.7193,62.9075,Coral Sea,3807.4,1808.0,32.18,-0.83,8.15,47.77,8.76,5.06
8.07,-30.7629,-82.6744,North Atlantic Ocean,532.0,1931.7,30.76,18.48,6.24,0.79,3.99,6.69
7.59,-4.0865,-118.2479,Bering Sea,1354.4,753.6,30.23,21.86,8.91,27.36,29.5,0.62
7.98,-75.8839,-144.3974,Caribbean Sea,8232.7,2514.0,35.64,24.56,6.64,68.28,10.49,4.51
7.96,-75.967,-123.7916,Coral Sea,2712.9,1690.1,37.09,23.12,1.65,25.11,10.61,0.01
8.49,56.9772,18.7744,Southern Ocean,3000.3,1139.1,30.92,32.65,9.96,23.1,36.23,6.72
7.53,-22.0175,157.5279,Baltic Sea,5361.2,181.8,34.89,14.56,6.1,29.14,47.01,5.15
8.38,86.3306,65.313,Gulf of Mexico,1717.2,-279.4,31.7,-0.96,1.15,97.34,15.41,8.74
8.43,-74.3008,-17.7703,Indian Ocean,10657.7,2866.6,31.55,0.23,4.23,52.03,5.41,8.7
8.15,78.6584,168.9061,Indian Ocean,4181.4,2895.7,37.35,6.94,6.28,75.16,20.24,2.04
8.04,27.0401,-93.5561,Baltic Sea,4906.1,1411.1,39.22,-0.87,6.71,14.34,14.13,7.28
7.64,-34.5754,117.4331,Indian Ocean,799.7,957.6,39.06,7.05,8.22,28.56,16.4,4.4
8.18,-42.0831,-121.7091,Southern Ocean,6134.1,2359.1,32.84,1.24,5.62,77.08,45.83,8.94
8.24,81.9823,-99.3859,Baltic Sea,8777.4,925.4,32.59,6.12,3.85,69.23,23.79,1.58
8.19,-28.9791,-6.1535,Southern Ocean,4636.4,1018.9,35.08,1.92,6.47,72.76,12.13,6.67
7.58,4.7312,-143.0933,Baltic Sea,1825.1,2637.4,39.69,0.33,3.67,43.77,38.76,2.99
8.29,81.881,-75.4244,Indian Ocean,279.7,635.2,30.44,0.24,3.98,80.38,32.92,5.75
7.73,-52.7605,61.2988,Bering Sea,3820.1,420.1,39.33,15.22,3.45,72.35,28.52,0.53
7.76,-57.1669,-13.3549,Indian Ocean,9472.1,2801.5,31.5,7.59,3.9,61.13,12.72,0.26
7.89,-51.1913,22.9096,Gulf of Mexico,1110.9,-209.9,33.46,34.25,8.59,74.41,24.58,7.3
8.16,-47.5655,-161.5077,Arabian Sea,10516.1,-56.6,32.77,1.19,2.62,45.49,47.62,7.46
8.07,36.8985,-89.7928,Caribbean Sea,9613.3,1182.2,36.89,1.12,2.67,17.86,43.71,6.98
8.2,-58.957,95.9692,Coral Sea,456.5,2896.1,37.39,24.11,2.51,87.83,3.36,3.63
8.16,-82.7972,26.5178,Arabian Sea,901.4,2676.5,37.61,11.54,8.69,63.7,12.6,2.04
8.2,39.5378,-179.6292,Baltic Sea,4896.0,2290.2,30.78,0.59,7.93,24.11,28.81,2.9
7.8,83.4257,36.6173,Southern Ocean,880.4,1873.8,30.81,21.94,9.25,89.77,3.92,4.98
8.18,8.189,-132.0806,Southern Ocean,10487.8,1497.4,39.04,20.36,3.13,93.89,32.29,4.38
8.3,-24.5682,-132.4247,North Atlantic Ocean,253.6,1544.6,37.95,18.71,5.71,42.17,33.74,6.85
7.56,-84.4339,154.4973,Caribbean Sea,10363.0,1669.0,39.18,17.35,4.49,60.47,19.44,0.9
8.44,12.7081,168.5668,North Atlantic Ocean,7117.4,240.0,36.92,16.51,7.91,83.9,6.55,9.29
7.55,-30.9809,9.8249,Bering Sea,6002.5,-419.9,30.58,22.58,6.02,68.9,2.08,5.89
8.25,26.9734,32.9297,North Pacific Ocean,7194.8,348.1,36.87,10.26,8.7,41.91,16.0,2.2
8.15,82.0136,-33.4915,Coral Sea,1404.4,2301.5,39.03,15.4,7.69,5.67,29.94,7.34
7.82,-85.9676,138.0021,Gulf of Mexico,8249.1,-382.0,33.32,11.88,4.85,38.36,25.63,1.5
7.98,34.3328,8.1433,Bering Sea,2880.5,2174.8,31.08,11.55,4.47,98.74,28.39,1.59
8.42,31.1511,153.9591,North Atlantic Ocean,8548.1,1484.8,30.82,12.09,8.58,25.58,22.25,3.91
8.35,16.7734,-100.0994,Caribbean Sea,9090.8,1631.3,31.11,-1.57,8.47,57.49,7.98,4.63
7.87,40.9114,-145.8741,Baltic Sea,4782.6,-26.1,30.94,-0.0,1.99,16.29,9.7,0.88
7.89,-22.6491,175.4676,South Pacific Ocean,5012.9,1508.0,35.9,14.35,1.63,50.43,44.86,1.32
7.72,-67.8532,-2.3629,Indian Ocean,2368.8,-299.5,32.35,-0.63,2.6,69.0,34.91,7.85
7.92,-89.2099,41.2701,Coral Sea,6425.9,2284.2,30.42,32.65,3.78,78.18,35.77,7.49
8.16,-18.0067,-56.6133,Baltic Sea,918.5,2215.1,39.1,31.52,3.17,63.57,22.51,7.96
7.95,54.9829,-131.9124,Red Sea,3210.6,2004.2,36.82,15.34,5.0,5.99,4.6,6.35
8.22,16.3435,122.7475,Bay of Bengal,1837.1,-415.2,38.78,7.66,7.2,51.45,31.6,8.2
8.31,-63.4364,-127.9416,Coral Sea,9756.2,42.7,34.91,27.88,2.71,43.24,37.7,5.62
7.82,-32.7054,0.8093,Red Sea,7714.4,233.8,38.79,23.84,3.03,23.59,28.91,6.34
8.16,29.3817,119.1709,Baltic Sea,8270.8,1291.6,37.12,29.86,9.55,84.87,47.28,0.14
8.04,76.6442,57.7173,Norwegian Sea,8701.7,2351.3,37.48,30.59,6.54,54.96,25.31,8.49
7.6,64.5847,62.8374,North Pacific Ocean,1491.1,104.5,33.45,19.18,3.91,71.62,22.09,4.72
7.79,23.7992,-97.0146,North Atlantic Ocean,9606.9,1294.5,33.67,31.95,2.76,91.97,45.02,9.34
7.62,-50.6836,9.2515,Coral Sea,7153.4,2449.8,39.38,21.52,9.64,14.88,3.05,8.28
8.3,66.4997,-165.0023,South Atlantic Ocean,2191.4,807.5,35.13,6.26,9.82,80.32,13.99,9.62
8.2,75.7296,-158.2767,Bering Sea,10287.9,1100.3,39.77,7.69,5.76,56.28,48.02,7.04
8.3,73.6658,80.2768,North Pacific Ocean,4819.9,1260.6,34.36,11.63,4.06,38.84,30.18,8.61
8.14,11.9115,103.0119,South Pacific Ocean,3952.6,1918.0,39.07,30.98,1.29,85.27,6.34,4.25
8.02,66.8327,-129.9008,Baltic Sea,3125.8,636.9,31.46,34.6,9.99,0.05,5.05,9.23
7.98,52.7736,162.388,Gulf of Mexico,7054.1,1007.1,32.07,17.45,9.23,59.38,41.99,0.73
7.84,21.4172,-132.9598,Indian Ocean,4958.4,2116.6,36.99,0.25,7.3,78.9,24.8,9.92
8.38,86.7748,-28.7976,South Pacific Ocean,1903.8,978.2,38.7,-1.42,3.97,61.12,24.23,0.66
7.97,-46.0229,-109.1677,North Atlantic Ocean,8466.2,1824.0,34.96,30.58,7.03,63.82,49.09,9.19
7.71,22.3462,-144.4365,Bay of Bengal,1740.8,462.7,36.56,7.04,5.7,85.54,8.59,5.71
8.25,-85.2383,167.7054,Red Sea,4316.4,2693.4,35.77,32.22,3.96,4.8,21.82,6.58
7.84,-8.8452,-22.0559,North Atlantic Ocean,6237.0,2311.8,32.57,-0.45,8.48,8.01,40.97,4.07
7.72,60.0555,-61.0907,Indian Ocean,514.1,2705.0,38.64,0.13,7.65,85.51,46.02,4.76
8.29,-47.6889,-61.9096,Indian Ocean,7718.2,-67.2,38.35,21.99,9.82,17.49,16.42,7.11
7.95,45.2983,-104.9767,Baltic Sea,806.1,1325.7,33.95,24.6,6.6,44.77,43.19,4.85
7.7,47.0432,168.7961,North Atlantic Ocean,358.5,-162.8,30.16,7.15,2.95,3.68,10.7,3.52
8.17,24.2387,-3.9813,Indian Ocean,4805.5,-411.5,32.38,25.19,2.48,17.17,1.39,4.95
8.32,70.8242,10.8489,Arabian Sea,5155.4,2467.1,30.09,5.37,6.76,17.18,4.84,4.15
7.9,-9.1231,75.8093,Baltic Sea,3556.0,484.5,39.74,5.93,1.92,81.52,16.68,2.6
7.73,-52.4195,-33.2092,North Atlantic Ocean,4442.0,1792.1,38.06,10.35,3.84,46.06,14.1,9.28
7.52,27.2793,-79.4189,Red Sea,913.1,1727.3,37.86,-1.93,8.87,80.02,24.04,2.67
8.37,80.7592,-74.5977,Baltic Sea,6834.6,2572.4,38.13,11.48,9.78,26.95,37.69,5.4
7.95,23.4199,-54.6238,South Atlantic Ocean,8221.0,1016.6,33.67,21.15,5.21,72.18,25.18,3.08
8.39,68.1575,27.6035,Bay of Bengal,2311.7,2939.9,30.91,34.79,1.15,48.66,33.37,1.01
8.2,65.8783,119.0535,South Pacific Ocean,1974.3,864.4,36.31,14.36,8.46,46.36,12.59,6.84
7.99,-88.9136,-92.6253,Coral Sea,396.4,2780.5,36.59,3.16,4.57,74.16,18.11,7.83
8.2,-76.0677,30.2312,Bay of Bengal,5169.3,2979.0,34.87,31.58,1.46,35.11,28.04,6.31
7.81,9.4065,90.2142,South Pacific Ocean,7600.8,-375.8,39.93,22.68,2.76,26.63,41.4,7.75
7.7,64.0035,178.0325,North Atlantic Ocean,7889.8,1188.6,34.97,19.82,2.92,52.03,39.55,3.62
7.65,-20.9526,146.7774,Bay of Bengal,361.2,274.1,33.97,1.21,3.22,66.55,13.27,0.75
8.42,70.001,53.0136,Bay of Bengal,10658.6,1189.1,32.17,1.82,9.79,4.6,17.66,8.8
8.24,-26.6064,160.8896,Gulf of Mexico,10826.1,1945.5,33.57,33.05,7.37,24.81,39.77,9.35
8.44,-14.9731,158.282,North Pacific Ocean,9096.2,-369.8,36.02,23.13,8.28,54.61,25.13,4.44
8.26,-31.7427,-163.9557,Bering Sea,7561.8,2305.1,32.38,29.12,3.94,55.4,30.78,0.46
7.89,-10.4767,54.3025,Red Sea,4046.9,34.5,34.04,0.93,7.53,43.28,33.25,4.61
8.44,-7.4213,54.4645,Norwegian Sea,4295.0,1134.5,32.57,33.14,7.93,73.35,24.52,2.92
8.09,-3.4683,63.5805,Caribbean Sea,9983.2,1174.4,39.34,20.36,2.01,64.77,34.48,9.27
8.44,-38.5732,157.8717,Gulf of Mexico,3033.8,1363.7,38.65,24.17,3.28,76.39,41.88,5.15
7.71,-20.6781,-76.6099,Caribbean Sea,9629.9,-354.0,31.21,13.84,1.81,37.46,23.33,8.88
7.87,18.7535,-94.9235,South Pacific Ocean,1655.1,953.1,39.14,0.55,2.17,71.74,34.25,5.04
7.88,-88.439,-7.3401,Gulf of Mexico,3581.2,36.1,36.8,24.17,9.63,89.67,49.83,6.53
7.51,8.53,-70.6532,Caribbean Sea,4656.2,625.8,35.17,18.93,2.84,53.41,24.72,7.66
8.19,-86.7054,-64.9951,Arabian Sea,6809.9,-251.2,30.58,5.5,2.83,41.41,17.32,8.19
8.4,19.3136,-90.7456,Bering Sea,8186.1,1276.8,34.74,13.26,8.26,58.97,27.94,1.48
8.42,-21.8687,61.6277,Coral Sea,1516.3,1020.8,35.99,27.42,7.95,93.18,14.01,7.52
8.3,-6.5939,84.3281,Bay of Bengal,4400.9,1154.4,38.0,25.36,8.54,95.77,19.72,4.73
7.75,55.8653,-144.3229,Norwegian Sea,4089.8,1554.8,30.31,30.94,1.14,48.83,37.53,0.16
7.89,31.0045,107.5893,Coral Sea,3314.5,24.7,34.88,6.24,8.31,64.4,13.47,9.5
7.83,77.447,-83.5095,Southern Ocean,4963.4,2995.0,36.66,19.88,5.66,36.69,26.25,2.42
7.95,-45.6878,-132.4415,Arabian Sea,8038.0,2278.3,36.17,34.88,5.5,36.09,47.32,9.23
7.96,-18.46,-15.5305,Coral Sea,6134.1,788.6,33.87,14.65,7.63,49.6,31.0,3.58
8.39,-50.005,40.9511,Caribbean Sea,5550.4,1998.6,36.74,2.13,5.52,48.67,41.55,7.64
7.6,-57.5121,79.7674,Southern Ocean,5696.3,778.3,38.52,13.37,5.58,82.14,15.38,0.16
8.26,30.0817,36.1529,North Atlantic Ocean,7827.8,2753.6,30.42,30.74,8.6,7.53,43.6,3.15
8.07,28.2975,157.6302,Baltic Sea,6109.2,2817.5,31.44,13.3,2.55,80.03,28.39,1.44
8.19,-1.4628,-172.6554,South Pacific Ocean,7803.8,2991.4,38.38,12.32,4.59,40.59,22.27,0.08
8.39,-63.6272,148.121,Bering Sea,5529.1,371.0,33.29,-1.35,8.14,65.12,12.16,5.67
8.44,12.0987,84.0116,Caribbean Sea,7615.8,-44.5,33.84,17.77,7.66,78.2,17.44,6.22
7.51,1.653,156.9962,Red Sea,9332.7,500.2,36.89,34.85,8.5,73.47,3.09,9.52
8.35,12.367,-90.24,Caribbean Sea,865.4,379.8,39.91,6.62,9.7,69.12,18.97,7.43
7.68,-9.2204,-111.5442,Norwegian Sea,8278.8,1224.4,37.32,26.04,2.05,86.76,5.83,1.39
7.66,-75.2634,178.8333,Norwegian Sea,8955.4,-371.9,33.6,3.67,1.29,3.74,34.21,8.1
8.41,-16.0329,-19.575,Bay of Bengal,8221.6,1385.2,34.31,11.37,1.5,66.65,8.03,0.15
8.44,-33.2347,-81.7046,Gulf of Mexico,2536.1,13.9,36.56,19.57,1.9,71.9,19.15,5.93
7.9,-41.4733,105.2165,Norwegian Sea,1286.5,200.8,35.04,6.1,2.8,57.58,7.23,3.38
7.56,29.281,13.2931,Arabian Sea,10078.8,-382.0,34.68,11.3,2.66,12.11,21.09,7.29
8.31,30.716,43.2221,Baltic Sea,3753.2,2049.1,35.19,30.81,7.61,40.05,5.2,3.36
8.35,85.2553,-160.2847,Gulf of Mexico,2012.8,-23.8,36.82,0.95,2.95,55.28,13.09,9.82
7.71,24.2381,59.576,North Atlantic Ocean,7438.7,1556.5,34.03,30.75,4.1,21.79,5.19,1.83
8.48,-36.4215,68.9825,Arabian Sea,9548.3,2590.0,31.69,8.45,7.38,88.5,24.72,7.31
8.29,6.0743,-130.5633,Bay of Bengal,10842.0,487.6,35.86,1.56,4.93,57.18,16.8,6.12
7.95,24.2257,88.0592,Bering Sea,5972.0,-350.1,33.57,15.83,1.94,12.57,12.09,7.89
7.95,-16.1231,-154.9068,North Atlantic Ocean,9670.0,1160.6,34.93,8.15,7.35,8.45,22.0,8.0
7.84,24.8457,-146.2911,North Pacific Ocean,5322.3,862.3,39.82,33.82,8.54,46.57,15.58,9.31
8.24,57.3552,45.6178,Norwegian Sea,5953.4,1115.5,32.24,7.44,9.71,7.07,23.36,8.25
8.12,23.5442,160.2063,North Atlantic Ocean,6240.4,-342.0,35.9,30.18,9.2,64.66,19.08,7.97
8.28,-59.3262,-20.8673,Coral Sea,9614.9,807.1,38.17,33.9,4.79,81.17,38.54,6.19
8.04,-31.7327,-121.9192,Southern Ocean,2648.7,-307.7,33.85,11.49,5.86,63.29,42.5,0.43
7.55,83.3826,88.4019,Baltic Sea,8216.3,2732.5,36.48,11.65,8.42,4.67,3.73,1.49
8.38,-24.8756,32.2865,Norwegian Sea,3720.9,1203.7,33.07,30.7,4.23,7.16,26.78,2.63
7.95,59.4322,170.4123,Southern Ocean,1075.7,2822.2,32.06,15.57,5.24,12.18,3.13,1.78
8.23,-64.7451,-129.7186,Coral Sea,10738.8,-109.5,34.42,24.15,7.68,89.64,47.43,9.67
7.75,87.3167,96.562,Caribbean Sea,10182.7,796.7,37.71,15.16,2.5,81.16,14.54,3.36
7.76,-51.9458,-85.962,Bering Sea,5578.7,1159.0,35.6,12.52,3.69,53.15,30.37,5.37
7.87,83.0471,148.3148,Bering Sea,1693.1,2964.9,38.37,32.4,9.59,21.88,9.24,8.02
7.84,-81.0552,103.8494,South Pacific Ocean,9502.1,-46.4,32.94,14.31,1.54,98.99,12.13,0.15
7.78,13.799,-15.6876,Coral Sea,4424.1,2085.9,38.24,18.76,7.86,46.96,1.92,6.72
7.82,-57.8393,-163.8726,South Pacific Ocean,5642.5,2822.4,39.36,26.28,6.93,90.83,27.1,1.65
7.64,26.1777,66.256,Southern Ocean,10884.0,1352.5,33.78,22.91,4.24,22.24,4.07,2.61
7.51,71.8638,-13.7329,Norwegian Sea,5125.3,2804.3,39.26,33.62,5.69,65.81,17.08,9.52
8.48,-36.3236,107.2797,North Atlantic Ocean,1622.8,313.7,38.82,25.38,2.36,80.24,22.77,7.06
7.57,-17.557,86.6122,Arabian Sea,7311.6,507.3,30.79,26.31,8.06,78.54,38.65,2.62
7.85,-81.6208,89.3752,Norwegian Sea,6064.0,-365.3,36.97,12.72,6.25,61.79,28.17,8.55
8.34,13.6234,-118.281,Red Sea,1992.5,1631.2,38.1,13.34,9.68,70.89,20.28,1.99
7.5,18.6014,-22.8903,Bering Sea,2070.6,1505.5,33.79,0.98,5.77,13.19,36.04,2.58
8.28,21.2385,-10.7799,Arabian Sea,10121.3,1791.9,33.47,25.1,8.45,20.64,24.37,7.51
7.92,74.4934,102.5431,South Atlantic Ocean,437.3,2563.7,38.73,-0.78,2.35,18.03,14.6,3.01
7.71,-73.3378,-33.9668,Caribbean Sea,6855.8,1526.0,34.4,3.35,2.31,54.75,30.96,4.14
7.65,-5.1872,131.5331,South Atlantic Ocean,8693.2,94.3,36.78,27.7,4.84,53.15,30.11,3.41
8.33,-36.6294,-80.9712,Southern Ocean,4109.6,-396.4,34.77,4.95,7.79,92.55,16.96,4.69
7.79,-46.1774,175.0052,Red Sea,1513.7,-297.8,33.22,6.12,7.56,75.96,15.49,4.68
7.97,-29.4968,-148.1921,North Atlantic Ocean,10126.1,1698.7,38.27,29.44,8.39,17.73,25.46,3.02
7.86,78.9527,-1.0585,Bering Sea,2868.0,1961.7,34.89,12.28,1.11,16.77,15.93,4.26
8.37,-44.6547,31.9799,Bay of Bengal,1985.8,547.9,32.62,14.51,4.41,25.35,17.2,0.8
7.64,-74.7495,-20.6973,South Pacific Ocean,694.9,2231.8,39.7,17.96,8.26,99.91,11.61,2.47
8.48,-16.0016,17.4104,Gulf of Mexico,9831.9,648.4,31.48,6.28,8.9,16.98,13.12,2.41
7.52,-41.967,100.2798,Southern Ocean,5933.6,1792.3,31.3,26.15,8.13,37.66,19.07,9.74
7.7,-37.6737,-118.6981,Arabian Sea,4282.6,2674.7,39.01,23.52,5.61,31.33,31.06,7.37
7.97,-8.4799,161.1935,North Pacific Ocean,8458.0,186.0,39.03,25.42,8.87,0.26,17.48,3.28
7.67,56.7576,-38.7115,Baltic Sea,5787.7,2429.1,37.62,8.85,7.11,28.28,12.48,7.25
7.75,60.3398,44.0558,Arabian Sea,3351.8,-468.2,31.51,4.33,8.11,21.0,49.95,9.23
8.49,-2.9886,-21.1006,Caribbean Sea,4269.0,2239.8,37.52,30.81,5.45,97.66,29.01,2.26
8.11,60.8466,35.7952,Bay of Bengal,8349.1,373.8,31.71,11.0,8.62,72.71,34.37,7.13
7.55,-60.1487,80.9765,Coral Sea,2942.0,-469.3,30.6,0.88,2.42,80.65,47.31,9.92
7.98,-42.0043,2.5792,Baltic Sea,5905.8,-458.9,33.18,17.21,2.21,84.43,19.64,3.44
8.08,-61.2128,-139.8471,Baltic Sea,9522.8,1073.8,37.1,29.15,1.78,24.65,3.42,9.67
7.83,75.799,-60.0478,Red Sea,9651.0,-112.0,33.27,8.54,5.66,90.29,11.58,1.36
8.39,46.207,109.7456,Bay of Bengal,9832.2,1255.0,37.17,0.11,3.73,54.31,33.44,5.51
8.31,48.2559,25.1004,Baltic Sea,8399.4,2349.4,39.36,31.02,3.86,7.46,39.43,9.38
7.9,33.5876,93.0589,Arabian Sea,5616.6,1691.3,35.83,9.5,1.88,60.6,40.03,6.02
8.26,-87.6169,139.7361,North Pacific Ocean,5494.4,2227.1,30.36,20.87,4.49,10.49,30.41,4.75
8.03,-51.9337,-22.0826,Arabian Sea,10535.4,1347.0,30.42,4.57,1.9,54.52,15.72,4.24
8.31,67.0977,-52.9382,Southern Ocean,8470.0,1804.9,31.6,18.68,8.68,53.45,40.48,2.84
7.99,-3.3164,-139.8763,Gulf of Mexico,2337.1,1678.2,36.71,15.03,2.09,64.31,37.95,3.29
7.61,43.693,-82.5396,Indian Ocean,3622.0,93.1,33.09,34.01,5.62,11.85,29.14,6.7
7.81,-50.894,-28.2241,Bay of Bengal,3635.7,877.9,33.71,4.73,8.01,87.83,19.65,3.54
8.12,-78.2068,-132.4104,Coral Sea,8517.0,1933.4,33.53,21.18,6.07,74.19,48.24,0.7
8.46,58.9685,-139.2682,Southern Ocean,5128.4,1960.6,33.66,28.51,1.98,98.6,5.42,1.65
8.38,-47.9773,-19.7138,South Atlantic Ocean,8024.0,191.5,36.18,2.09,4.5,0.83,46.52,1.85
8.34,-50.3529,-45.9409,Southern Ocean,483.6,1462.1,35.84,19.9,9.12,58.24,30.84,5.03
8.05,-18.0107,124.7583,Caribbean Sea,7332.1,-168.6,38.68,23.38,4.04,48.48,27.93,8.23
7.69,8.3182,-169.8777,Baltic Sea,3465.0,2154.4,39.87,27.93,5.93,40.06,42.93,5.77
7.52,22.9061,94.7428,Arabian Sea,2406.5,2034.9,38.4,16.76,6.71,25.62,21.79,0.16
7.85,76.5013,-104.9552,Red Sea,7303.1,2197.6,37.73,14.76,2.66,13.4,42.03,6.67
8.27,46.1854,136.6299,Norwegian Sea,1136.3,-60.0,33.71,23.71,9.65,97.55,19.79,5.02
7.75,4.8019,-77.9507,Bering Sea,7305.9,608.9,39.15,31.51,7.35,87.01,6.55,0.15
7.79,-64.0598,18.2226,Baltic Sea,10932.8,594.1,33.65,12.33,6.21,81.84,20.85,3.77
7.62,-65.4434,-88.6476,Bering Sea,10090.4,89.4,30.64,14.32,3.14,13.17,48.7,0.39
8.21,-66.478,-31.6991,Southern Ocean,8412.4,-355.1,35.08,9.29,3.08,97.02,29.05,7.39
7.79,87.6018,-94.2473,Bering Sea,3729.7,1888.7,32.64,21.67,3.61,39.17,36.15,0.9
8.13,56.1653,-45.6868,Bay of Bengal,3310.0,1580.6,34.85,1.41,8.94,48.24,27.64,0.38
8.02,-74.4776,131.3488,Gulf of Mexico,10651.2,846.4,36.81,9.67,7.58,63.86,16.05,8.79
8.49,-35.2708,70.0838,North Pacific Ocean,1088.9,770.1,38.62,8.23,9.49,31.48,28.22,8.1
8.45,-32.1613,-59.4935,Norwegian Sea,2321.5,532.0,32.51,19.18,9.46,46.46,32.17,1.99
7.89,-33.2241,127.6011,Coral Sea,9109.5,-97.7,39.21,19.04,6.81,54.35,28.04,6.14
8.3,-89.0923,-161.4994,Southern Ocean,5462.5,554.2,39.92,12.95,8.01,15.83,27.36,9.3
7.91,-12.2123,73.8614,Indian Ocean,9922.6,1511.3,32.01,19.64,8.24,27.63,27.48,2.15
7.77,64.2684,45.5235,North Atlantic Ocean,4083.1,-441.6,33.47,3.67,6.25,9.46,21.83,4.87
7.51,-70.4663,-45.1709,Coral Sea,3362.9,39.9,37.15,3.62,2.14,40.18,15.68,4.95
8.22,-78.5393,-31.4754,South Pacific Ocean,6520.2,1135.7,33.7,18.77,1.83,47.42,45.08,9.35
7.78,26.6723,-43.5314,Bay of Bengal,7547.7,170.9,32.21,23.81,3.55,57.38,30.93,8.52
7.98,49.1183,50.768,Baltic Sea,7347.5,139.7,34.04,19.88,4.03,86.46,27.97,4.61
7.67,-46.1906,-94.3219,Red Sea,2799.3,728.9,37.05,7.43,6.54,16.34,29.25,7.22
7.57,73.2905,178.0932,South Pacific Ocean,9302.5,814.2,30.17,1.67,3.61,8.17,46.23,4.77
8.25,32.7666,-178.9545,South Pacific Ocean,5047.7,391.9,36.69,32.28,3.03,12.05,26.78,1.85
7.79,-4.1666,-12.2842,South Pacific Ocean,905.4,-35.2,39.01,14.36,3.24,16.0,28.12,1.99
7.75,53.8966,-97.4423,North Pacific Ocean,6067.4,1319.9,39.88,1.23,1.75,5.67,33.05,5.37
7.76,-31.698,-52.3914,Indian Ocean,3145.3,1481.7,32.54,25.14,5.03,71.01,45.75,8.89
7.6,-41.4396,130.7167,Bering Sea,6489.3,684.7,37.45,-1.21,3.35,89.5,17.95,8.76
7.53,-42.8601,-51.3995,Red Sea,2040.4,2527.4,31.67,24.52,2.34,84.73,24.85,0.12
7.69,-56.9079,-102.9387,Gulf of Mexico,9083.2,2499.2,32.33,1.44,8.17,84.35,33.55,2.63
8.3,68.0827,-47.9301,South Atlantic Ocean,1899.7,2923.1,36.6,24.21,6.73,28.2,16.07,8.64
8.48,-19.4468,-64.8157,Coral Sea,4624.5,1367.6,38.18,31.27,4.16,6.94,0.64,7.16
8.01,67.3359,2.8471,Arabian Sea,387.3,1836.2,30.94,18.12,4.95,85.49,18.94,4.19
8.31,69.0278,143.9576,Arabian Sea,7129.7,2920.1,33.85,-0.41,3.54,83.43,37.56,7.93
7.76,-66.3685,70.6647,Red Sea,1024.4,2557.0,38.67,13.57,9.92,10.11,40.42,1.28
8.18,-82.7626,126.0501,Coral Sea,7955.2,2267.5,37.53,3.24,3.17,38.69,0.4,2.44
8.39,84.3292,-71.5774,Caribbean Sea,7374.2,2457.6,30.51,12.84,6.27,34.91,34.05,7.35
8.12,-52.0004,-169.3474,South Atlantic Ocean,4600.7,1648.2,34.07,15.54,9.69,9.88,0.22,9.6
8.2,-21.2115,-49.7292,Baltic Sea,5376.3,2590.2,34.04,1.24,7.39,96.12,38.42,7.19
7.6,-66.5729,74.5329,Coral Sea,9206.4,2562.0,36.56,20.0,9.21,77.55,49.48,1.18
7.86,80.4315,-80.6664,South Atlantic Ocean,2816.8,1579.3,30.92,-0.04,4.15,60.15,46.69,9.28
7.53,-73.5744,-80.443,South Pacific Ocean,7011.7,715.6,33.63,25.43,4.24,36.54,40.48,0.98
7.67,55.3033,-146.5418,Coral Sea,6309.7,1234.2,39.06,22.82,6.47,97.17,19.62,6.35
7.8,64.9688,-105.0939,Arabian Sea,7975.1,-488.6,30.8,10.58,4.0,35.3,5.83,3.1
8.45,76.259,83.8683,Southern Ocean,4441.9,2889.3,31.25,0.77,6.07,56.56,23.41,6.02
7.54,-7.107,2.7785,Norwegian Sea,9694.4,663.3,35.97,27.9,9.94,63.42,30.66,5.2
7.95,11.2118,-155.8309,Bering Sea,2595.7,1329.9,33.65,24.26,8.43,11.56,44.2,6.25
8.27,1.4929,179.0244,Bering Sea,8849.4,2426.5,30.15,11.1,6.95,67.46,49.22,1.65
8.01,6.939,24.262,Bering Sea,6627.3,99.0,32.46,8.99,1.51,18.46,31.35,6.91
8.09,-46.4668,-124.006,Norwegian Sea,8793.6,2669.2,35.61,13.29,6.53,83.99,35.93,2.34
8.43,13.8798,-162.5518,Indian Ocean,10596.2,93.8,38.3,33.78,2.39,26.16,46.27,8.51
8.15,-43.148,20.7669,Red Sea,33.4,-114.5,36.48,11.49,5.35,67.97,0.11,6.07
8.26,15.1898,-88.9803,Bay of Bengal,313.2,1994.1,30.05,5.71,1.18,11.33,5.86,2.89
7.54,58.3004,-89.7056,Norwegian Sea,6.4,911.7,32.14,26.38,3.82,53.78,43.26,1.56
8.3,-89.4702,-1.7548,Baltic Sea,3438.4,753.2,31.44,24.1,9.67,15.78,19.7,0.92
7.92,65.373,-12.8684,Southern Ocean,4331.5,1086.5,34.58,3.79,4.61,43.55,25.21,2.72
7.52,-9.8083,-50.4651,South Atlantic Ocean,4112.3,991.8,33.09,28.28,7.93,65.1,27.77,4.75
8.35,19.854,111.2705,Bay of Bengal,539.6,-267.5,35.56,19.82,7.61,12.12,46.85,4.65
8.46,-43.7728,-36.0061,Baltic Sea,9929.8,-357.5,31.97,9.1,4.49,41.23,39.9,5.73
8.1,89.7711,-18.5875,Bay of Bengal,1416.1,963.1,36.99,10.88,7.04,98.48,14.54,0.18
8.39,20.7107,46.1525,Norwegian Sea,5935.6,-172.9,34.17,27.75,1.51,68.08,6.3,5.67
7.69,85.1243,77.3348,North Pacific Ocean,9956.6,312.8,33.57,10.03,7.07,23.09,2.29,5.93
8.1,49.0677,-46.1963,Coral Sea,5937.2,2487.9,36.86,23.53,8.75,46.06,7.13,1.57
7.95,67.6824,7.4168,South Pacific Ocean,4061.9,406.0,36.97,-1.44,2.1,19.94,2.04,7.6
7.54,-43.4662,0.7858,South Pacific Ocean,7750.3,2728.2,31.0,8.34,5.0,95.82,22.55,9.88
8.13,25.9607,136.4402,North Pacific Ocean,10953.7,1045.7,38.82,7.39,1.32,50.67,3.31,5.81
8.08,-26.2794,-29.7458,North Atlantic Ocean,6618.6,1547.3,36.69,30.34,8.79,20.1,1.62,2.77
7.54,57.1649,-14.2255,Bay of Bengal,7097.1,293.4,33.36,33.35,5.44,53.95,34.79,2.02
7.71,85.6929,27.2695,South Pacific Ocean,1987.5,-433.9,34.95,30.52,4.14,11.48,39.17,3.36
7.79,-51.5681,59.4839,Bering Sea,2897.5,1068.5,31.85,6.64,6.41,9.54,34.61,0.25
7.69,42.5438,-179.6531,Southern Ocean,8739.1,1719.9,31.56,9.33,9.87,6.87,43.61,1.13
8.15,44.1013,54.6417,North Pacific Ocean,8251.0,175.2,38.98,27.8,3.1,34.95,47.68,4.88
8.03,-26.9841,-125.201,Gulf of Mexico,2622.8,2709.5,35.72,-1.4,8.0,89.94,45.01,0.42
7.87,-64.2305,171.3324,Baltic Sea,5565.2,159.4,36.66,33.99,2.24,4.79,9.2,3.4
7.93,-32.5686,-51.1463,Coral Sea,9663.0,2125.5,38.28,29.43,8.66,97.46,31.38,5.48
8.47,-59.8173,-6.547,South Atlantic Ocean,1963.6,1532.7,38.01,0.44,8.96,7.52,39.1,6.52
7.61,69.0333,-155.417,Bering Sea,7974.8,-294.2,31.13,12.62,8.02,16.19,11.49,9.87
7.69,58.9014,133.9777,Red Sea,3823.8,1088.9,37.75,23.24,1.17,13.47,13.03,2.26
8.04,47.7145,-90.8753,Caribbean Sea,724.9,-36.2,33.39,0.94,2.39,27.43,18.42,4.95
8.48,46.5156,-69.6591,North Atlantic Ocean,3085.0,748.8,34.52,22.99,7.41,96.66,14.3,5.11
8.24,-18.046,43.4752,Bay of Bengal,4614.4,1297.2,30.22,22.91,5.81,12.99,48.9,4.87
8.32,73.2571,-177.2639,Red Sea,8192.0,697.1,34.77,18.5,2.49,97.63,36.41,9.68
8.23,55.8537,176.6829,Bering Sea,1400.6,403.8,32.98,12.55,5.9,83.15,49.23,4.68
7.58,73.0798,2.6717,North Pacific Ocean,9433.3,1082.4,34.81,2.15,1.98,65.09,37.95,3.4
7.79,-0.1396,120.4172,Red Sea,3550.6,1658.7,38.74,4.79,8.86,70.17,43.52,1.07
8.04,-38.9306,146.5585,Baltic Sea,1655.8,2550.1,37.52,28.15,7.49,34.1,1.11,8.0
7.56,26.7445,-179.846,Coral Sea,4077.0,1521.5,34.23,31.17,3.69,7.43,17.88,3.96
7.9,32.8019,-25.8471,Norwegian Sea,10204.8,380.1,32.95,20.6,9.4,67.89,3.89,8.47
7.71,37.1397,140.3072,Caribbean Sea,6201.0,2769.9,32.59,7.03,8.36,17.29,16.19,4.96
8.15,-20.2531,69.3119,Baltic Sea,3851.7,119.1,36.26,17.65,4.84,76.62,46.47,5.64
7.6,2.8136,86.1228,Indian Ocean,4727.0,380.8,33.57,5.7,9.63,28.02,49.85,2.09
8.29,-69.9143,18.5328,Indian Ocean,8118.0,-119.4,34.83,10.69,7.67,45.2,35.94,9.69
8.07,18.0248,171.4175,Arabian Sea,481.3,1651.8,32.86,21.21,2.05,22.72,2.36,4.51
7.87,-6.408,-142.8386,Baltic Sea,10461.3,32.5,35.34,10.88,9.47,72.63,1.07,3.13
7.64,-55.7732,133.2733,North Pacific Ocean,9161.7,-101.8,30.26,33.43,6.98,54.42,7.82,2.11
8.17,-1.3026,63.9871,South Atlantic Ocean,9754.5,2258.8,33.95,33.75,1.22,67.85,26.09,6.22
8.34,-27.3317,17.1858,Bay of Bengal,7339.3,1994.7,38.18,4.48,3.45,69.22,43.33,9.88
8.35,27.8194,60.8278,Caribbean Sea,6498.6,2556.5,32.05,14.25,5.25,97.61,24.94,9.31
7.63,55.3368,102.2763,Bay of Bengal,3770.3,1479.7,34.21,21.96,3.69,52.9,14.72,2.8
8.48,-16.2945,-113.3124,Red Sea,3307.7,400.5,34.59,26.63,9.53,21.7,34.92,9.73
7.82,60.0704,-100.5587,North Pacific Ocean,978.3,2077.5,39.7,18.42,8.13,6.21,0.34,6.39
7.74,-58.695,-91.8169,North Atlantic Ocean,371.5,1163.5,38.32,7.98,2.29,89.12,26.91,4.46
7.87,24.4351,-55.2154,Bay of Bengal,595.9,1173.2,35.17,33.87,8.23,5.68,19.1,3.68
7.93,-12.72,23.7512,South Atlantic Ocean,1969.9,175.0,32.02,23.12,7.68,54.96,7.26,9.84
8.09,-22.2748,147.9614,North Atlantic Ocean,1781.5,2132.2,35.57,5.69,7.9,25.02,49.75,6.39
8.05,-48.9247,-88.5032,North Pacific Ocean,8638.6,2528.7,35.96,24.62,7.04,90.77,7.63,4.54
7.67,-46.3933,19.2266,Arabian Sea,1156.5,958.4,34.71,23.25,3.94,53.49,49.39,1.54
7.78,-7.5129,171.6179,Baltic Sea,8423.9,231.3,32.94,2.11,1.13,50.34,13.99,6.19
8.24,60.917,63.7575,Bering Sea,4840.6,-10.9,38.09,11.89,2.07,47.09,6.67,6.04
7.71,9.2615,-25.6053,South Atlantic Ocean,10558.1,-66.2,33.39,34.51,8.4,71.71,36.4,2.57
8.19,13.0123,-153.2431,Arabian Sea,6646.1,647.2,34.0,21.01,3.18,2.9,34.83,1.61
8.26,38.2474,-63.4689,Indian Ocean,6137.5,2273.0,33.35,31.67,1.7,59.07,39.35,5.68
8.25,-37.5988,-64.2662,Gulf of Mexico,7071.5,2708.1,39.07,15.33,7.41,41.49,10.6,3.94
8.24,-21.531,62.578,Red Sea,5431.9,2306.0,36.31,14.21,7.15,29.35,45.35,8.12
7.76,62.6625,-118.3976,North Atlantic Ocean,6280.1,827.6,30.63,9.38,7.1,78.56,21.61,1.83
7.92,-80.6911,-2.4166,Red Sea,7766.9,1721.4,32.35,16.79,8.85,14.22,26.27,2.98
7.97,2.4272,-36.1556,South Atlantic Ocean,9281.1,-24.9,37.04,2.67,7.21,89.36,32.91,8.94
8.45,6.3518,-129.4934,Bay of Bengal,10141.0,2146.2,34.91,20.44,7.32,11.56,45.54,8.0
7.83,9.3665,139.8493,Coral Sea,7570.9,1836.0,35.26,28.68,4.63,41.17,3.98,0.13
8.44,47.0559,43.6421,North Atlantic Ocean,10093.0,1131.2,31.81,24.2,9.04,3.09,29.97,0.35
8.37,-8.7646,62.4678,Indian Ocean,5985.3,2144.5,38.42,12.51,8.38,20.43,11.5,0.11
8.27,61.876,-37.7056,North Atlantic Ocean,2596.2,1976.9,37.48,18.0,9.6,16.55,47.71,6.67
8.19,-28.9656,121.5733,Bay of Bengal,3726.0,2648.2,35.04,26.05,3.72,47.6,0.67,1.02
8.0,-28.885,153.4288,Gulf of Mexico,9497.3,1226.7,33.5,4.67,4.62,28.42,34.11,9.29
7.62,83.5103,-171.0886,North Pacific Ocean,7081.1,2347.8,35.9,6.34,8.55,8.42,4.51,6.36
7.99,-31.6018,-18.0586,North Pacific Ocean,3065.9,1666.1,31.16,34.23,4.29,82.09,0.26,6.77
7.52,-55.4205,61.6996,Baltic Sea,6351.6,1986.3,34.62,-1.16,4.18,13.27,15.51,2.59
7.99,9.3211,121.2819,Norwegian Sea,7304.1,16.4,30.94,-0.71,7.74,99.41,40.14,0.59
8.13,81.3953,103.7014,North Atlantic Ocean,10981.5,689.9,39.26,23.14,4.23,4.96,14.79,3.67
7.9,50.2638,172.9988,Norwegian Sea,5572.6,297.8,32.61,14.76,8.48,71.1,48.03,3.31
7.63,-11.4896,92.9662,North Atlantic Ocean,9914.7,-81.5,33.81,4.45,1.53,71.42,30.73,2.61
8.2,1.0501,-134.9592,Caribbean Sea,3737.0,1317.2,35.83,-1.46,6.1,35.0,43.97,5.71
8.34,89.6181,-122.6245,Red Sea,7021.5,20.9,32.33,27.89,6.64,84.09,32.85,3.67
8.14,39.3993,162.7839,Bay of Bengal,8714.8,224.3,33.02,34.12,6.56,22.11,36.27,8.78
8.08,-71.8141,-171.2721,Indian Ocean,10242.2,1182.6,39.01,22.94,1.41,74.53,14.71,6.55
7.92,19.7618,-44.2634,Arabian Sea,5305.5,1512.7,38.33,28.39,2.99,87.95,30.07,6.13
8.17,79.5627,-24.6936,Red Sea,9406.0,371.8,31.97,6.32,4.88,7.73,49.6,9.63
7.81,-55.2505,-86.6194,Indian Ocean,5766.4,-39.8,34.07,33.41,2.9,40.34,19.13,8.08
8.08,49.252,82.8039,South Atlantic Ocean,7130.2,2161.5,34.67,16.68,3.5,95.47,12.85,6.62
7.83,-15.317,119.8222,Baltic Sea,2658.2,2072.0,36.7,5.93,8.54,44.67,18.03,4.93
8.12,-64.1974,164.2973,South Pacific Ocean,9066.3,332.6,37.48,18.58,9.37,59.86,35.98,5.64
7.97,60.9014,168.1472,North Atlantic Ocean,10651.8,2055.8,39.26,5.52,9.24,88.34,6.0,1.45
7.73,25.1175,-38.9705,Indian Ocean,8559.8,282.4,35.37,32.44,2.35,78.08,41.68,2.62
7.77,-87.705,160.4131,Indian Ocean,2967.9,1690.2,37.37,15.25,5.14,30.41,9.6,8.53
8.23,59.5511,-5.2672,North Atlantic Ocean,807.9,1957.0,38.62,7.07,3.42,70.89,29.48,6.36
7.67,6.4434,119.9601,Bering Sea,644.5,712.5,38.55,20.01,1.86,66.65,5.96,3.8
7.79,22.3404,103.6042,Caribbean Sea,7866.8,428.1,38.86,7.99,7.94,86.04,17.06,5.49
8.22,11.3984,-99.1976,Coral Sea,8660.8,1546.4,33.22,31.63,2.6,53.3,11.88,2.02
7.53,-19.7414,25.4504,Bay of Bengal,7321.9,-367.9,36.57,12.56,2.2,68.49,33.18,1.62
7.5,-65.5156,169.6409,Gulf of Mexico,7352.0,2927.4,36.87,3.4,7.01,49.71,29.56,3.69
7.89,39.4008,9.5891,Bay of Bengal,10108.7,-308.1,32.31,30.8,3.3,75.2,14.45,8.57
8.45,33.111,8.0805,Norwegian Sea,4895.1,2754.4,39.28,11.33,4.15,49.36,42.84,0.42
7.55,64.6639,45.7122,Gulf of Mexico,5433.1,2974.0,37.03,21.84,4.02,4.22,48.33,8.45
8.4,20.6346,154.3985,Southern Ocean,2692.6,-68.3,31.58,29.64,5.48,48.32,28.46,6.47
8.06,-82.0313,-40.3687,Coral Sea,10998.2,1457.6,31.02,16.62,7.71,99.43,2.92,5.72
7.6,-15.8216,-166.3285,South Atlantic Ocean,10387.3,1911.5,37.07,32.3,5.84,53.52,35.29,7.93
8.33,-71.1893,-115.0476,North Atlantic Ocean,2581.9,2314.3,35.44,25.82,5.14,2.24,49.72,9.37
7.55,17.4087,165.7105,Red Sea,2505.1,-332.6,37.7,11.97,3.93,37.62,46.34,1.08
8.01,-53.4015,-86.0064,Norwegian Sea,8501.6,779.8,33.18,2.59,8.42,14.8,8.88,5.52
8.12,79.8226,87.7403,South Pacific Ocean,2042.5,262.9,32.78,29.23,3.09,53.59,14.01,5.77
8.18,-62.0296,-41.9094,North Pacific Ocean,2220.3,2604.9,32.25,22.51,7.19,37.45,17.86,3.62
7.74,59.9349,-166.4729,Caribbean Sea,9406.8,2902.2,30.63,24.1,3.56,55.72,17.55,9.24
7.77,19.5762,-60.9101,Indian Ocean,6535.2,1763.2,32.07,4.32,2.81,93.54,19.04,0.55
8.35,-34.48,-31.3823,North Pacific Ocean,3078.8,1683.8,36.36,-0.62,7.86,0.22,34.27,0.6
7.86,52.4492,-96.5993,South Atlantic Ocean,4420.6,1082.5,32.83,6.88,6.85,68.11,7.49,5.85
8.03,83.8674,168.9708,South Pacific Ocean,1887.7,228.6,33.17,34.35,9.68,49.58,16.05,5.58
7.95,-64.0226,176.6872,Bay of Bengal,6523.8,204.8,32.01,15.41,4.49,92.03,33.55,5.97
7.68,61.0942,-80.4586,Southern Ocean,1714.6,997.6,34.81,22.64,1.26,1.51,2.66,2.31
7.91,56.0933,165.3826,Caribbean Sea,3511.5,0.7,35.29,2.72,9.94,62.17,29.65,6.77
7.54,46.8393,151.1927,North Atlantic Ocean,10659.1,814.7,39.75,22.57,3.0,98.09,30.1,1.7
7.65,-41.2908,161.6074,Arabian Sea,6248.7,1906.4,34.9,30.33,6.0,62.6,8.75,1.22
8.33,48.7119,85.147,North Pacific Ocean,3821.8,2592.1,37.02,22.51,5.67,29.75,44.52,3.96
8.42,-75.7737,-4.0592,Norwegian Sea,10180.6,1437.6,35.13,10.67,4.18,21.66,32.91,4.82
7.52,-71.0227,-31.8388,Indian Ocean,4068.9,1384.5,38.99,9.18,1.9,88.76,5.63,8.44
7.82,-34.7615,-169.7459,Bering Sea,7976.5,174.7,33.32,1.53,6.17,53.29,21.29,7.19
8.44,-43.7041,-102.8985,South Atlantic Ocean,3619.8,2331.4,36.9,33.67,4.74,30.65,48.74,8.2
8.22,-4.3598,86.1603,Red Sea,3333.6,1552.9,33.06,8.39,2.26,89.7,48.63,6.01
7.51,11.8082,-139.1742,Red Sea,5207.6,2847.9,38.16,-1.02,1.74,52.46,46.09,3.51
7.61,-35.8712,-175.2791,South Atlantic Ocean,6126.4,1770.9,33.0,34.23,3.91,59.06,41.07,9.58
8.24,35.2397,104.8454,Caribbean Sea,4726.3,1584.0,31.84,30.63,4.04,73.14,13.76,4.86
8.18,-88.7542,-38.9149,North Atlantic Ocean,9157.4,518.6,39.28,27.42,5.38,54.0,42.41,8.45
8.38,-48.7849,-37.612,North Pacific Ocean,7615.4,1617.6,38.97,13.61,6.38,39.12,26.2,8.77
8.26,-26.4355,-82.1653,Red Sea,10583.5,1833.0,36.56,18.5,4.96,17.69,42.57,7.97
8.45,-19.109,122.3943,Arabian Sea,4213.2,516.4,32.41,28.63,5.05,49.76,40.29,6.8
8.04,-24.4498,114.2305,Arabian Sea,5954.1,-292.5,33.13,25.06,6.22,3.61,41.22,8.28
7.76,-87.8025,2.0093,Baltic Sea,9535.6,1899.6,37.19,0.14,6.42,98.1,2.13,3.97
7.63,78.8193,31.567,South Atlantic Ocean,3015.5,1248.7,31.44,24.16,8.28,51.1,37.09,5.25
7.5,47.4377,-91.5264,Bay of Bengal,8238.1,865.8,33.55,19.1,4.28,81.73,28.49,2.71
7.62,-88.9616,-128.0868,Bay of Bengal,6502.0,2011.9,39.93,4.51,2.93,80.86,5.37,3.93
8.1,-26.8334,-60.3945,Gulf of Mexico,6510.1,2077.2,36.52,18.56,7.0,89.83,31.07,3.81
7.91,-10.3531,99.5657,North Atlantic Ocean,2884.7,634.4,30.9,19.47,8.2,24.95,49.89,6.59
8.29,-50.9882,141.4025,North Atlantic Ocean,2969.4,-296.9,38.46,1.76,3.42,9.41,14.53,6.37
7.83,74.8767,-29.8957,Norwegian Sea,10247.2,221.7,30.25,18.04,8.91,9.09,44.08,4.66
7.86,41.3057,142.9947,South Pacific Ocean,447.6,2728.0,39.72,0.92,5.87,19.21,23.26,3.05
8.12,65.4334,-74.0132,Caribbean Sea,5992.4,529.4,39.73,0.89,4.27,39.89,33.58,9.66
8.44,42.805,-42.9406,Gulf of Mexico,7594.1,30.6,33.29,23.04,9.16,45.06,26.93,6.75
8.09,-26.1062,-65.523,North Pacific Ocean,1993.4,2555.5,35.51,29.32,6.11,0.14,29.34,5.23
7.73,-4.2246,-92.9992,Southern Ocean,5860.4,-364.8,30.91,14.22,4.44,36.84,29.38,3.79
7.89,-79.1251,-35.6014,North Atlantic Ocean,9937.3,2326.8,33.22,13.28,6.0,86.13,26.84,4.64
8.42,-14.1269,-58.5336,North Atlantic Ocean,8913.5,2211.1,36.47,15.04,5.55,31.84,34.3,6.01
8.3,54.2611,-102.4433,Southern Ocean,9690.0,1482.0,35.62,19.47,7.74,54.04,38.4,8.16
7.53,44.6128,10.3534,Indian Ocean,4577.6,1727.2,30.31,31.81,3.54,83.06,18.74,1.4
7.75,51.2355,55.4351,Red Sea,6784.8,78.1,32.25,13.6,5.35,16.45,3.53,3.53
8.1,-41.2813,85.7527,Gulf of Mexico,2042.9,1483.1,39.73,30.9,5.77,51.2,11.17,3.71
8.24,-72.2219,104.7035,North Atlantic Ocean,9506.8,1400.6,37.73,0.53,1.14,8.98,8.95,8.92
7.62,-7.1749,2.7491,Norwegian Sea,1670.5,125.4,37.41,-0.56,7.47,74.62,20.36,3.29
8.02,-3.5047,-49.113,Bering Sea,1327.8,2096.6,34.42,14.42,1.41,66.76,36.6,9.4
8.06,22.3895,-85.3819,Coral Sea,8963.1,-372.2,31.51,22.73,9.03,24.98,39.43,0.82
7.62,-73.0353,-28.2086,North Atlantic Ocean,3937.6,742.9,37.82,28.24,9.98,57.64,30.6,0.52
7.94,-83.0383,-71.2761,Baltic Sea,8102.8,1777.6,31.53,4.08,1.06,25.48,8.08,8.7
7.5,44.4891,17.6643,Norwegian Sea,10707.6,2300.2,38.96,22.16,4.14,32.18,45.04,2.39
8.2,25.3431,-175.6511,Indian Ocean,3760.9,1485.9,30.57,29.33,1.17,70.27,39.0,0.47
7.58,-50.4146,-9.4825,Southern Ocean,10412.3,2719.3,37.3,16.52,9.21,75.81,37.26,9.24
7.65,61.0793,86.3318,North Pacific Ocean,2870.9,785.6,33.54,-0.31,4.4,15.71,30.94,6.5
8.29,-27.4383,-79.4049,North Atlantic Ocean,8516.7,2879.7,35.7,24.13,7.14,77.67,11.69,6.96
7.91,-3.634,133.717,Arabian Sea,6108.8,306.9,31.06,31.16,8.26,22.38,37.93,0.84
8.19,-67.2982,-114.6233,Baltic Sea,8514.2,1182.1,30.58,11.2,9.67,29.05,39.47,0.16
8.15,85.0812,104.4516,Norwegian Sea,2648.0,2711.3,38.8,23.78,9.07,85.63,6.38,2.96
7.65,40.5552,86.878,Coral Sea,8609.7,1424.7,39.71,-0.24,2.63,67.4,17.56,3.97
7.67,-46.7801,-38.0069,North Pacific Ocean,7945.0,1741.6,38.03,18.56,1.71,84.6,8.7,3.0
8.16,80.8815,-179.3819,South Pacific Ocean,1149.2,2718.5,35.48,5.81,3.82,1.76,0.28,5.2
7.74,-21.24,-145.4983,South Pacific Ocean,6840.1,2802.2,35.14,20.99,2.88,86.67,5.62,1.43
7.94,-13.4373,18.3272,Bering Sea,4235.4,277.6,39.42,5.19,2.69,79.23,3.44,8.47
8.32,-60.3053,154.2008,Red Sea,9608.5,2273.0,31.8,7.32,5.56,24.63,16.56,7.07
7.77,-13.2061,-20.116,Gulf of Mexico,3673.1,2849.9,38.48,5.91,3.83,96.47,15.96,8.5
7.84,85.1919,94.2976,Arabian Sea,7818.2,-366.9,39.57,18.99,3.49,49.44,20.82,7.78
7.81,-12.0341,-123.3832,Baltic Sea,6529.3,1257.9,35.45,-0.57,9.7,15.59,26.38,8.71
8.25,36.0266,107.778,South Pacific Ocean,6800.2,2450.1,31.96,25.51,7.34,98.94,2.41,6.63
7.82,86.1333,-85.1718,North Atlantic Ocean,1514.9,968.3,34.42,19.22,2.08,79.99,27.38,0.37
7.88,22.1181,-135.3107,North Atlantic Ocean,2623.1,1212.9,35.81,18.69,4.2,39.79,37.91,6.36
8.06,-38.7633,-10.6207,Baltic Sea,7113.4,2843.9,32.58,32.08,8.2,61.41,32.12,9.43
8.01,-28.1336,1.7463,Red Sea,389.2,1893.1,39.14,6.58,7.06,98.39,2.51,8.7
7.78,-47.4094,32.76,North Pacific Ocean,9874.7,1667.9,35.57,24.25,1.52,51.8,33.48,3.03
8.11,80.4328,-10.3442,North Atlantic Ocean,7908.3,2226.4,32.39,23.31,9.02,63.5,11.39,9.91
7.85,70.759,-28.0971,Arabian Sea,835.7,2274.4,33.2,16.98,3.84,42.36,10.16,8.49
7.96,24.5037,49.5512,Indian Ocean,6433.4,2220.2,36.46,-1.58,6.73,93.49,4.2,2.61
7.88,-75.7694,81.3812,Caribbean Sea,10947.7,330.3,38.88,11.08,6.23,90.51,37.11,9.08
8.28,52.4936,-32.5088,South Atlantic Ocean,966.8,-484.0,33.5,-0.67,2.82,96.57,37.06,2.12
8.04,57.1528,116.3087,Coral Sea,254.5,1453.7,30.47,-0.2,3.29,23.35,21.87,1.77
8.49,45.0789,-48.7817,Gulf of Mexico,3948.2,-341.4,31.49,22.14,4.74,46.95,5.21,3.75
7.99,-59.086,142.669,Arabian Sea,5189.2,-494.3,30.0,7.82,9.08,66.44,16.04,1.22
8.39,-39.1892,-111.2245,Arabian Sea,6137.7,2983.9,37.63,2.95,1.87,79.19,4.0,9.58
8.07,56.2574,30.2616,Indian Ocean,4993.0,1532.1,32.48,19.65,2.91,95.55,46.12,9.49
8.39,-10.1513,150.8951,Baltic Sea,7126.5,1916.9,37.62,29.65,6.21,38.34,46.73,3.22
8.16,-46.4108,-101.4576,Norwegian Sea,8543.8,2960.2,39.17,13.41,8.3,23.63,40.34,5.57
7.62,25.5746,174.7843,Norwegian Sea,665.4,936.7,32.4,19.23,9.9,62.53,6.45,9.61
7.59,16.8419,110.3371,Bay of Bengal,4623.2,2593.6,38.1,22.13,4.06,99.96,8.08,2.99
8.26,3.4925,-34.2135,Bering Sea,1611.7,2039.5,33.9,2.57,4.19,17.09,34.63,0.16
8.18,-28.0874,-3.5868,Norwegian Sea,7168.4,609.1,36.39,25.68,3.73,12.49,22.57,2.81
7.95,49.4483,-147.4159,Red Sea,7391.6,-205.2,37.63,19.7,5.87,95.07,8.87,3.27
7.93,12.4361,-18.7374,Southern Ocean,8965.1,1718.4,34.62,34.46,5.65,20.86,12.72,4.58
8.16,65.7948,176.4995,Bay of Bengal,9380.7,2927.7,31.74,0.96,3.83,47.85,27.01,4.78
8.06,59.3598,177.5033,Bering Sea,10960.6,1439.9,30.09,32.91,7.42,55.94,18.28,0.93
7.7,79.7139,-120.8271,Red Sea,749.6,2842.2,30.09,10.73,8.96,86.08,25.93,2.47
8.38,43.32,-174.6678,Baltic Sea,9378.4,-222.6,35.09,15.34,6.19,68.72,41.85,0.2
8.2,-65.0971,-128.8004,Southern Ocean,10256.1,2772.6,38.57,4.83,3.74,49.09,0.02,6.93
8.15,-24.2227,22.6698,Bering Sea,10336.4,2784.5,34.96,34.62,4.37,70.72,3.12,8.23
7.98,45.4873,147.976,North Atlantic Ocean,400.7,884.0,32.6,7.83,5.38,70.81,0.53,9.03
8.45,-65.7207,-171.9334,South Atlantic Ocean,7251.6,-151.1,31.39,5.62,9.02,64.75,24.36,8.62
7.51,31.8196,-56.0476,Arabian Sea,9472.7,2876.3,33.29,-1.53,8.6,88.94,40.37,5.29
8.2,-30.8781,177.9944,Caribbean Sea,2067.2,2571.7,38.94,24.74,7.36,15.91,11.24,4.05
8.48,-47.5332,15.6256,Bay of Bengal,6338.3,2857.9,34.84,-1.27,1.78,31.03,11.09,4.8
8.09,8.0932,-0.464,Southern Ocean,5078.0,494.4,31.24,5.37,5.12,30.35,17.01,4.19
8.09,-73.7998,-155.2527,North Pacific Ocean,2017.7,599.5,32.38,-0.23,8.45,96.54,6.93,2.7
8.29,34.9017,-48.3425,Caribbean Sea,4306.6,1241.8,39.96,16.76,7.86,30.7,1.45,2.62
7.52,-16.7067,-18.09,Caribbean Sea,3318.7,1539.4,35.36,22.39,8.13,17.25,30.77,9.17
7.62,17.5484,0.6655,Baltic Sea,9346.5,1552.7,31.0,24.56,3.51,40.97,47.81,6.73
8.35,-74.3018,143.1633,Indian Ocean,8066.0,240.2,33.5,11.99,4.93,47.95,44.92,6.27
8.16,-11.07,146.6314,Norwegian Sea,72.7,-398.7,30.41,3.25,9.09,88.99,1.09,5.55
8.48,51.2478,-28.1755,North Atlantic Ocean,6126.6,2733.0,30.35,18.04,5.17,73.16,28.1,3.19
7.91,37.7519,-170.5887,Caribbean Sea,350.5,2109.0,38.09,-1.19,9.97,54.72,11.08,4.73
7.95,6.8941,132.3589,Baltic Sea,10145.9,-85.0,30.36,10.86,4.44,50.54,2.3,9.72
8.16,-55.3959,24.4543,Bay of Bengal,422.2,1658.5,38.17,31.85,7.33,5.14,41.27,7.88
7.68,16.1472,-117.8092,Gulf of Mexico,2020.4,169.1,30.14,27.65,7.69,12.69,29.67,0.83
7.79,31.8229,40.5179,South Atlantic Ocean,2229.0,-359.0,36.67,12.05,2.05,7.37,36.67,0.53
8.36,10.7036,27.1582,North Pacific Ocean,8834.1,100.1,38.06,21.85,3.17,97.28,15.57,0.8
8.3,46.0116,-50.8916,North Pacific Ocean,5147.5,2034.6,32.64,12.19,7.79,89.54,45.11,8.22
8.07,-22.371,-158.3237,Bering Sea,1839.8,1226.8,33.02,22.02,8.48,50.97,28.82,0.18
7.86,-18.9234,-170.9085,Indian Ocean,1521.0,517.4,39.46,31.26,5.42,11.33,34.28,0.98
8.14,79.5296,68.5529,South Atlantic Ocean,4137.7,2118.8,32.53,22.06,4.86,99.65,27.57,5.4
7.67,73.8013,-145.074,Bay of Bengal,6246.6,1166.8,31.44,13.01,1.43,25.17,45.94,2.37
7.93,-57.3686,148.803,Southern Ocean,8750.6,773.0,31.99,-0.46,3.44,67.31,19.0,7.88
8.0,-45.8163,-127.1105,Baltic Sea,8527.7,-229.1,31.37,7.15,9.05,15.81,44.7,7.87
7.96,12.1454,18.1031,North Pacific Ocean,437.0,-86.1,30.64,11.13,7.38,84.63,30.16,4.22
7.92,10.4416,98.8223,Bay of Bengal,7138.1,447.0,37.83,23.77,8.32,43.01,42.71,3.18
7.88,-75.8557,128.7475,South Atlantic Ocean,177.2,447.0,32.09,8.58,1.85,87.64,36.06,6.3
8.08,74.5209,139.2166,Arabian Sea,6272.1,240.2,37.36,29.51,6.66,52.27,22.01,5.46
7.86,49.3108,19.8278,Indian Ocean,1936.5,-142.7,30.24,30.16,2.61,23.66,5.12,1.97
8.09,53.4335,-94.0657,Caribbean Sea,9468.7,1660.2,32.1,18.36,4.85,16.85,19.38,6.78
8.02,34.4955,-106.8387,Red Sea,4218.8,1219.0,31.87,26.86,3.11,10.23,47.68,4.79
7.85,-60.0202,-18.7029,Southern Ocean,9253.5,1722.3,31.15,19.82,2.49,22.05,39.48,2.36
8.28,-24.4716,46.5321,Red Sea,10063.2,1160.7,37.48,20.0,1.61,73.64,3.74,2.02
7.54,-31.2577,130.1996,North Atlantic Ocean,4399.6,1613.7,37.1,19.04,2.94,8.12,2.21,9.94
7.77,87.9034,1.2417,Southern Ocean,6532.3,2513.3,38.27,21.02,9.95,19.62,3.59,6.89
8.0,-69.6266,72.3977,Caribbean Sea,10248.5,-317.5,36.45,14.02,6.84,15.33,2.77,4.16
8.41,9.8802,68.4209,South Atlantic Ocean,2700.2,1456.4,35.51,20.77,6.23,30.15,47.97,5.92
7.57,48.9475,-137.4222,Southern Ocean,979.5,531.0,39.56,9.68,4.21,56.58,37.6,7.56
8.08,-16.7436,113.4612,Red Sea,5695.1,184.5,34.24,24.45,2.48,11.41,47.57,5.64
7.67,4.8395,-25.1368,Indian Ocean,6061.0,469.2,37.32,13.94,3.42,38.67,8.79,1.07
7.51,-60.1326,-159.519,Bering Sea,4767.4,2538.2,31.96,19.8,8.44,81.05,25.17,1.4
8.37,-52.5722,24.9718,Caribbean Sea,10658.8,2511.9,37.96,30.0,2.77,3.65,30.64,2.25
8.38,35.1591,146.5751,Gulf of Mexico,4638.0,-87.1,37.17,0.02,9.77,34.31,48.37,4.44
7.77,40.3246,93.3647,Norwegian Sea,6128.5,2625.2,33.18,33.93,3.35,7.8,24.86,6.65
8.36,10.4712,-136.7747,North Atlantic Ocean,648.5,2107.1,39.62,31.18,6.12,71.62,7.66,4.81
7.88,72.9664,107.9121,Gulf of Mexico,481.8,-385.4,38.78,16.98,2.85,97.14,38.21,4.79
7.55,-22.9682,-163.6161,Coral Sea,6406.9,2151.8,37.82,23.07,9.5,5.77,3.57,0.61
7.72,40.6492,27.037,South Atlantic Ocean,10087.7,-447.4,35.06,16.55,5.86,55.45,11.05,1.47
8.15,40.5295,-138.5891,Indian Ocean,9046.9,1092.4,35.6,27.13,8.08,16.17,44.33,3.11
7.71,-6.6529,36.8233,South Atlantic Ocean,6202.9,412.0,38.44,3.41,1.62,92.5,47.84,8.51
8.08,59.1202,-124.95,Arabian Sea,5516.2,1402.8,36.13,9.79,6.62,0.63,48.73,9.82
7.68,4.6167,141.7479,South Pacific Ocean,8410.0,2378.6,35.05,23.69,6.84,37.72,10.29,9.24
7.71,22.6894,54.7429,Southern Ocean,21.8,-331.7,33.28,26.13,4.22,72.32,27.02,1.86
8.18,-82.1029,-21.7913,Bering Sea,4378.8,609.5,35.05,28.19,3.39,66.33,22.24,5.92
8.37,34.253,146.6085,Coral Sea,1072.9,1102.9,30.11,10.19,6.14,43.5,34.69,3.71
8.25,27.195,-117.7851,Caribbean Sea,5360.6,2265.0,38.74,17.18,8.84,51.48,24.27,5.28
7.56,73.2268,136.1397,Coral Sea,8515.6,900.6,36.56,6.79,5.06,14.78,28.83,5.71
8.42,-64.6511,-139.2112,Gulf of Mexico,5295.0,-92.3,37.22,19.6,9.13,15.92,27.4,0.82
7.66,-55.7766,97.9884,North Pacific Ocean,3314.3,-330.7,34.8,24.98,5.14,78.08,9.31,2.79
8.23,-3.4078,-128.6031,North Atlantic Ocean,5127.4,1645.2,39.68,-1.66,3.71,44.79,42.6,5.49
8.23,-27.5125,-124.6734,Bering Sea,3880.1,-292.4,37.11,-1.79,1.36,40.36,3.96,9.27
7.95,-64.8106,130.1821,North Atlantic Ocean,1800.6,2371.4,39.87,13.52,7.48,11.42,10.28,0.4
8.06,-62.4475,-18.8027,Bay of Bengal,8306.5,2351.8,39.9,13.37,7.59,75.11,19.92,5.4
7.6,38.7126,-88.3449,Southern Ocean,2195.2,2977.1,35.02,18.65,7.05,52.72,9.36,7.36
8.47,44.7471,57.1105,South Atlantic Ocean,9145.4,1181.7,38.74,12.71,2.14,62.38,16.21,4.01
7.56,70.5147,130.185,Bering Sea,7103.9,749.2,35.16,23.44,6.82,30.36,48.11,0.09
8.41,-34.1254,-30.375,Baltic Sea,8965.3,2855.9,32.13,9.56,8.6,18.32,1.91,2.77
7.75,-8.3579,-77.0841,Arabian Sea,1513.4,2306.3,30.32,5.0,7.15,64.74,38.02,0.48
7.89,-65.0248,-80.4387,South Atlantic Ocean,4280.4,327.9,33.58,26.68,6.7,54.17,10.57,0.5
8.26,-67.709,65.6926,Gulf of Mexico,1427.2,2391.2,37.11,7.4,9.18,4.35,13.95,4.6
8.38,-87.9852,74.493,Caribbean Sea,4.9,2505.1,32.04,22.07,7.48,5.15,35.61,5.13
8.2,-59.5118,148.8186,South Pacific Ocean,8316.4,2514.1,35.9,0.34,3.6,97.09,2.03,1.9
7.62,-39.6305,-172.4013,Coral Sea,10755.8,2411.9,34.12,27.15,7.51,32.22,11.58,0.99
7.85,11.7564,-130.6413,North Pacific Ocean,7070.0,552.5,37.79,6.72,9.94,94.38,6.03,0.93
8.11,21.8367,32.2476,North Atlantic Ocean,1199.4,665.8,38.7,12.63,4.65,57.13,27.83,3.89
8.49,8.554,-74.2732,Arabian Sea,10068.0,2610.1,35.28,22.85,2.37,18.49,42.21,5.39
7.91,-84.1736,-17.9927,Indian Ocean,7216.3,370.3,35.96,2.27,1.33,43.58,38.1,8.33
7.8,3.7349,153.7606,Gulf of Mexico,9407.1,977.8,30.85,5.67,3.57,74.7,15.0,9.99
7.78,-8.7865,-145.218,Bay of Bengal,7340.1,-211.7,37.24,12.49,7.53,94.9,44.11,3.42
8.35,48.8624,53.3829,Bay of Bengal,5421.2,2076.6,30.52,9.28,6.81,96.67,23.28,0.72
7.67,73.4484,109.4927,South Pacific Ocean,833.6,1475.3,35.26,9.97,8.99,26.96,45.97,5.96
8.14,29.4566,-136.6281,Red Sea,871.0,1898.6,31.43,-1.09,8.82,20.03,3.98,8.21
8.35,38.0641,52.7766,Arabian Sea,10708.6,609.0,33.45,17.89,2.94,59.85,42.1,5.2
8.35,-20.1342,119.3862,Baltic Sea,1231.5,2035.4,35.21,4.66,2.66,8.42,16.76,9.2
7.63,16.5114,-105.576,South Pacific Ocean,7883.3,1451.8,38.06,34.28,5.56,68.62,31.54,0.51
8.29,8.3624,-131.4363,Southern Ocean,2894.4,2923.4,30.01,3.06,1.16,59.03,34.9,8.04
8.42,85.1162,-156.5585,Caribbean Sea,10680.8,-485.0,32.27,33.0,3.24,30.41,9.98,0.2
8.28,41.8323,82.3823,Red Sea,5587.7,1794.1,36.76,26.29,2.65,21.17,23.77,6.23
8.2,-40.1969,-30.9753,Arabian Sea,3367.2,315.4,32.23,9.28,3.79,99.69,23.7,2.79
8.02,69.7088,-0.2195,Caribbean Sea,3409.6,-11.4,31.12,19.55,4.1,40.29,27.28,4.61
8.27,6.5263,-144.3984,Southern Ocean,4783.2,1477.7,35.84,18.28,2.12,63.54,33.65,9.21
8.08,-61.4411,-138.2938,North Pacific Ocean,161.0,870.4,31.93,-1.7,2.82,73.42,22.75,4.1
7.91,60.0562,62.6394,Norwegian Sea,3848.2,1299.0,31.79,26.56,7.37,91.64,0.16,1.99
7.99,4.8888,-31.5356,North Atlantic Ocean,2060.9,397.0,35.13,29.97,9.72,71.36,15.31,2.48
8.15,-75.7419,122.5331,Caribbean Sea,10831.7,2202.4,35.44,32.67,1.09,88.46,49.53,6.54
8.06,-19.6343,103.3508,Gulf of Mexico,3596.0,1735.5,35.25,0.63,9.78,31.47,17.9,7.3
8.17,-2.2256,102.8274,Red Sea,1881.6,1540.5,38.39,20.73,1.58,6.97,35.41,2.58
8.48,-40.1548,129.8413,Bering Sea,10717.7,1988.3,30.68,30.42,4.4,45.42,39.98,5.87
7.76,-37.1778,125.0636,Bay of Bengal,1172.3,2155.1,31.31,15.16,4.41,81.75,25.81,2.45
8.5,-66.5558,15.5023,South Pacific Ocean,7679.4,1447.0,32.91,2.06,3.36,55.0,5.2,6.81
7.55,37.8998,-76.5435,Bay of Bengal,1124.0,-24.5,34.17,5.39,3.44,61.18,47.1,5.82
8.11,-80.3854,22.6523,South Pacific Ocean,121.5,417.9,30.7,26.5,4.5,52.35,16.97,1.61
8.43,-39.1502,-94.8109,North Pacific Ocean,8542.7,-139.1,31.71,9.16,2.37,2.78,28.95,7.19
7.6,-51.9266,-110.9306,Bering Sea,472.3,72.0,37.05,31.57,7.33,34.65,10.44,0.51
8.49,-9.2508,2.213,North Pacific Ocean,4603.2,-226.5,34.53,-0.44,1.77,63.83,47.59,9.09
8.42,51.4563,44.2458,South Pacific Ocean,7966.7,1350.7,39.36,16.8,4.62,34.1,29.87,3.43
8.35,-36.2092,-17.6449,Indian Ocean,7502.0,1979.0,33.43,30.17,3.24,98.59,22.67,1.94
8.03,67.146,110.2775,Bering Sea,288.8,10.7,39.62,34.46,2.3,13.19,28.99,3.33
7.71,66.083,30.3052,Norwegian Sea,307.3,-338.6,35.78,7.3,3.84,73.16,42.27,1.26
7.59,-16.6181,172.053,Bering Sea,3991.8,1093.6,32.49,30.1,1.81,88.15,8.6,9.07
7.56,59.248,-118.7781,Southern Ocean,9616.8,2895.6,30.17,2.28,9.08,65.17,37.74,7.22
8.09,-36.0778,-67.6022,Coral Sea,9914.7,1602.3,39.6,8.54,6.29,28.25,2.1,3.37
8.2,-43.4486,-154.5572,Caribbean Sea,5366.1,2342.0,36.8,25.66,4.34,6.16,24.15,8.31
7.72,66.4933,-0.2746,North Pacific Ocean,1799.8,207.0,36.23,27.18,4.9,78.51,34.14,0.35
7.99,31.3317,-162.0161,Indian Ocean,8165.7,2744.8,33.02,32.01,5.66,15.61,24.05,0.23
8.03,-46.0832,54.4254,North Atlantic Ocean,3569.9,1022.7,34.98,3.99,9.18,67.79,40.17,9.07
8.4,-85.3807,-90.1133,Gulf of Mexico,10731.2,546.5,30.06,34.35,9.9,49.28,43.43,8.75
7.63,44.9182,91.8848,Coral Sea,8574.5,1331.6,35.43,19.54,3.48,86.97,43.07,3.67
8.3,-33.914,-165.6746,Gulf of Mexico,1067.2,2291.6,32.5,3.16,1.78,44.85,18.46,8.17
8.27,-72.4398,-58.7568,North Atlantic Ocean,8667.9,2257.6,36.29,18.13,6.93,36.8,35.04,0.9
8.18,-38.0818,155.1765,Baltic Sea,9270.8,840.8,30.23,30.38,5.67,43.09,0.96,1.42
7.75,-11.9832,-155.1988,North Atlantic Ocean,4324.1,115.5,39.43,9.38,7.27,22.71,4.14,3.08
7.55,-50.7114,135.1538,Caribbean Sea,1407.2,15.9,37.83,11.73,2.71,99.8,24.52,8.33
8.28,-79.1848,-60.9824,Coral Sea,5763.8,446.8,39.76,1.62,4.63,65.09,19.05,7.24
8.06,-29.9966,-166.3401,Norwegian Sea,8312.4,2750.9,32.15,7.79,1.46,3.74,7.52,7.93
8.13,0.273,144.117,Bay of Bengal,10973.4,245.8,32.8,19.52,7.57,33.6,13.3,3.12
8.35,53.1133,-25.5396,Baltic Sea,9968.2,1691.3,32.82,23.71,4.12,33.97,28.59,1.06
7.63,50.8398,-23.5946,Coral Sea,10082.9,409.9,30.72,22.53,6.81,29.67,3.82,7.41
7.71,-61.0999,67.9951,Red Sea,8228.6,2418.3,37.56,5.24,5.99,55.68,40.55,0.78
7.92,-5.557,-11.3229,Bay of Bengal,8542.9,1921.9,32.91,1.97,6.65,39.94,21.87,5.58
7.85,65.9343,99.6871,Caribbean Sea,3988.9,2479.0,34.42,33.61,7.82,91.61,33.77,7.01
8.45,-80.8597,24.2827,Baltic Sea,1403.9,1097.8,35.38,4.71,2.29,28.12,43.14,3.94
7.82,-2.671,-65.5264,North Pacific Ocean,10981.6,1510.9,36.44,24.54,7.12,80.79,10.55,5.99
8.4,0.3938,49.9736,Arabian Sea,268.3,315.7,35.12,5.23,9.89,75.9,33.14,7.13
8.03,59.3027,-148.4801,Baltic Sea,5752.1,-84.3,31.06,6.55,7.46,88.86,8.51,0.36
7.6,-0.5071,-2.8252,Baltic Sea,7232.3,2621.0,35.6,2.21,3.63,39.36,6.26,6.77
8.17,-71.7778,-57.3361,Baltic Sea,5533.9,494.9,30.54,31.98,3.45,12.68,12.86,3.75
8.25,34.1802,-35.1386,North Pacific Ocean,5595.5,2060.1,32.45,31.45,4.15,86.18,4.28,9.52
7.66,12.2839,62.7865,Arabian Sea,5221.6,236.1,37.75,3.13,6.42,38.47,26.95,1.88
7.92,-5.9372,-121.6768,North Atlantic Ocean,6461.1,926.1,33.54,23.21,2.69,36.25,41.53,4.18
7.65,-38.2803,-167.6044,Gulf of Mexico,5124.1,2959.7,38.21,20.66,8.88,9.82,11.73,9.31
7.68,-76.2016,135.0564,Indian Ocean,6252.2,-126.3,33.25,6.3,8.43,82.54,43.36,6.92
8.19,75.2585,126.8576,Coral Sea,856.2,311.6,30.64,8.63,3.85,78.3,6.11,8.41
8.0,61.5386,150.8588,Gulf of Mexico,4324.6,2069.2,33.52,17.64,1.87,2.43,3.44,9.56
7.53,79.1691,75.3774,Coral Sea,10474.7,-119.9,35.78,14.42,8.34,73.63,11.83,1.48
8.43,79.319,138.2476,Southern Ocean,5961.9,2464.9,35.39,11.25,5.93,20.44,47.91,0.25
8.19,-58.7614,-63.6924,Baltic Sea,10618.7,-413.5,38.51,13.57,8.72,83.12,28.71,8.93
7.55,-32.1298,-126.065,Red Sea,3898.9,1259.5,36.91,20.22,2.79,2.6,29.87,8.91
8.22,-4.0316,70.1578,Arabian Sea,742.3,818.6,34.38,-1.85,6.35,30.38,41.22,0.14
8.34,-16.8414,-53.1003,Baltic Sea,211.5,-49.5,37.64,24.76,7.6,10.64,30.33,9.62
7.91,83.5202,-81.6681,Bering Sea,9939.1,1753.7,31.61,7.7,5.16,67.99,29.81,6.53
8.25,-36.9586,33.1998,Coral Sea,3217.5,2876.2,35.08,32.22,1.29,69.18,1.29,1.44
7.79,-68.1966,-127.8658,Baltic Sea,2880.1,1561.9,31.96,31.73,3.36,75.22,38.32,4.97
7.62,-6.3821,33.3996,Arabian Sea,9892.1,198.1,36.9,0.68,5.99,53.94,18.62,6.69
8.47,1.5746,134.4885,Red Sea,1823.5,-156.7,33.22,13.96,6.8,48.03,30.98,5.7
7.5,-16.42,67.8327,Bay of Bengal,4815.0,2300.8,37.92,14.48,1.72,97.26,29.06,1.29
8.02,51.8283,3.7001,Gulf of Mexico,10443.1,2466.4,32.42,16.61,2.2,54.57,45.9,0.98
7.6,-1.0821,-4.8342,Coral Sea,6993.5,1637.1,39.07,0.94,8.85,84.7,36.0,8.59
8.1,-34.972,-65.3772,Indian Ocean,10596.6,-472.3,35.81,17.28,6.2,33.84,2.14,8.94
7.5,-2.4533,93.3176,Caribbean Sea,2656.9,-157.8,35.68,17.3,6.42,55.04,28.7,7.37
7.56,71.9264,156.583,Southern Ocean,3135.8,1920.0,39.93,27.87,3.95,11.47,3.57,3.06
8.21,65.096,-9.2186,Caribbean Sea,7438.1,540.5,32.05,29.34,3.71,51.26,17.78,0.52
8.31,27.9406,137.968,Red Sea,10925.0,470.1,32.39,1.52,4.68,97.09,28.34,6.35
8.29,27.1598,-171.9584,North Atlantic Ocean,7462.3,815.7,38.48,17.33,6.76,31.37,20.34,1.63
7.67,18.4442,-111.7109,Norwegian Sea,7959.3,2300.4,36.76,6.68,4.47,0.41,13.32,6.79
7.51,-48.7532,-161.2824,Caribbean Sea,2001.4,2260.5,36.57,10.36,4.73,87.22,6.22,3.58
8.25,20.8159,12.5505,Baltic Sea,8991.0,416.7,38.55,21.88,7.19,46.29,0.29,9.19
7.68,18.0614,-61.2263,Red Sea,7893.9,2148.5,39.35,2.84,5.01,6.68,27.44,0.91
7.82,12.3896,123.2384,Caribbean Sea,5130.3,452.1,35.88,30.87,5.44,65.37,43.55,8.25
7.77,54.941,65.5593,North Pacific Ocean,6264.3,115.2,32.51,32.41,9.23,78.4,11.29,4.95
8.43,-81.8183,42.9033,Southern Ocean,6859.8,2685.9,32.68,7.18,6.24,51.82,3.12,6.07
8.38,-7.7188,-134.8442,North Atlantic Ocean,890.3,1002.8,38.76,7.91,6.13,12.67,2.18,5.19
7.95,-80.3558,-79.9279,Caribbean Sea,10657.0,1692.3,31.47,4.33,3.39,94.47,30.97,0.82
8.29,53.2418,81.1709,Caribbean Sea,6717.3,33.7,34.18,13.03,4.81,27.18,23.27,8.34
8.25,-48.0555,-107.3472,Gulf of Mexico,6130.1,-132.6,31.6,1.27,4.19,69.22,10.86,0.08
7.97,-24.194,71.7692,Red Sea,5950.6,2111.7,36.84,1.85,3.42,75.05,8.68,4.09
7.6,-30.9671,144.2474,Bay of Bengal,10766.8,2138.3,36.65,7.04,7.69,46.23,32.86,4.8
8.27,78.6738,133.1735,Red Sea,10001.0,1818.5,38.99,8.45,5.4,83.91,33.86,4.77
8.18,-28.9779,-169.0859,Norwegian Sea,2731.8,1064.7,33.91,33.66,8.47,50.79,43.45,0.26
7.66,-80.6843,137.0951,Norwegian Sea,382.1,2515.8,32.3,-0.99,9.12,22.23,0.17,9.52
7.99,-83.2355,-75.0911,Red Sea,8403.7,-290.1,33.64,24.39,3.39,70.31,35.51,3.36
8.3,-51.0585,-23.3587,Caribbean Sea,2489.1,2298.4,36.97,34.98,7.71,51.19,45.13,7.12
8.27,-73.8751,11.0264,South Atlantic Ocean,1567.8,472.6,30.96,19.47,8.23,73.52,40.38,7.32
8.47,52.8984,-32.2126,North Pacific Ocean,10990.8,2668.8,30.84,15.72,8.05,49.38,41.26,8.88
7.96,31.4061,46.4059,North Pacific Ocean,4432.4,208.8,39.47,31.91,4.58,88.12,22.66,2.96
8.33,49.6262,120.5494,North Pacific Ocean,8173.3,-74.0,30.86,17.1,3.02,99.48,2.06,8.55
7.51,5.8431,70.5428,Norwegian Sea,3500.5,564.4,39.63,5.84,1.16,64.87,13.17,8.7
8.14,-4.7604,-94.0183,Baltic Sea,279.1,625.3,37.25,15.93,2.44,79.47,1.92,1.81
7.78,-24.8439,150.8023,Indian Ocean,2526.4,1799.8,34.83,8.96,1.02,4.91,27.6,1.99
7.66,56.4252,70.023,Baltic Sea,807.6,41.8,30.63,30.72,2.59,16.1,33.7,9.95
8.24,-89.6809,-130.8779,North Atlantic Ocean,1362.5,560.4,34.29,12.75,9.0,9.25,48.82,4.82
7.87,2.7927,82.7515,South Atlantic Ocean,8772.5,1619.2,38.97,-1.79,9.37,58.12,34.67,9.74
8.11,-22.7289,-167.7285,Coral Sea,10188.5,499.0,36.35,31.06,5.88,25.5,44.54,4.92
8.33,-62.2621,44.9305,Bay of Bengal,10600.2,888.9,33.32,-0.93,3.99,39.23,4.43,1.88
8.04,38.1231,152.8778,Coral Sea,4381.8,-39.2,34.87,20.33,3.05,45.03,41.49,6.49
7.94,-41.7295,26.9574,Bay of Bengal,3132.8,-110.2,36.08,-0.82,1.31,51.43,12.28,5.11
8.12,-14.8156,-69.5227,Coral Sea,8739.1,2093.7,32.4,27.67,5.69,88.97,8.41,0.28
8.5,-37.8324,175.7879,Baltic Sea,5141.0,-267.2,37.5,18.26,1.1,34.28,49.59,7.78
7.63,19.7225,111.0743,Bay of Bengal,9039.7,2879.6,36.61,4.21,7.31,21.7,16.39,9.1
7.77,-88.0469,-90.7634,Bering Sea,9281.6,1984.5,36.54,15.02,7.15,13.16,15.5,9.88
8.43,28.0261,-153.9964,Gulf of Mexico,10588.5,2246.6,37.66,30.05,8.23,25.71,40.55,6.69
8.49,-15.6332,167.7922,Coral Sea,3698.9,1198.1,37.36,16.12,1.12,65.97,29.66,4.16
8.06,38.5639,-167.3033,Bering Sea,3047.2,269.9,35.24,12.21,7.5,87.59,5.38,5.59
7.52,61.0025,63.5311,Bering Sea,5964.5,2772.2,38.62,34.27,7.5,17.98,25.11,8.84
8.33,2.5634,173.9428,South Pacific Ocean,5351.0,2920.1,34.93,20.87,1.45,94.99,42.72,0.72
8.13,66.4571,-91.8926,North Atlantic Ocean,10452.4,2901.4,33.34,9.52,3.57,8.01,29.28,8.37
8.03,-66.0063,153.3464,Coral Sea,3639.7,702.9,32.86,17.99,4.84,36.81,39.2,5.01
8.47,-83.7899,-28.3958,Caribbean Sea,7982.7,784.2,31.22,25.45,7.94,45.68,1.09,7.36
7.63,69.3813,-95.16,Arabian Sea,3957.1,645.3,37.4,29.82,9.7,5.92,37.74,4.98
7.84,-68.7922,-150.4888,Arabian Sea,172.3,-26.0,30.33,27.71,3.66,90.41,40.73,4.52
8.13,-57.4107,36.4071,Arabian Sea,786.1,1630.6,38.07,3.53,4.68,30.39,13.8,9.53
7.5,-68.1771,70.3592,Baltic Sea,1611.4,2179.3,38.53,18.61,4.85,63.06,22.69,7.57
8.37,-59.1564,52.3589,Baltic Sea,4482.1,2536.7,36.26,17.69,5.03,16.49,30.51,6.75
8.26,71.8364,37.8462,Bay of Bengal,7536.2,1080.3,32.51,1.51,9.06,89.17,34.6,8.74
7.73,62.6273,43.6232,Coral Sea,4135.2,-320.6,32.01,7.09,3.82,85.11,23.84,2.17
7.81,-42.2063,4.6599,Norwegian Sea,8942.1,750.5,30.73,-1.05,7.0,14.46,48.27,3.49
7.81,36.8341,-102.9399,Red Sea,10354.7,56.8,39.01,20.91,8.53,55.47,26.82,3.81
8.36,51.902,38.0137,South Pacific Ocean,10190.3,1402.8,34.98,9.51,2.42,15.93,23.77,5.87
7.82,-62.121,139.5473,Bering Sea,279.4,1906.2,33.81,8.75,4.91,91.16,34.26,9.68
7.78,-48.9288,-173.8589,Coral Sea,203.1,873.9,39.92,-0.93,7.05,48.73,31.07,4.08
8.24,-3.9949,173.6753,Gulf of Mexico,8383.8,2449.3,30.8,21.95,1.03,11.07,49.89,7.19
8.08,24.592,170.1827,Arabian Sea,6874.0,2089.7,37.84,11.71,6.78,43.02,2.42,1.9
7.86,-14.2587,-83.9973,Coral Sea,3379.2,583.4,38.64,31.93,9.13,31.78,4.43,3.41
8.08,50.897,-27.3095,Baltic Sea,10063.2,-278.8,37.97,29.21,8.7,31.32,37.66,8.81
8.42,88.2553,23.4295,Coral Sea,525.3,790.0,38.69,3.87,8.32,40.91,3.15,6.8
7.95,65.6644,124.4275,South Atlantic Ocean,2803.4,1977.3,33.06,20.54,1.02,59.2,24.43,7.71
7.5,63.2822,-158.0423,Norwegian Sea,2938.6,2517.2,39.53,20.12,4.96,69.74,47.42,6.85
8.23,-53.7146,-98.3682,North Pacific Ocean,1144.7,1539.6,38.8,10.54,8.77,17.84,3.44,5.96
8.5,72.8016,57.6425,Coral Sea,6201.1,511.4,36.51,3.06,8.54,28.54,19.85,3.95
7.55,88.3743,-157.812,South Pacific Ocean,1692.9,345.0,39.08,13.72,4.35,23.17,18.99,4.43
8.11,11.8435,141.3607,Coral Sea,7264.4,-242.2,38.3,17.34,2.59,98.12,41.15,4.66
7.9,46.8193,139.0772,Red Sea,7522.6,-46.9,38.18,20.13,9.47,85.85,12.82,7.91
8.06,17.8732,-144.4975,Red Sea,7123.9,2651.2,30.9,2.49,5.73,73.84,44.64,6.59
7.81,88.5659,-30.4289,Arabian Sea,8191.3,-63.3,35.26,18.91,7.96,21.36,28.48,0.34
8.25,18.8392,3.6835,Norwegian Sea,10939.3,1171.9,33.43,33.16,5.17,47.76,49.81,8.35
7.59,-4.6695,53.6118,North Atlantic Ocean,8869.1,-285.1,31.85,5.46,4.53,39.79,21.73,0.59
7.59,-61.9465,15.1602,Norwegian Sea,5053.0,-271.8,36.19,17.1,9.35,45.44,7.2,4.12
8.04,61.9142,-179.5246,Coral Sea,3195.1,911.7,36.57,32.72,2.79,98.29,21.85,2.8
7.82,-53.5496,-133.4035,Bay of Bengal,2401.4,-187.4,33.32,30.48,8.41,71.85,36.0,10.0
8.42,32.0221,119.6902,Caribbean Sea,9268.5,2606.2,35.87,11.39,3.27,36.89,4.23,8.1
7.69,-45.9191,103.7913,South Atlantic Ocean,8617.7,-199.1,38.13,1.77,1.26,8.09,16.86,9.81
8.28,35.7221,-173.8525,Red Sea,1225.8,2081.0,37.1,-0.56,1.46,30.26,48.12,9.53
8.47,-81.7039,-174.6567,Red Sea,10375.7,2453.6,32.94,33.05,5.61,9.1,45.04,2.54
7.83,-58.4548,126.4133,North Pacific Ocean,5837.9,924.6,39.99,6.49,2.9,78.07,48.41,2.27
8.42,39.5107,-49.9309,Southern Ocean,1294.1,-181.0,38.73,7.4,9.62,12.31,45.76,4.97
7.82,16.3626,-33.5663,Gulf of Mexico,10631.9,-129.4,37.66,3.22,6.65,14.49,46.75,1.32
8.05,10.0907,159.9134,Red Sea,4588.7,2811.9,39.84,34.33,2.52,32.25,32.55,6.48
7.5,-73.1288,142.9241,Caribbean Sea,5223.6,1674.2,38.39,25.6,9.7,68.52,4.34,4.68
7.76,65.1018,-39.39,Indian Ocean,7608.4,-256.2,37.69,23.05,3.87,15.53,19.85,9.54
7.55,24.1981,107.4893,South Pacific Ocean,3797.2,1646.4,38.49,28.97,6.86,40.86,49.56,6.48
7.53,14.0198,-16.7317,Gulf of Mexico,456.5,-280.1,31.02,21.76,2.13,20.63,20.62,7.98
8.5,82.8522,-25.3118,Bering Sea,7321.4,1189.0,35.79,15.25,3.12,75.57,26.29,1.22
8.26,9.2327,-173.0229,Southern Ocean,3947.7,2597.7,33.08,7.38,2.18,35.02,10.96,6.1
7.84,55.356,105.6629,Indian Ocean,6943.0,1290.9,34.84,24.56,2.93,42.19,13.94,7.97
8.18,-51.3552,110.7692,Indian Ocean,8447.3,756.5,38.72,32.18,9.81,72.98,35.75,0.39
8.03,-30.6896,95.1612,Gulf of Mexico,360.8,280.6,33.19,1.98,8.04,43.89,44.54,1.35
8.42,28.8551,167.4204,Caribbean Sea,7114.6,723.0,30.94,-1.88,8.92,41.35,10.13,7.82
7.75,23.3963,-162.7811,Arabian Sea,9101.5,2613.7,30.59,7.96,5.83,11.18,37.34,0.6
8.01,-74.4489,168.0884,Indian Ocean,138.5,566.5,33.14,6.55,3.53,32.22,2.52,1.78
7.51,-80.1877,129.0448,South Pacific Ocean,3550.1,780.2,32.53,4.22,3.25,82.07,14.13,4.73
8.23,-51.5533,-137.6659,Bay of Bengal,7587.8,2274.6,30.15,7.47,1.07,58.42,16.91,1.93
8.08,6.094,-164.8135,Indian Ocean,9256.5,-348.3,33.42,-0.3,9.98,26.98,9.22,6.63
8.12,49.1776,-172.5917,Bay of Bengal,7642.8,1580.2,35.83,29.57,7.67,87.91,10.32,2.05
8.23,-19.9963,-137.9875,Bay of Bengal,9124.9,-393.2,34.51,21.34,4.19,87.61,16.86,9.67
7.88,-44.6753,115.0323,Gulf of Mexico,9359.1,-490.9,30.3,12.52,2.61,46.01,28.1,0.11
7.66,16.3831,-46.6834,North Atlantic Ocean,8722.2,742.5,31.58,19.61,2.49,57.87,12.2,3.0
7.68,-72.1958,43.7405,Gulf of Mexico,3514.3,155.4,33.82,-1.54,5.37,24.12,36.74,3.42
8.23,-59.1145,-38.2288,South Pacific Ocean,2652.8,-191.5,38.15,-1.34,6.14,75.28,39.77,4.0
8.49,-8.4911,25.8101,Bering Sea,5282.8,2176.9,35.33,6.96,4.21,15.78,30.21,5.22
7.95,84.0023,-79.8576,South Atlantic Ocean,6310.1,1922.9,35.66,32.19,4.76,73.42,24.03,4.97
7.67,-31.2509,143.4114,Baltic Sea,331.7,2549.4,34.75,25.87,6.12,8.63,31.18,2.34
7.57,63.1912,42.6496,Norwegian Sea,9985.0,276.9,38.81,25.85,6.55,76.39,3.39,6.54
7.98,85.7626,-12.4844,Bering Sea,4099.2,1182.6,37.74,13.85,9.33,20.43,27.27,3.18
8.22,58.0509,-80.2447,Indian Ocean,1777.8,2958.9,37.49,30.82,9.49,92.61,46.47,7.99
8.1,-10.4653,-73.2159,Norwegian Sea,2305.6,1174.9,39.73,12.46,1.63,44.97,29.59,3.93
7.79,56.0104,70.5561,Baltic Sea,3409.3,1285.4,30.21,24.65,4.85,61.61,29.59,1.42
8.09,-81.9308,-32.3959,Indian Ocean,3968.0,-228.3,35.72,20.61,4.01,80.93,18.36,8.9
8.04,65.545,23.3117,Caribbean Sea,10050.5,2353.0,31.97,22.58,9.28,4.42,45.58,2.02
7.72,-1.8806,175.479,South Atlantic Ocean,3897.2,1137.1,39.93,10.95,3.36,76.25,8.76,2.1
7.91,-8.9595,-66.233,North Atlantic Ocean,2565.9,585.9,32.71,13.25,6.69,26.44,10.09,7.24
8.38,41.8779,-32.573,South Atlantic Ocean,4255.6,1946.7,31.18,7.59,1.87,20.97,24.47,0.43
8.25,77.6018,-64.2203,South Pacific Ocean,1956.3,1405.2,30.35,15.01,5.43,77.4,34.37,5.4
8.43,-44.2099,-147.6577,Baltic Sea,5343.9,2921.2,36.49,-1.62,2.55,47.65,30.1,4.65
8.39,-13.7473,158.5067,Indian Ocean,10218.8,1127.9,30.24,31.2,4.3,89.13,35.99,2.07
7.75,27.1261,90.1091,South Atlantic Ocean,8227.5,2692.5,30.37,34.41,2.74,19.15,36.36,6.11
8.36,19.1642,40.8267,Baltic Sea,9784.2,1217.6,32.72,4.99,6.79,64.17,14.03,2.57
8.12,-47.7374,-171.3712,Baltic Sea,10757.9,1098.3,37.21,11.24,5.58,62.43,0.89,3.3
8.46,-86.7791,119.9706,Southern Ocean,4220.2,-280.7,36.44,3.89,7.84,82.75,30.63,0.24
7.7,-60.6605,-154.1458,South Atlantic Ocean,1991.4,2559.4,33.34,14.23,3.98,67.97,10.6,3.88
7.84,-82.8668,-133.6557,Coral Sea,7178.5,2678.5,32.6,14.81,2.48,30.66,4.99,2.88
7.9,-79.1197,-148.5974,South Pacific Ocean,7361.3,-498.5,38.81,26.3,6.72,59.72,12.16,7.64
7.52,-45.7718,-127.3036,North Pacific Ocean,7093.7,-293.2,34.31,17.39,5.49,86.98,12.1,1.48
7.98,40.3051,49.5343,Norwegian Sea,8441.9,767.6,31.64,15.03,9.25,85.27,42.42,7.36
8.44,-43.7794,-150.75,Arabian Sea,2224.0,259.6,33.23,16.99,9.56,86.77,40.34,8.67
8.32,-49.4708,48.5587,Caribbean Sea,143.7,670.1,33.44,14.8,5.03,53.44,2.77,3.27
7.7,24.6023,99.5828,Indian Ocean,5506.3,200.5,35.24,-0.5,5.69,76.37,44.87,2.07
7.78,11.3756,-15.0494,North Atlantic Ocean,1618.0,2083.3,36.33,17.62,2.09,22.95,23.76,4.83
8.48,1.4912,49.8425,Gulf of Mexico,309.0,-483.9,35.05,29.68,4.63,94.28,24.97,1.6
7.56,26.2702,-52.6186,Coral Sea,5052.7,2518.0,31.48,34.49,6.02,53.58,38.09,4.48
7.95,-25.7317,89.07,South Pacific Ocean,7469.7,123.3,37.03,19.32,5.07,65.19,6.34,7.22
8.39,-87.3271,175.2942,North Pacific Ocean,5916.1,1485.2,30.69,15.11,1.42,58.83,30.67,5.71
8.2,-12.5957,-57.4936,South Pacific Ocean,347.8,1699.7,35.58,12.78,4.67,13.04,29.68,1.26
8.48,-23.9781,39.3181,Indian Ocean,2136.8,615.1,34.09,0.33,9.78,84.35,24.62,9.43
8.48,48.9338,169.7692,North Pacific Ocean,4724.2,1407.8,31.93,3.8,3.31,34.57,46.02,4.83
8.25,-73.7478,-168.5379,Red Sea,8979.5,1349.4,37.28,24.23,5.87,94.43,30.12,8.75
7.99,50.6001,-79.402,Red Sea,3251.8,-126.3,33.68,32.2,6.93,5.64,30.66,1.78
8.12,37.9809,-122.1537,Bering Sea,9409.8,1034.2,34.88,2.42,8.15,12.84,23.47,4.44
8.29,-29.8459,39.076,North Pacific Ocean,9206.2,2422.9,37.0,33.02,2.49,25.07,10.52,9.53
7.79,22.9477,-116.1256,South Atlantic Ocean,6873.6,2819.4,38.3,14.48,5.0,42.04,12.87,4.71
7.96,4.794,-67.0358,South Atlantic Ocean,9301.5,-240.2,31.67,9.15,7.41,44.93,37.23,8.34
8.17,-51.6886,-23.8733,North Atlantic Ocean,7214.7,235.1,33.94,3.57,9.87,6.04,8.66,8.03
7.77,72.7191,-160.6029,Southern Ocean,2080.1,1625.2,30.79,26.54,4.06,11.87,27.61,7.56
8.16,-55.8503,-73.1641,South Pacific Ocean,128.4,847.5,30.66,9.16,9.17,22.86,13.71,7.16
7.65,-65.1498,-98.7199,Indian Ocean,6557.9,-106.0,35.36,16.27,1.49,68.25,6.47,1.6
7.92,-16.2225,-25.2763,North Atlantic Ocean,2260.5,-252.1,35.94,26.86,1.06,13.14,28.86,9.24
7.6,43.7392,179.2902,Gulf of Mexico,6714.0,2482.7,31.64,29.85,7.95,74.05,13.16,9.38
8.34,-50.1546,179.2474,Baltic Sea,2396.0,1411.9,31.51,-0.83,8.2,63.98,10.61,8.49
7.8,65.9998,-114.0355,Baltic Sea,1401.1,703.5,36.58,5.29,6.04,51.84,27.63,0.9
8.43,13.9853,77.825,Coral Sea,4630.6,1993.6,38.34,14.68,1.27,49.23,26.03,2.68
8.29,-55.7749,140.9883,Indian Ocean,8238.1,2226.6,39.87,-0.29,7.56,63.41,43.81,2.82
7.82,7.6911,7.2868,Baltic Sea,2593.6,1182.9,32.84,8.13,7.78,52.37,21.4,0.38
8.1,-48.1335,86.3348,South Pacific Ocean,9226.3,357.1,39.14,10.72,4.02,3.56,10.33,1.29
7.94,-53.5833,-30.6747,South Atlantic Ocean,9818.9,459.7,37.34,2.5,7.35,60.39,31.91,8.72
8.31,-62.3906,35.6195,Arabian Sea,2816.4,201.3,30.28,34.17,6.15,16.03,39.59,0.58
8.19,15.9029,-13.9196,Gulf of Mexico,2852.6,1313.5,32.92,4.24,4.86,85.87,8.54,0.07
8.15,-88.2098,-71.1951,South Atlantic Ocean,3922.8,1004.7,34.46,1.26,4.33,0.79,8.54,8.52
8.23,81.5267,-127.0868,Baltic Sea,7831.4,1011.1,33.4,2.61,3.63,7.54,44.13,5.89
7.92,-85.1621,-74.9954,Caribbean Sea,1351.0,1365.4,39.05,18.77,2.88,69.77,26.53,6.21
7.91,77.4345,137.1137,Red Sea,8738.1,1606.2,39.25,20.13,6.54,89.69,41.13,8.25
7.85,-30.2618,144.5514,Gulf of Mexico,5684.1,87.6,33.42,16.81,5.61,90.91,40.81,4.5
7.66,12.6076,130.0629,South Atlantic Ocean,6578.9,838.6,33.99,34.3,4.14,59.24,37.29,9.83
7.86,0.0318,-74.8245,Southern Ocean,8956.4,-442.4,37.77,12.88,2.98,79.81,22.47,9.69
8.13,-34.6135,141.7584,Coral Sea,1107.5,2337.5,31.58,9.61,6.03,43.17,23.66,4.35
7.81,-33.8718,-122.5392,Bay of Bengal,9525.4,238.2,31.25,16.43,8.34,54.2,40.65,5.37
7.69,-65.7051,128.9159,Southern Ocean,10373.7,2891.8,37.44,34.01,5.27,89.92,35.31,2.68
8.46,-29.2957,-81.0938,South Atlantic Ocean,7544.6,2561.8,35.27,-1.16,7.34,52.5,29.41,7.35
8.08,24.1082,55.2266,Southern Ocean,8456.3,1755.9,31.83,-1.44,7.87,75.95,22.42,1.8
7.53,16.5315,90.7209,South Atlantic Ocean,1410.6,359.3,38.6,4.7,9.33,46.69,46.29,0.7
8.28,63.8195,-152.1238,North Pacific Ocean,5693.7,-490.3,34.17,6.21,7.83,44.67,17.24,0.25
8.17,-49.7288,-75.897,Caribbean Sea,2736.4,1123.0,36.17,0.97,9.96,30.27,0.27,9.75
7.89,-60.9149,46.2309,South Atlantic Ocean,8727.8,1284.8,39.84,-0.93,8.69,62.85,33.77,7.42
8.2,54.8009,36.1792,North Atlantic Ocean,8730.6,2084.5,39.48,25.31,4.68,87.57,39.3,7.52
8.41,55.247,139.2869,North Atlantic Ocean,4187.8,-395.2,31.09,29.09,2.65,27.04,46.8,7.93
7.72,41.1347,53.7523,Gulf of Mexico,7843.1,1302.9,37.48,-1.76,3.41,29.62,43.73,4.19
8.03,-64.7598,-106.4636,Bering Sea,5728.3,2146.8,37.69,3.31,1.68,0.26,26.76,5.73
8.27,71.7064,101.4737,Southern Ocean,5641.6,1017.0,38.34,-1.38,5.72,27.55,44.79,6.93
7.58,-18.2942,164.9658,Norwegian Sea,7345.9,1103.8,39.12,13.07,9.54,94.4,13.06,9.52
8.25,-25.8619,54.2049,North Pacific Ocean,6446.3,2339.3,37.86,15.6,7.02,79.36,47.34,6.63
8.26,-63.4891,-12.2879,Bay of Bengal,1830.7,1124.2,35.05,34.11,7.78,79.29,38.09,5.7
8.05,-57.8066,111.1629,South Atlantic Ocean,6845.7,1758.9,34.84,25.89,1.16,85.32,26.07,1.42
8.28,-72.5009,-15.6057,South Pacific Ocean,4721.3,2191.5,37.7,5.35,4.51,91.23,8.55,8.56
8.17,6.1543,-125.5027,Caribbean Sea,4955.9,2514.7,35.6,24.97,6.45,28.99,33.05,7.98
7.82,-21.8154,-150.5489,Red Sea,8778.4,2010.2,30.42,5.05,9.94,52.99,49.86,0.64
7.65,-62.7917,-36.9339,Norwegian Sea,8267.9,-43.2,31.76,3.9,7.98,29.07,34.97,6.4
8.46,32.0404,75.7171,South Pacific Ocean,7902.9,2030.8,31.24,28.87,5.13,55.85,19.2,1.48
8.08,-31.2842,70.2906,South Pacific Ocean,9205.4,-374.2,31.13,14.85,6.85,40.28,19.97,2.97
8.21,31.6537,11.4481,North Atlantic Ocean,2187.2,2119.4,34.07,14.4,5.24,96.49,37.66,3.93
8.04,53.9566,-22.4365,South Atlantic Ocean,5493.4,730.2,31.27,7.08,6.83,84.87,13.64,3.15
8.24,22.9041,58.0954,South Pacific Ocean,10565.6,379.2,34.39,18.32,9.42,85.52,41.21,5.19
7.65,-88.2973,165.5855,Baltic Sea,1110.6,2720.8,39.2,10.87,9.01,2.63,9.11,2.92
7.72,-38.9705,-75.9628,Baltic Sea,10306.7,2726.0,34.1,19.52,8.83,93.14,22.83,9.5
8.35,-85.3985,21.8787,Norwegian Sea,1591.4,489.5,34.98,8.38,4.78,94.23,26.42,8.6
7.55,-25.6919,124.2027,Arabian Sea,450.6,1410.4,30.86,0.76,4.59,86.51,17.4,0.03
7.96,61.1014,-86.5125,Gulf of Mexico,2126.4,785.7,39.03,20.41,4.03,81.25,5.4,6.15
7.69,55.6444,-86.6568,Norwegian Sea,4960.9,-46.3,38.06,23.67,8.25,9.38,13.12,2.94
8.07,-60.7456,137.5721,Caribbean Sea,2981.8,856.0,34.52,23.78,1.23,53.64,4.08,3.89
7.97,31.6554,166.2136,Red Sea,4979.6,1933.3,35.23,9.87,6.61,70.46,10.07,7.48
8.24,67.9314,66.4936,North Atlantic Ocean,5187.2,-117.5,39.32,-0.25,4.09,33.79,4.86,4.48
7.81,65.5945,52.0321,Indian Ocean,10915.4,525.0,34.24,-0.8,8.19,10.49,16.93,2.62
7.92,54.7193,9.5426,Bering Sea,6082.7,-61.7,31.22,3.28,6.6,6.19,9.63,1.55
7.73,-46.4893,101.2686,Coral Sea,8459.2,-148.4,35.92,22.22,7.44,28.59,26.13,1.69
7.6,85.4221,167.5655,Norwegian Sea,1026.7,-242.1,33.31,11.25,9.75,11.93,49.5,9.39
7.73,39.3691,-42.0461,Gulf of Mexico,6626.7,943.1,33.41,25.96,2.47,93.95,29.36,6.23
8.4,35.1201,-74.8302,Bering Sea,3047.5,1869.2,39.11,16.2,5.75,84.93,2.94,7.2
7.98,75.4009,170.4075,Bay of Bengal,2898.8,1038.7,36.68,15.14,1.17,57.08,27.01,4.75
8.04,-28.1251,2.2524,Caribbean Sea,10944.5,417.1,37.17,27.21,4.6,3.73,45.76,9.03
8.24,-9.0859,-117.2927,Norwegian Sea,3447.4,2079.6,37.14,16.97,8.33,30.09,11.15,9.36
8.36,-11.6031,137.1876,Red Sea,9586.0,629.1,36.26,6.7,9.36,6.93,45.81,9.51
7.52,-69.0613,-142.3221,Coral Sea,5070.9,-315.2,39.61,13.22,6.15,20.87,34.67,3.16
7.62,-38.0576,6.5189,South Pacific Ocean,4193.3,-349.1,32.4,1.22,2.04,70.43,27.48,0.63
7.93,36.6874,93.143,Caribbean Sea,1550.5,2536.0,34.61,24.03,8.72,80.45,12.02,8.96
7.7,-82.9297,136.5274,Southern Ocean,7292.9,-353.0,36.76,20.59,8.45,52.82,31.73,7.92
7.97,-6.8016,-150.4552,South Atlantic Ocean,5878.8,402.3,31.46,19.34,4.02,24.43,4.7,3.93
8.11,40.2714,64.1685,Arabian Sea,6812.0,678.6,32.47,16.01,9.26,64.31,11.65,2.29
7.99,42.423,110.8536,Coral Sea,9168.2,663.7,33.07,10.89,2.08,89.81,45.27,0.28
8.18,74.7915,44.4894,Norwegian Sea,8750.9,2408.8,33.76,4.84,9.68,24.39,11.6,4.83
7.52,10.868,-87.8184,Norwegian Sea,1111.0,906.6,33.42,10.06,3.08,3.19,17.98,7.07
8.04,-52.6697,65.0295,Arabian Sea,522.3,2161.7,30.55,24.34,7.93,27.99,9.87,4.28
8.22,48.7666,146.0184,Bay of Bengal,5780.6,-211.3,33.72,18.99,7.69,72.25,18.36,5.39
8.5,1.0336,154.4407,Coral Sea,1371.7,2297.6,31.84,29.61,8.11,31.83,16.03,5.42
7.61,56.5353,76.214,Arabian Sea,10705.3,966.8,30.9,27.39,6.55,91.37,21.85,1.05
7.51,-50.2943,-98.2992,Bering Sea,7323.6,812.5,32.59,12.78,7.48,16.17,7.92,2.34
7.79,-88.7064,-100.5406,Arabian Sea,9634.1,1211.4,32.32,5.72,1.5,78.32,44.4,6.46
7.83,-39.4734,-48.8984,North Pacific Ocean,298.7,1213.6,31.4,-1.3,3.2,47.64,11.91,1.24
8.31,-57.0739,-111.8841,Arabian Sea,5039.2,2815.7,31.31,22.72,8.14,13.81,9.09,8.66
7.75,39.1348,-95.3255,Arabian Sea,5068.4,1214.0,37.19,2.5,6.57,73.07,10.53,3.56
7.75,0.3495,-100.2446,Coral Sea,2678.7,52.4,39.96,33.78,3.02,1.14,13.89,4.42
8.37,-22.7128,-143.62,Gulf of Mexico,940.6,-199.2,30.38,23.87,5.33,62.95,32.06,0.61
7.93,-76.1377,10.4435,Norwegian Sea,3064.4,1446.9,35.04,18.7,3.28,87.43,36.41,3.42
8.16,-51.5861,-79.944,Southern Ocean,7503.3,2470.3,31.63,-1.9,6.97,1.19,18.26,7.32
7.71,77.1011,178.0087,Bering Sea,377.6,606.0,31.26,13.2,9.96,64.25,8.34,2.2
8.1,-52.8977,-29.0395,Arabian Sea,5489.0,2389.0,31.53,19.74,1.86,3.13,21.17,3.77
8.39,14.3725,48.9015,Indian Ocean,4874.3,616.1,36.67,25.12,4.1,84.85,30.91,7.5
8.23,57.7791,161.9753,North Pacific Ocean,2896.7,1414.9,31.17,16.09,6.23,87.47,14.4,2.38
7.64,-37.6193,106.3392,Indian Ocean,3272.0,2346.1,35.75,2.65,6.55,76.17,44.27,8.66
7.63,54.311,112.8808,North Atlantic Ocean,2393.9,825.8,32.27,15.04,6.08,29.58,7.01,3.49
7.6,-31.7088,157.3847,South Pacific Ocean,7126.3,661.9,39.56,-0.13,1.77,32.81,12.04,7.85
8.42,13.5607,124.8153,Caribbean Sea,5181.1,-234.8,35.0,7.72,7.09,26.71,2.26,3.82
8.11,-39.2867,141.4101,Southern Ocean,8529.6,2738.1,38.17,26.78,9.5,85.55,13.07,5.8
7.52,13.6953,148.2534,Gulf of Mexico,7747.6,2949.9,39.44,0.57,5.3,29.31,16.57,2.82
8.34,-52.0305,-2.1966,Bay of Bengal,6074.4,1568.3,33.2,18.74,2.72,63.42,38.9,0.94
7.83,55.5653,-122.3722,South Pacific Ocean,10675.7,2362.5,30.12,21.48,6.98,62.2,6.01,7.65
8.18,-3.489,119.3509,North Atlantic Ocean,4314.1,1675.0,39.8,30.97,9.93,27.64,41.29,9.43
8.35,75.1073,123.1603,South Atlantic Ocean,9630.1,630.8,31.75,27.69,6.81,83.1,42.22,8.15
8.25,23.3885,29.1236,Southern Ocean,5246.1,660.3,34.32,21.8,1.74,58.88,45.3,4.29
8.32,59.026,100.7284,Red Sea,2444.2,1976.9,34.34,3.38,2.94,32.06,31.61,2.69
8.3,63.0439,148.8083,Red Sea,7011.9,1881.2,31.4,14.73,4.59,37.23,37.44,3.1
7.65,4.7363,11.8665,North Atlantic Ocean,5438.4,2952.8,34.77,23.38,7.19,78.91,16.29,9.91
7.89,38.9345,10.3096,Baltic Sea,3732.4,-364.4,37.58,29.5,3.77,48.21,10.48,9.57
8.41,10.0255,145.8315,South Atlantic Ocean,9326.1,2089.2,34.03,21.13,2.92,77.24,4.34,4.02
7.59,-85.9139,15.9432,Red Sea,734.0,1437.2,31.17,-1.02,8.38,47.97,24.6,1.45
8.48,39.2729,114.6798,North Atlantic Ocean,3553.2,2360.2,35.76,23.62,8.76,2.56,31.46,7.03
7.73,88.84,119.1187,Baltic Sea,8038.7,-447.9,39.43,1.21,9.25,27.0,43.46,0.38
8.12,66.5993,-65.2093,North Atlantic Ocean,1980.3,2040.2,30.79,16.55,4.06,37.02,40.09,5.51
7.83,-80.5241,179.109,Bay of Bengal,5456.3,288.8,32.7,-0.37,1.04,92.05,22.47,1.46
8.48,78.1831,122.3148,Coral Sea,3986.2,1298.5,39.36,28.1,8.28,96.38,43.35,2.68
8.02,-53.8368,84.196,Gulf of Mexico,3617.9,1982.4,36.03,7.37,9.28,57.64,18.04,7.75
7.65,-80.1808,-41.0006,North Atlantic Ocean,4564.2,2320.3,35.02,2.16,8.56,15.6,12.15,8.38
8.35,-87.8991,-120.0352,Red Sea,5938.4,2079.3,33.16,26.9,3.24,71.51,9.46,2.48
7.9,-13.8867,-57.2909,Baltic Sea,3373.3,2333.9,35.81,5.56,1.74,36.64,9.98,4.54
8.35,-35.8632,-147.7759,Arabian Sea,4434.7,-475.3,34.82,17.3,7.51,6.7,39.94,6.24
7.94,-57.8671,131.8498,Indian Ocean,6851.8,954.1,35.81,12.83,1.81,69.65,42.46,7.22
8.43,-74.4358,95.3796,Gulf of Mexico,3644.5,-274.6,32.13,6.41,4.17,34.76,12.39,8.49
7.56,-25.6985,-93.5878,Baltic Sea,9562.2,1740.9,35.14,6.75,1.94,29.83,25.34,5.62
8.48,-48.8316,-106.9492,North Pacific Ocean,8832.6,356.0,30.88,8.87,2.15,97.01,47.65,2.02
7.96,24.8355,-90.1394,North Pacific Ocean,1563.0,-452.2,34.35,14.76,9.48,6.28,31.84,3.81
7.87,-22.1702,-29.7485,North Atlantic Ocean,9331.3,-343.7,31.6,6.0,7.92,92.86,15.56,5.34
7.54,-9.0042,-4.0566,Arabian Sea,1986.3,71.5,32.12,3.52,6.25,64.2,29.66,8.32
7.73,47.9782,-150.1057,Caribbean Sea,1275.0,830.8,35.42,11.15,5.52,45.31,21.69,8.06
7.81,-27.206,-152.4912,South Atlantic Ocean,10746.9,1489.5,38.51,31.44,4.25,43.7,31.0,6.38
8.23,-60.2018,-54.3036,Bering Sea,6050.7,1410.7,34.74,16.37,2.05,11.05,30.38,3.31
8.2,-36.9323,47.0283,Bering Sea,9555.8,2351.7,37.14,3.31,5.71,80.12,43.88,5.8
8.39,32.2994,66.0566,Southern Ocean,2713.4,679.2,33.9,0.7,3.29,22.14,21.06,4.52
8.44,-68.7418,64.2593,North Pacific Ocean,10391.6,355.9,30.01,22.9,4.01,85.54,27.85,4.21
8.23,27.9165,7.8285,Baltic Sea,9901.0,2177.2,38.01,9.93,4.2,86.02,32.81,4.1
8.19,40.8067,164.6757,Red Sea,5915.9,974.4,38.96,23.64,6.28,79.31,9.77,5.65
8.4,25.917,92.519,Southern Ocean,9265.4,2735.9,33.1,34.04,3.81,98.78,3.49,8.25
7.63,-24.6088,-4.6693,North Atlantic Ocean,4224.7,762.6,39.86,16.57,3.31,72.58,35.3,8.75
7.58,27.6408,-12.3213,Norwegian Sea,6622.3,1553.7,30.69,8.04,4.69,86.99,47.77,5.74
8.21,59.6264,14.4601,Southern Ocean,7318.5,2152.8,31.88,23.59,1.68,64.48,9.47,5.07
7.81,-33.2222,-56.9236,South Atlantic Ocean,9313.3,1648.1,36.87,25.58,4.43,99.7,36.25,7.11
7.92,-41.6276,143.5421,Indian Ocean,7169.8,2970.7,36.77,30.99,1.63,35.75,8.44,1.81
8.11,82.282,6.4442,Norwegian Sea,10765.7,745.8,39.35,25.07,2.78,27.09,27.23,5.67
8.45,70.4107,52.6838,Gulf of Mexico,134.4,-270.1,38.1,-0.1,9.21,55.41,23.26,3.8
8.37,-41.4115,-101.5638,Bay of Bengal,9181.7,857.5,31.94,24.37,4.36,53.49,13.44,5.21
8.23,-59.2677,-83.9772,Arabian Sea,3286.1,-9.3,32.5,6.71,4.65,51.11,48.89,7.95
7.93,-13.8296,155.3091,Coral Sea,1233.8,-150.8,31.02,4.4,8.83,16.56,42.83,5.61
8.29,0.9754,-160.8653,Bay of Bengal,2364.9,2352.7,32.78,3.89,5.87,28.4,46.21,9.09
7.68,-59.7011,-57.2243,Caribbean Sea,8759.0,657.0,35.12,-1.7,1.04,17.21,15.71,4.64
8.31,-85.5886,-1.5489,Baltic Sea,4392.9,553.5,32.44,3.48,5.71,21.91,41.8,9.72
7.98,57.3252,-59.8954,South Atlantic Ocean,7298.8,213.8,37.05,26.62,1.06,90.72,6.01,7.83
7.76,76.4319,-47.71,Indian Ocean,7238.4,2921.6,39.13,30.95,7.13,3.2,4.11,4.67
7.96,-77.5897,179.3767,Baltic Sea,3820.4,42.0,31.94,9.72,1.48,83.43,18.43,9.57
8.29,61.3045,29.3944,Arabian Sea,5842.5,1970.5,39.72,13.71,4.2,16.11,47.65,7.07
8.16,-10.3772,6.7503,Indian Ocean,5582.9,48.8,39.41,-0.3,2.56,33.28,20.4,2.97
7.64,-57.9285,-27.7219,Bering Sea,4772.2,1249.9,33.3,19.71,9.1,63.03,7.36,3.54
8.19,-20.4704,99.7871,South Atlantic Ocean,2720.3,1365.9,35.43,-1.48,6.87,96.3,26.17,0.21
8.33,65.8536,80.1638,Arabian Sea,5071.9,2445.6,37.23,15.37,6.74,81.44,45.53,3.2
7.65,-68.017,51.9316,Norwegian Sea,818.3,1102.9,38.38,5.26,6.84,96.11,40.71,4.84
7.56,-72.2567,-117.0722,North Pacific Ocean,7812.3,2379.0,32.2,17.34,6.48,98.88,17.31,2.25
7.56,83.8326,-137.2335,Baltic Sea,5416.6,495.4,36.43,34.25,6.92,77.83,2.31,6.49
7.52,-37.165,-3.1431,Baltic Sea,8780.1,187.6,37.78,5.9,9.26,8.68,38.08,3.67
7.52,65.0362,107.7244,South Atlantic Ocean,2418.2,2584.3,33.55,0.44,1.11,1.13,41.7,5.75
8.3,11.0716,-154.848,Caribbean Sea,4399.2,222.2,38.35,10.02,6.74,95.45,46.36,0.35
8.24,-46.7259,143.1282,South Pacific Ocean,10107.3,2120.1,36.45,-0.11,7.59,70.7,15.68,1.47
8.44,-36.8992,125.9006,North Pacific Ocean,5762.1,-171.1,35.16,4.04,1.65,18.74,9.02,5.23
7.86,-15.8475,-105.8513,Red Sea,10040.3,503.3,31.63,-0.35,8.41,68.67,47.28,6.72
8.21,-63.0844,-31.8234,Norwegian Sea,4371.8,-64.1,39.56,23.05,5.66,46.97,32.89,5.2
7.91,37.7922,-157.7495,Indian Ocean,10217.9,920.6,31.53,12.39,7.64,2.04,34.2,7.45
8.06,-14.822,-163.3755,South Pacific Ocean,5426.6,2167.8,36.88,17.1,6.28,30.36,12.99,3.45
7.94,70.0608,-30.1122,Indian Ocean,2157.8,1913.8,30.4,22.54,8.02,26.81,14.88,6.29
7.92,74.8175,-62.3429,Bay of Bengal,5610.0,322.4,31.81,3.74,9.62,65.1,12.95,2.97
7.75,74.4562,110.1021,Southern Ocean,7346.5,1324.5,36.98,25.96,6.65,76.83,19.66,9.38
8.08,26.8758,-81.8555,Norwegian Sea,7746.6,1124.8,34.44,13.36,4.98,99.65,12.53,0.74
7.76,-4.3044,101.1902,Coral Sea,5658.6,2110.4,39.36,21.57,7.71,59.09,3.86,3.53
7.64,-74.8121,-70.1022,South Pacific Ocean,5549.0,-256.5,34.87,32.01,5.19,42.62,9.68,6.55
8.25,45.9936,19.0575,Bay of Bengal,2602.3,2097.2,33.15,0.99,8.91,85.54,23.62,2.49
8.15,-73.9689,127.5251,Southern Ocean,847.4,213.8,39.95,29.66,3.25,63.2,6.25,5.59
7.79,-57.1553,-121.033,Gulf of Mexico,630.4,1810.1,31.67,19.45,9.43,40.97,2.7,1.53
8.13,61.6979,-54.2323,Indian Ocean,4203.8,-158.2,33.16,13.08,3.55,70.23,38.22,4.44
7.53,63.6696,80.9848,Coral Sea,3070.2,2099.3,38.87,24.3,3.19,77.81,15.34,6.83
8.49,-11.7533,-104.542,Indian Ocean,9846.3,1963.8,38.67,2.56,9.1,86.78,2.62,9.02
7.67,39.5945,-154.8711,Bay of Bengal,430.1,442.6,36.23,22.19,7.27,23.87,16.12,0.72
8.44,-50.3772,172.4463,South Atlantic Ocean,9012.7,2640.9,31.62,8.23,2.74,22.97,47.55,4.59
7.57,71.4031,-55.368,Southern Ocean,5623.1,1154.7,35.26,4.39,4.37,22.1,15.37,9.9
8.21,27.7213,136.2979,North Pacific Ocean,8732.7,1613.5,36.61,2.21,8.44,61.69,14.72,7.72
7.72,64.3865,-100.5964,Gulf of Mexico,1672.9,430.1,33.47,32.93,8.78,5.7,15.95,3.22
8.47,-19.4559,10.8024,Indian Ocean,9898.4,1310.2,39.35,19.11,4.35,82.43,19.25,3.74
7.82,-82.7991,132.4692,North Pacific Ocean,3843.8,-355.6,32.52,24.55,7.72,86.89,24.43,8.6
7.54,88.7679,-157.6835,Southern Ocean,10756.6,267.1,32.04,27.12,9.37,97.77,4.92,8.33
7.53,47.187,91.3851,Norwegian Sea,8414.6,2.2,33.92,6.72,5.05,76.72,49.85,9.76
8.36,-60.0416,-132.248,Southern Ocean,9327.2,191.1,31.48,2.57,6.08,14.11,23.68,4.81
7.57,25.2168,-97.8703,Bay of Bengal,372.0,-189.0,35.83,29.29,7.58,88.85,15.67,8.29
8.33,80.2113,-52.0895,Baltic Sea,90.1,560.8,30.61,9.41,2.65,52.21,42.03,9.14
7.65,71.6863,-73.5156,Indian Ocean,2058.0,2394.3,30.56,2.36,9.88,96.6,37.3,9.66
7.78,79.1951,-45.5557,South Pacific Ocean,7700.8,1394.9,31.75,18.26,9.29,57.78,13.46,0.48
8.48,-70.2112,70.312,North Atlantic Ocean,6717.9,1456.7,31.26,17.88,2.22,53.5,37.05,2.91
8.22,63.7499,-92.2298,Bay of Bengal,8720.1,1048.5,30.04,25.2,3.45,5.22,21.8,7.01
7.65,70.4369,40.745,Coral Sea,8794.3,2031.4,35.91,9.3,1.22,34.16,20.33,8.5
7.77,-57.4571,34.1831,Baltic Sea,9088.0,2684.7,36.18,34.42,9.74,93.62,4.75,6.3
7.98,37.3544,-92.7602,Bay of Bengal,10936.8,2074.5,39.27,8.59,2.05,60.01,48.66,0.83
8.39,34.691,-151.3063,Bay of Bengal,7084.8,198.5,30.23,24.88,9.08,34.7,30.93,9.22
8.21,33.9593,-89.6655,Southern Ocean,5561.0,-217.2,30.77,25.92,1.22,37.88,34.03,3.42
8.2,13.077,53.9591,Red Sea,4145.6,-297.7,34.07,25.61,4.09,63.52,25.89,6.04
7.86,-47.1461,-88.3702,Baltic Sea,10635.0,2527.6,33.47,11.13,4.96,66.96,40.98,7.53
8.15,-70.6409,-103.359,Gulf of Mexico,7153.3,877.8,35.37,23.31,4.36,67.23,46.55,7.53
7.67,-45.7626,157.2775,Caribbean Sea,7805.5,-202.8,32.4,1.05,4.47,9.53,24.61,0.41
8.07,74.5866,165.0867,Caribbean Sea,8064.4,2694.6,35.53,29.94,1.91,58.11,6.09,6.09
8.06,-49.3735,-36.1982,Coral Sea,3113.9,897.1,38.73,29.69,7.13,61.81,45.08,4.47
8.19,-12.2814,99.8013,Coral Sea,7937.4,2416.7,35.66,-1.83,9.09,27.27,5.01,1.14
7.74,-10.6367,-154.1696,Indian Ocean,2537.1,399.4,37.41,21.69,5.01,40.28,31.04,6.75
7.62,76.3838,145.6824,North Atlantic Ocean,5736.6,359.8,36.48,6.1,8.33,17.72,44.09,6.84
8.47,-69.2941,-55.4891,Southern Ocean,1499.5,2911.2,38.5,27.46,4.18,17.49,7.16,7.82
7.65,-3.8645,95.7532,North Atlantic Ocean,5799.1,340.8,31.33,10.56,9.48,10.37,15.19,8.28
7.84,55.7037,56.0875,Baltic Sea,9867.0,2661.5,31.35,15.49,7.26,43.09,21.72,1.28
8.37,-78.886,-34.922,Indian Ocean,4071.4,906.4,38.96,22.36,3.77,64.87,4.45,0.37
8.09,44.225,-152.3943,South Pacific Ocean,4927.2,388.6,38.3,3.16,7.5,93.72,11.41,2.94
7.72,-73.0744,41.5949,South Atlantic Ocean,6775.3,1194.4,31.4,9.12,3.36,61.04,25.6,5.64
7.98,-8.5754,-154.0919,Norwegian Sea,10989.6,544.6,31.26,32.6,9.64,51.56,23.01,0.37
8.34,-61.5671,165.3675,Arabian Sea,10146.0,-369.4,38.35,13.54,5.27,91.72,11.74,7.16
8.49,-19.8305,-25.6197,Coral Sea,4509.5,53.1,39.69,24.24,9.26,39.99,46.95,6.9
8.14,-83.2885,-75.2323,Red Sea,10817.4,-28.8,35.26,15.47,3.59,49.72,35.79,1.7
7.75,61.5923,-105.0157,Norwegian Sea,8209.0,1230.0,34.8,20.46,5.57,45.62,27.92,1.27
8.31,-65.9148,-153.2088,Southern Ocean,1170.9,308.3,31.79,28.54,8.96,38.07,32.71,1.27
8.31,-56.2555,74.9456,Indian Ocean,10830.9,-116.6,30.32,9.34,5.25,66.48,8.84,9.1
8.39,-7.5197,176.6145,South Atlantic Ocean,7726.1,-427.1,32.77,16.29,9.27,85.91,17.11,7.24
7.64,-86.4971,-14.7296,Bering Sea,7040.7,186.3,39.54,14.66,5.29,93.22,12.98,2.37
7.87,75.7918,73.6709,Arabian Sea,10636.8,2224.8,36.77,26.92,6.74,55.67,41.77,1.87
7.73,-15.5642,-5.5972,Red Sea,5595.2,2199.5,31.16,13.65,9.29,77.81,33.56,3.63
7.72,5.3589,-34.3184,Arabian Sea,2072.7,2780.9,30.51,30.59,8.35,61.29,7.92,9.72
7.87,66.5035,-49.4402,Southern Ocean,3125.2,1734.0,37.44,15.44,8.2,33.52,12.45,0.54
7.55,13.6921,142.1806,Indian Ocean,6413.2,527.3,33.32,9.77,9.37,81.7,33.77,3.33
8.35,-75.6493,93.7305,Arabian Sea,2460.3,1441.1,39.8,7.65,9.25,94.31,20.86,8.44
8.35,54.5634,129.1721,Baltic Sea,3060.0,881.0,34.85,20.6,3.84,18.88,43.42,8.47
8.44,74.8655,-145.253,South Atlantic Ocean,10093.4,-132.2,33.34,3.36,2.55,83.38,28.71,5.76
7.57,55.4832,-49.6194,Gulf of Mexico,4473.7,74.2,32.35,1.54,8.31,63.14,8.25,6.14
8.07,-55.7818,-104.8956,Bering Sea,8679.7,1992.9,37.48,22.92,9.61,91.0,26.26,7.44
7.51,-3.4018,-118.3545,Gulf of Mexico,5031.9,2884.2,34.61,32.12,7.25,66.97,43.56,8.72
8.09,-36.0951,137.4447,Arabian Sea,6719.7,1834.3,37.16,13.08,4.39,96.31,14.23,0.44
7.6,17.6497,140.0721,Bay of Bengal,10713.4,1859.3,35.96,6.12,7.24,18.84,19.2,8.15
7.89,60.6964,25.8864,North Atlantic Ocean,183.0,2312.1,39.42,17.32,8.36,23.34,40.66,3.42
7.82,-17.9714,-86.6475,Caribbean Sea,788.4,2253.5,30.19,2.87,6.89,36.57,3.74,3.79
7.83,16.6165,170.9452,Bering Sea,3044.5,1969.7,36.34,20.78,9.11,74.35,22.08,7.85
7.69,-88.1604,-140.4575,Norwegian Sea,5553.9,2352.4,34.36,13.18,9.32,33.38,5.8,2.9
7.6,-26.8668,99.6085,North Pacific Ocean,10588.9,1296.9,37.84,27.26,7.87,10.3,24.12,7.3
7.52,21.7824,-61.5859,Southern Ocean,4175.0,1.8,36.89,1.58,4.95,26.51,36.23,7.21
8.25,88.2959,-35.0224,Norwegian Sea,4663.3,2134.8,33.76,7.74,7.86,78.35,19.0,9.39
8.42,-39.9243,108.2876,Baltic Sea,7155.3,286.8,33.7,27.33,4.17,97.68,49.72,6.72
8.39,-58.5465,-166.9618,Arabian Sea,10797.4,2691.1,30.29,30.15,5.98,17.68,33.06,4.12
8.13,71.2235,-11.2895,Baltic Sea,2923.0,-246.7,39.91,28.7,5.98,92.71,41.91,0.26
7.62,11.2789,-32.4178,Bay of Bengal,6939.6,14.0,37.49,7.68,6.14,0.52,27.77,5.63
8.07,89.2353,-85.5638,Gulf of Mexico,8498.7,1071.2,31.5,5.37,1.07,51.66,26.44,2.05
7.6,-44.2527,166.8248,Coral Sea,2217.5,1564.9,35.58,10.22,8.96,8.64,0.05,0.56
8.01,-54.7694,-0.9362,Coral Sea,2272.2,1430.7,39.24,30.91,3.62,97.89,6.84,2.81
8.36,-25.9698,-23.5331,Bay of Bengal,6733.0,359.4,31.45,25.14,4.69,56.64,30.71,0.2
7.7,14.017,68.1832,North Pacific Ocean,8564.3,476.0,38.71,14.72,9.38,31.08,43.13,2.56
8.43,-76.2451,87.6662,South Pacific Ocean,4051.1,803.3,37.2,12.79,5.43,93.77,32.91,9.07
7.89,-20.0028,-85.4886,Caribbean Sea,9418.0,935.4,33.24,24.16,8.62,54.92,34.53,1.37
7.72,-78.1802,-70.8774,Bering Sea,4939.7,2399.4,31.86,27.39,4.14,98.94,25.7,7.37
8.0,28.4057,-166.3395,South Pacific Ocean,5304.6,-340.3,36.29,13.63,9.25,59.96,49.42,3.84
8.37,-28.064,177.0695,Caribbean Sea,3880.7,2290.7,34.34,20.17,2.05,98.84,40.54,1.33
7.77,84.7175,-179.9238,Bay of Bengal,2537.6,2696.1,32.83,22.84,5.32,71.18,38.01,3.78
7.67,-71.4315,-7.2226,Baltic Sea,2695.7,2192.2,38.37,11.04,8.98,79.58,31.01,3.16
8.14,70.9782,-19.848,Bering Sea,7726.7,2580.8,39.94,31.01,6.25,50.27,15.08,0.93
8.19,-85.2738,109.6784,South Atlantic Ocean,4653.4,1776.2,35.31,11.7,5.06,66.17,29.28,7.08
7.57,27.8887,-155.0295,Gulf of Mexico,3079.9,-55.0,30.89,4.81,6.33,3.06,25.2,3.44
7.75,80.6279,-67.8581,Red Sea,5578.1,1835.9,31.35,7.32,6.03,11.21,7.62,3.18
7.62,37.3178,80.0047,Arabian Sea,372.3,310.4,37.94,31.79,3.03,11.41,23.24,2.78
8.21,-84.4896,172.5783,Southern Ocean,5632.1,1685.1,39.4,16.66,7.95,44.54,43.05,1.5
8.03,28.2924,178.6241,Southern Ocean,6543.1,2290.5,31.08,10.1,4.31,74.27,19.92,6.74
8.4,-38.0698,-115.1881,Indian Ocean,10319.8,183.5,31.68,3.17,1.85,82.3,14.76,2.42
8.18,41.3274,-154.2222,South Atlantic Ocean,7587.2,2558.1,39.02,1.24,3.25,96.41,21.28,0.54
7.77,-8.6298,-2.8614,Bering Sea,5020.8,2742.9,34.98,19.35,8.48,11.02,26.38,2.28
7.84,21.32,-167.2408,Gulf of Mexico,6098.3,-313.4,39.71,17.75,9.85,60.1,21.1,6.42
7.92,-85.7331,-10.9128,Red Sea,10798.9,1779.4,33.95,21.54,9.3,37.23,5.64,7.25
7.6,-39.5491,160.1099,Gulf of Mexico,1724.0,1431.9,31.86,2.7,4.7,21.95,3.75,6.05
8.42,-35.6568,123.1478,Bering Sea,7272.7,-267.9,31.15,24.49,1.57,72.43,31.97,1.56
8.2,-9.4263,-163.467,Southern Ocean,8077.1,1666.6,35.33,2.97,4.14,32.37,6.02,8.19
8.23,68.5124,-172.039,South Pacific Ocean,4304.3,1079.0,36.07,11.42,7.23,23.23,43.72,7.99
8.16,-23.5482,-29.0626,North Atlantic Ocean,2957.9,-361.9,35.13,11.39,9.87,61.14,25.53,4.14
7.94,36.6504,-140.1424,Red Sea,3266.3,2053.6,36.06,31.97,7.25,69.28,38.18,5.77
7.88,-25.7787,-46.7647,Bering Sea,4066.1,2982.2,37.27,10.15,2.84,1.27,28.69,8.88
8.05,-53.8223,71.3486,Bay of Bengal,2445.2,2070.5,35.91,12.13,2.97,52.49,14.64,4.5
8.24,-6.6798,-59.1425,Indian Ocean,4289.1,1783.7,37.57,13.88,7.8,20.15,4.97,4.58
7.86,-46.1391,-48.5961,Red Sea,8340.2,2675.5,35.88,13.71,6.6,32.19,15.01,5.05
7.99,-80.506,-151.3162,Norwegian Sea,6568.9,2148.7,39.75,28.2,2.06,74.68,11.36,6.9
8.15,-51.445,145.4566,South Pacific Ocean,8233.7,2345.8,36.73,14.83,3.67,65.0,10.22,2.39
7.78,-75.1261,117.4673,North Pacific Ocean,10468.8,-16.3,37.68,1.84,9.04,54.9,46.99,1.98
8.33,-81.4621,-44.3484,Southern Ocean,2710.9,-154.6,33.5,10.78,4.89,63.05,37.52,2.11
7.71,42.9467,20.543,Bering Sea,3643.8,2654.2,32.27,12.23,2.39,59.16,21.76,7.8
8.36,35.1214,-2.4722,Indian Ocean,3528.1,2688.4,34.9,14.19,7.58,27.7,40.3,5.4
7.5,-62.3707,-102.2692,South Atlantic Ocean,7428.5,268.6,37.04,28.94,1.96,67.62,9.7,7.1
8.14,-82.6657,-97.0181,Bay of Bengal,4478.2,2422.1,30.95,30.51,6.25,25.59,0.69,2.41
7.97,-85.7235,-0.2036,Southern Ocean,3082.4,2858.0,36.83,31.42,3.07,89.94,9.77,7.29
7.75,41.665,-27.5271,Bering Sea,6932.3,419.3,36.24,0.13,7.16,16.43,22.23,1.75
8.45,-13.7949,-33.8812,North Pacific Ocean,10004.5,85.5,38.01,19.59,1.66,86.6,30.13,5.47
7.71,-12.6684,121.4653,South Pacific Ocean,3350.5,495.4,39.64,0.49,3.76,51.44,29.55,8.89
7.99,-78.5279,-171.5613,Baltic Sea,7768.3,1729.8,34.73,29.38,6.61,70.6,12.82,9.66
8.06,54.226,166.0186,South Atlantic Ocean,4543.5,2692.1,30.32,14.26,5.75,2.98,48.33,1.22
8.46,-37.4804,104.9874,Bay of Bengal,9786.5,1813.4,37.43,29.88,8.76,84.33,33.2,7.27
8.14,-14.414,142.1552,South Atlantic Ocean,6361.2,226.4,30.89,11.57,1.45,87.27,6.38,3.41
7.57,-10.4433,53.2131,South Pacific Ocean,4334.6,671.4,32.63,26.51,3.76,30.49,36.07,8.17
7.92,68.7654,-77.7755,Norwegian Sea,8779.7,1255.7,36.31,-0.97,1.23,69.56,46.71,2.71
8.37,59.9841,7.7599,Baltic Sea,5703.1,92.7,32.05,6.61,9.92,1.72,10.67,1.37
8.26,-30.8547,-19.3739,Gulf of Mexico,7366.2,1987.7,39.24,-0.26,4.91,80.83,5.24,5.57
7.55,-76.7662,-116.2512,Bering Sea,7676.3,2107.8,31.03,25.72,7.97,87.93,46.95,4.3
8.08,10.2952,172.1093,Bay of Bengal,10290.4,1357.0,36.07,7.34,1.31,44.82,32.25,3.0
7.62,-40.6396,-71.2332,Norwegian Sea,755.0,1594.4,38.14,8.85,5.25,3.57,42.94,1.38
7.6,-34.4129,-164.962,South Pacific Ocean,5180.8,412.6,35.39,28.11,9.91,27.98,46.1,7.22
8.46,68.8473,-4.1306,Caribbean Sea,6227.1,513.0,30.47,23.26,6.18,69.26,38.94,5.15
8.2,42.5452,-141.3396,Coral Sea,10047.9,98.3,36.62,33.51,8.36,32.08,20.97,6.48
7.61,-19.837,117.9509,North Pacific Ocean,1185.6,1360.2,39.93,26.64,8.54,79.68,29.79,3.17
7.84,26.5084,-168.1004,Red Sea,2609.7,757.0,39.01,21.88,4.26,2.54,35.13,9.97
8.18,-55.542,-161.6146,North Atlantic Ocean,10296.2,360.7,38.08,0.29,4.89,83.23,38.86,6.36
8.41,30.1431,104.4861,North Pacific Ocean,5302.9,-322.0,31.76,28.71,7.49,98.31,14.97,6.76
7.57,-78.7268,-134.2645,Indian Ocean,7280.4,1403.6,39.12,13.54,5.63,56.24,14.59,4.74
7.58,28.1924,22.8141,South Pacific Ocean,6097.2,-230.4,35.7,26.89,2.03,27.98,23.1,9.83
7.61,69.5997,44.9125,Norwegian Sea,9894.1,2035.4,36.93,2.5,4.3,6.03,37.0,1.12
8.04,14.4907,178.2305,Bay of Bengal,1003.4,1581.8,34.51,15.2,4.62,11.78,47.87,8.38
7.96,-28.7273,-88.429,Coral Sea,565.0,785.0,33.02,29.43,4.41,92.01,37.9,8.97
7.66,10.5033,-73.4927,South Pacific Ocean,5038.9,1801.1,35.85,9.87,3.54,65.54,31.08,6.26
8.04,-30.3818,-156.2777,Bay of Bengal,9894.2,1595.2,33.94,1.21,5.95,12.47,15.77,8.09
7.84,-37.5194,-161.885,Arabian Sea,6613.9,1282.1,39.11,34.1,3.76,33.58,12.58,5.88
7.67,-89.1149,-32.6074,North Atlantic Ocean,7705.1,2770.5,32.09,14.9,6.47,62.59,17.47,1.41
7.53,-44.687,57.1383,Gulf of Mexico,9777.7,2871.2,39.43,31.15,6.09,31.67,39.63,7.0
7.6,70.9074,58.3561,Coral Sea,1599.0,2282.1,34.98,18.28,1.01,88.45,7.95,2.49
7.89,-57.7537,99.6232,Gulf of Mexico,6874.6,2504.0,30.92,5.22,6.7,4.81,46.03,7.93
8.01,23.9983,14.3193,North Atlantic Ocean,1978.9,934.2,36.78,14.08,6.61,86.36,5.02,4.49
7.72,20.4543,105.5935,Red Sea,8647.8,2864.4,30.82,29.58,4.12,8.79,6.22,7.97
8.28,-49.3747,-115.0603,Arabian Sea,8443.5,1026.5,38.11,11.23,4.53,75.07,17.25,1.91
8.07,48.9105,48.293,South Pacific Ocean,870.3,2426.4,33.7,22.37,8.16,13.44,36.66,8.47
8.27,-10.9274,100.1845,Baltic Sea,10381.1,2784.8,36.74,24.35,7.86,50.08,41.26,5.82
7.9,53.4977,25.552,Bering Sea,4358.4,2098.7,35.99,14.44,9.71,42.68,12.75,5.95
8.39,-87.7805,80.5701,Norwegian Sea,1327.0,-21.0,33.15,22.18,4.71,59.54,30.94,5.59
8.3,-63.1872,-129.0177,Coral Sea,2608.1,2529.3,33.2,21.32,2.76,99.75,15.46,2.55
8.05,-22.4001,-20.5128,South Pacific Ocean,9966.4,-91.5,39.77,23.76,4.9,76.13,45.39,8.1
8.18,-4.4957,126.4789,Southern Ocean,5379.1,2689.5,35.97,11.39,8.54,14.96,1.04,1.5
7.65,8.3402,-65.558,South Pacific Ocean,7425.5,2882.3,38.81,16.41,7.93,50.27,40.85,0.48
8.27,51.9713,143.6244,Indian Ocean,4952.5,2042.0,32.73,13.42,2.89,27.87,28.68,5.95
8.11,72.5417,175.6839,Bering Sea,1094.4,2477.8,37.27,-1.39,4.1,55.4,29.95,1.27
7.7,-32.8975,-129.8078,North Pacific Ocean,7144.8,-245.0,33.17,15.43,9.9,12.46,19.86,9.36
7.77,69.6453,-126.8467,Arabian Sea,10986.3,444.1,31.16,4.09,3.91,74.59,23.27,6.64
8.42,-42.0588,-45.0526,Southern Ocean,5693.3,1823.6,36.26,33.83,2.06,82.4,43.51,4.28
7.69,-77.1178,22.6708,North Atlantic Ocean,2436.5,2517.7,33.72,11.34,5.23,15.13,19.71,8.02
7.94,14.3727,94.6513,South Pacific Ocean,3004.3,2648.6,31.19,13.18,1.68,92.8,29.12,1.14
8.34,29.9043,-155.7304,Caribbean Sea,2717.9,1172.3,34.96,2.5,1.44,89.09,47.77,1.32
7.81,-36.8296,101.3744,Gulf of Mexico,10389.6,577.1,34.12,28.28,5.65,81.44,1.32,4.07
7.66,-59.4762,-121.1369,South Pacific Ocean,10476.6,782.7,32.7,32.2,3.38,72.72,8.53,4.3
7.99,-72.552,-149.382,Arabian Sea,3142.1,947.4,31.22,15.93,9.39,69.47,19.68,1.3
7.69,-10.6311,37.0033,Arabian Sea,76.9,1552.0,36.1,1.7,5.7,24.25,8.79,3.09
8.48,-16.3912,-152.2221,Norwegian Sea,3479.7,2006.1,31.28,-0.61,6.59,83.5,0.82,8.4
8.15,-38.6992,-153.6849,Southern Ocean,6251.4,-357.7,38.09,5.62,5.63,55.81,14.55,5.64
8.01,-50.2393,42.3492,Gulf of Mexico,9008.0,1886.3,30.17,13.21,1.03,33.02,32.68,6.4
7.94,-82.9706,71.5504,Red Sea,4595.5,2019.6,38.46,5.35,9.8,15.24,33.41,1.87
8.12,34.0178,150.9302,Coral Sea,5323.7,1877.6,32.5,1.47,6.57,73.22,31.6,7.36
7.86,-19.6622,164.6901,Arabian Sea,1392.2,2406.4,36.14,24.07,9.26,17.94,2.59,4.09
7.72,-51.1396,-8.2911,Caribbean Sea,6300.5,2974.9,36.04,19.16,8.07,94.34,46.42,2.49
7.76,2.8779,51.7911,Southern Ocean,6766.6,755.5,33.19,-1.7,9.08,94.64,41.43,2.1
7.61,68.5334,100.1148,Southern Ocean,1519.9,57.4,36.02,17.02,8.55,75.97,17.82,5.01
8.4,-48.1577,152.3284,Norwegian Sea,3488.5,2435.6,34.7,31.91,2.13,75.25,49.92,5.85
8.45,20.3908,-172.0398,Caribbean Sea,3135.5,-346.4,36.79,29.1,5.08,46.35,26.64,2.72
7.74,75.2196,-101.4826,Southern Ocean,9724.3,131.5,33.3,4.07,2.07,99.14,23.35,8.61
8.48,-21.4164,8.7732,Caribbean Sea,6293.1,2875.9,34.02,4.09,9.9,32.64,49.34,5.51
8.05,80.7469,-96.605,Red Sea,7784.3,2644.3,37.46,23.71,6.62,69.69,15.63,5.53
7.74,-87.7277,6.0592,Bering Sea,4523.3,818.4,30.6,18.28,6.71,66.24,45.67,2.88
8.01,-68.618,64.4822,Arabian Sea,4308.1,2458.6,39.55,0.99,9.89,26.41,10.88,4.13
7.58,5.9458,97.06,Caribbean Sea,3429.4,92.4,33.7,13.18,7.16,58.37,41.41,1.86
7.64,-0.2482,120.9308,Coral Sea,2749.8,2657.8,39.33,30.0,5.99,42.34,41.7,2.78
7.72,86.8515,178.0397,Caribbean Sea,10605.0,985.1,33.15,26.3,7.33,66.81,19.4,9.69
8.41,-64.2635,136.6661,Bering Sea,4782.3,420.7,38.01,24.33,9.62,50.66,27.98,5.42
8.45,88.3323,-54.9375,Baltic Sea,3778.9,2440.5,31.43,9.13,2.51,26.98,33.38,9.01
7.91,63.353,-75.4301,Coral Sea,3950.5,362.7,37.52,23.25,7.07,16.38,26.66,5.43
7.74,-49.9009,-71.2995,Gulf of Mexico,3992.6,492.6,35.51,23.63,1.1,24.15,0.51,0.66
7.82,-23.847,-146.8549,Baltic Sea,1960.1,1394.1,36.14,24.22,8.0,58.95,44.28,2.9
7.83,-68.4474,58.6909,Norwegian Sea,2248.0,1340.7,38.32,-0.19,8.67,18.04,33.46,7.37
8.05,73.574,-176.1921,Caribbean Sea,7324.1,733.4,34.61,25.57,4.7,25.19,15.01,9.66
7.67,-20.5884,-74.7027,Bay of Bengal,157.0,1587.8,37.08,8.69,4.68,8.86,44.3,8.84
8.08,-83.0216,96.1427,Gulf of Mexico,8034.6,254.4,30.92,31.81,2.5,89.47,29.49,6.87
7.87,13.9537,-11.0935,Norwegian Sea,1898.0,405.2,39.71,32.8,1.43,2.41,37.88,0.55
8.12,-43.5896,-31.3444,Red Sea,8660.0,720.5,35.11,8.19,1.48,17.03,25.86,9.29
8.07,-20.8155,103.0051,Caribbean Sea,3777.9,1174.8,38.31,3.76,8.39,75.04,35.01,4.33
7.96,-5.4875,-35.1464,South Atlantic Ocean,1497.2,1795.9,30.42,23.63,4.56,19.75,8.62,7.96
7.62,-76.2836,-9.4948,Indian Ocean,8367.8,885.1,31.41,-1.03,8.19,64.05,37.1,4.03
7.66,-1.939,-2.3401,North Pacific Ocean,5024.9,1396.8,36.53,28.59,4.09,15.67,19.05,6.89
7.85,-38.0569,2.1903,Caribbean Sea,1921.1,2839.0,33.13,24.84,1.97,55.95,3.35,0.89
8.24,38.1996,-143.4422,Indian Ocean,6709.8,149.9,37.62,10.06,9.21,79.44,14.31,5.93
7.83,-43.93,10.1241,South Atlantic Ocean,6638.5,76.2,37.88,14.97,3.24,3.84,42.11,3.31
7.78,79.9515,-40.6773,Gulf of Mexico,6878.8,1558.9,36.86,33.88,1.69,91.18,23.1,1.05
8.29,43.6357,143.8843,Southern Ocean,3055.9,2852.9,36.05,32.66,2.8,10.01,41.99,2.23
8.37,-68.4693,-175.4891,Norwegian Sea,39.6,2117.5,36.19,16.65,8.91,47.77,44.62,4.82
8.22,-64.8214,5.9101,Bay of Bengal,8293.7,399.6,39.12,28.94,9.6,96.39,40.79,4.91
7.95,-25.3253,170.8237,South Atlantic Ocean,149.4,2252.1,39.04,1.51,8.2,10.69,3.45,6.24
7.71,-85.0892,-174.5123,South Pacific Ocean,3366.8,633.8,36.51,4.52,4.1,57.07,33.88,1.56
8.49,-81.1835,68.7212,Arabian Sea,3441.8,651.6,33.72,16.82,5.98,28.2,27.75,5.67
7.84,39.3685,-169.2398,Norwegian Sea,2546.7,455.5,31.62,22.01,5.3,81.42,44.18,6.41
7.93,-31.086,130.4947,Caribbean Sea,4026.5,1561.6,36.51,19.2,2.57,61.77,5.2,9.89
8.02,-53.3492,-109.2865,Indian Ocean,8440.8,-498.9,33.98,3.95,8.07,67.57,21.71,5.35
8.06,-23.7324,117.0596,South Pacific Ocean,8529.3,-427.7,34.39,33.71,8.33,91.91,5.41,6.48
7.52,86.8785,149.9898,North Atlantic Ocean,1397.3,2086.9,34.47,28.9,2.74,41.58,14.25,7.66
8.4,72.4372,-130.9886,North Atlantic Ocean,8814.6,-293.1,33.98,19.14,7.54,94.69,45.54,0.47
8.38,-44.1667,-144.6162,Baltic Sea,1397.7,2122.8,38.32,3.27,5.48,45.25,47.02,9.71
7.62,-76.244,121.1807,Arabian Sea,8766.0,528.4,31.03,32.6,2.43,24.76,16.64,7.17
8.35,-30.9232,-116.9572,South Atlantic Ocean,3547.2,2287.4,34.96,19.08,7.7,12.58,42.85,3.99
7.66,-88.3921,-160.7975,Gulf of Mexico,649.0,1693.1,33.28,8.17,3.32,52.54,27.71,6.05
7.74,-50.0854,-100.5151,South Atlantic Ocean,10328.6,2202.7,37.74,15.02,8.11,96.62,37.24,3.32
8.02,22.4106,-106.0905,Gulf of Mexico,7413.1,1110.2,32.33,7.25,9.85,27.59,1.7,9.6
8.48,-73.8424,62.8649,Southern Ocean,4835.9,2475.9,34.49,4.22,3.71,47.14,31.16,3.78
7.98,-59.0272,-10.0804,South Pacific Ocean,1420.7,557.4,37.79,21.51,4.0,90.01,29.71,3.69
7.89,-12.3376,95.6319,Caribbean Sea,628.1,491.1,34.09,4.37,6.09,41.95,2.42,0.33
8.02,38.7092,-95.0907,North Atlantic Ocean,8039.2,-435.4,33.1,7.07,9.03,36.71,19.74,8.23
7.73,4.9338,-3.2877,Arabian Sea,10354.5,224.9,36.99,10.76,9.09,58.71,43.99,5.57
8.43,41.9746,-142.0175,Indian Ocean,9724.9,661.9,34.7,30.89,4.93,72.25,44.11,4.9
8.44,-73.3432,-10.0339,Gulf of Mexico,5328.7,2359.3,35.75,31.1,4.46,74.77,1.6,6.21
8.18,-60.9634,-0.2154,Bering Sea,3258.3,-42.5,33.42,8.44,2.95,22.88,15.22,9.9
7.65,70.2839,148.1417,Coral Sea,1566.7,1370.9,36.34,6.81,8.08,5.07,37.89,9.28
7.99,82.7415,161.5366,Norwegian Sea,3563.4,461.9,36.65,24.14,7.73,89.62,41.2,5.73
7.88,57.7208,135.1074,Gulf of Mexico,8945.3,1570.5,34.41,18.9,2.28,77.97,45.91,8.49
8.5,39.6274,152.077,Southern Ocean,7964.7,2998.4,31.79,20.27,5.75,55.29,43.79,9.18
7.55,-80.7042,-163.243,North Atlantic Ocean,10322.7,2332.7,32.8,33.77,3.23,94.91,9.23,0.06
7.76,89.7455,117.6464,South Atlantic Ocean,2107.7,248.6,33.34,30.29,7.39,91.4,21.55,6.16
7.99,-52.0508,-156.0279,Indian Ocean,1821.7,2740.3,34.77,15.23,4.76,47.23,32.1,1.3
8.33,-15.9006,25.8653,Arabian Sea,6492.4,703.7,39.32,25.23,1.82,57.95,28.37,7.7
8.23,23.1612,-149.3051,Bay of Bengal,7695.5,1786.6,30.26,19.95,5.16,70.44,42.34,2.99
8.46,7.6571,104.7502,Norwegian Sea,3909.8,2799.6,32.01,32.62,5.33,49.82,28.6,2.31
7.71,88.3607,-179.1814,Southern Ocean,6906.9,2496.9,30.12,11.92,4.49,24.98,11.05,6.28
7.6,16.701,-41.8059,Coral Sea,8450.9,1082.3,36.29,22.24,9.01,70.88,41.5,9.87
8.09,-50.0805,10.6271,North Atlantic Ocean,7844.8,-85.7,32.35,18.24,2.52,59.03,19.6,1.32
7.93,11.4258,-82.4718,Southern Ocean,2333.0,1159.3,39.94,23.22,3.64,69.33,46.01,8.07
7.83,-31.4366,1.8859,Bering Sea,6383.4,1715.6,31.97,-0.22,4.58,38.36,40.15,5.66
8.28,29.7897,135.4291,North Pacific Ocean,6029.0,293.4,34.51,18.3,6.77,64.87,3.15,0.39
8.05,-82.9245,39.6056,South Pacific Ocean,6689.4,-68.7,33.08,21.72,4.51,45.6,7.79,2.25
7.82,-40.2451,19.1074,Norwegian Sea,4910.7,2878.7,32.65,30.87,8.34,14.12,36.39,6.26
8.04,8.7019,173.1327,Arabian Sea,6303.6,2339.5,39.56,27.97,9.64,3.9,43.91,4.09
8.43,49.8225,-39.5999,Norwegian Sea,4449.6,1534.2,38.79,21.94,7.55,83.42,26.31,2.82
7.76,60.019,137.5033,Bay of Bengal,9328.1,1510.5,30.08,27.66,1.11,80.68,34.93,2.78
7.95,74.6013,52.8307,Southern Ocean,2844.7,2140.4,33.61,19.73,9.92,9.35,36.16,2.68
7.79,-21.9086,99.0639,North Atlantic Ocean,1034.4,2119.9,36.58,20.43,7.92,19.59,23.55,6.06
8.08,15.7127,-67.6721,Caribbean Sea,2093.9,122.8,34.75,10.62,7.83,64.68,22.6,7.36
8.4,15.4586,39.8327,Bay of Bengal,7588.5,597.6,39.84,16.82,5.46,59.41,41.19,4.47
8.15,71.8976,125.4532,Red Sea,3348.6,1758.3,37.16,2.92,1.14,54.21,43.13,5.77
7.69,62.3194,45.2251,Indian Ocean,2854.1,2140.0,36.09,16.49,5.58,19.86,8.9,8.46
7.63,-13.586,63.3523,Red Sea,2925.2,-320.4,33.95,11.3,2.66,22.14,21.14,9.58
7.54,17.1029,3.9793,Southern Ocean,767.5,1980.2,31.7,7.55,7.07,44.0,49.19,1.03
8.34,74.8279,-134.2549,Coral Sea,10473.8,-449.1,37.1,26.26,1.16,70.04,0.04,0.59
7.97,89.9684,89.7839,Red Sea,3795.6,498.0,30.37,12.65,5.03,63.46,40.42,0.55
7.92,42.9306,70.1539,Caribbean Sea,7090.2,2835.8,39.28,20.1,8.48,37.73,15.46,5.87
7.76,-77.6634,-1.4625,South Atlantic Ocean,7996.8,1018.8,33.84,9.56,9.81,72.11,8.27,0.36
7.93,70.5318,-34.8595,Arabian Sea,4142.1,1220.8,35.52,13.79,9.82,60.98,18.71,3.43
7.85,-3.9812,60.0784,Southern Ocean,9615.3,2088.9,34.05,6.18,9.34,11.35,6.2,8.49
8.24,-26.8855,72.0376,Baltic Sea,7846.4,1543.8,33.65,15.13,5.1,90.22,24.38,1.11
8.21,-37.7771,-42.2168,Bay of Bengal,655.6,560.3,39.83,22.4,6.56,97.56,41.05,9.14
7.95,54.6648,-69.5889,Bay of Bengal,9022.9,1564.8,35.63,13.12,1.43,64.87,8.68,4.58
8.15,71.6927,169.1617,Caribbean Sea,2422.0,1403.6,38.81,14.89,5.43,11.92,4.97,6.15
8.09,33.4347,171.3707,Coral Sea,4363.6,-50.2,31.95,13.38,8.28,21.51,23.6,9.3
8.14,-79.2754,-45.3307,North Pacific Ocean,10890.7,2105.4,35.42,18.73,1.85,16.9,22.73,2.78
8.26,87.6295,165.8912,Bering Sea,2862.6,1627.2,34.86,11.18,4.13,31.67,12.7,9.53
7.59,10.3969,30.4873,North Atlantic Ocean,10256.9,-278.0,33.9,-0.08,5.59,88.27,22.33,8.91
8.33,58.9417,-174.9358,Bering Sea,8544.0,4.8,34.91,26.26,5.95,5.46,35.39,8.07
7.78,39.8069,-140.1054,Coral Sea,7973.9,-42.4,32.42,7.79,5.57,8.25,31.98,0.06
7.88,-29.6486,-100.7285,Baltic Sea,10901.1,-255.5,37.93,20.61,6.43,86.41,1.92,6.79
7.78,75.2167,113.0078,South Atlantic Ocean,9855.1,233.7,36.07,29.37,8.22,98.02,39.41,8.06
8.33,-35.1322,84.0344,Coral Sea,9357.4,1508.4,31.19,24.34,8.84,90.93,44.82,3.93
8.37,86.3553,117.3257,North Pacific Ocean,589.9,-73.7,34.84,9.82,3.38,29.82,40.8,9.94
7.64,87.1174,7.235,North Pacific Ocean,4173.9,268.8,39.43,17.4,6.83,12.99,41.75,1.99
8.02,-82.2271,22.2384,Southern Ocean,3699.3,2723.4,39.4,14.9,7.41,80.1,3.14,8.19
7.88,-66.7332,-163.6606,Coral Sea,754.8,1685.6,39.9,3.22,3.38,55.74,23.18,5.68
7.68,-47.8058,-103.0468,North Pacific Ocean,1273.4,1488.7,32.21,10.07,5.21,55.38,47.31,4.54
8.06,-23.5312,-14.2124,South Pacific Ocean,7531.6,330.8,38.03,12.74,4.77,26.24,0.71,7.76
7.87,27.6196,107.5864,Bering Sea,8899.8,1318.1,35.93,2.2,3.87,56.49,43.97,2.01
8.22,-24.2762,52.4885,Coral Sea,6782.1,242.2,37.71,3.97,6.81,28.65,0.11,1.94
8.34,78.7184,43.6624,Bay of Bengal,8586.2,1338.9,36.48,17.11,2.74,43.09,47.1,4.38
7.51,-4.2997,141.6793,Red Sea,6629.3,2186.7,32.38,31.31,6.05,42.87,2.12,6.8
8.05,10.3206,36.6386,Arabian Sea,7857.6,1669.1,30.93,22.74,5.44,66.86,16.93,6.88
8.08,22.7347,-81.3825,South Pacific Ocean,7962.2,537.0,34.89,21.07,3.46,93.1,34.97,0.83
7.82,-13.4214,-4.6435,South Atlantic Ocean,8912.9,1952.3,33.87,12.25,2.26,63.46,25.79,3.79
8.3,24.2321,77.2058,Caribbean Sea,3430.3,730.7,34.13,15.03,7.44,32.42,10.37,0.2
8.41,-73.8709,119.324,Norwegian Sea,8691.8,346.0,35.8,4.9,6.49,90.75,34.97,6.24
8.26,0.3725,11.1737,Arabian Sea,5503.7,726.0,37.69,34.02,3.38,28.66,36.41,3.87
8.03,-30.5605,111.6013,Indian Ocean,10580.3,1239.5,37.27,26.1,1.44,65.69,33.85,6.23
7.51,-53.6315,176.2605,South Pacific Ocean,1810.5,2071.7,34.77,0.16,8.85,59.07,27.78,1.34
7.92,-83.2058,-157.6812,Coral Sea,10856.4,2948.3,35.32,5.11,7.54,11.8,49.26,6.71
8.19,50.5624,83.0107,Norwegian Sea,1007.1,2946.6,35.82,20.04,7.8,49.47,45.94,4.89
7.66,-68.1528,153.7607,Red Sea,6580.1,1994.6,37.58,33.89,8.93,67.63,29.34,8.39
8.28,-59.2254,0.0751,North Pacific Ocean,7505.6,-264.2,38.81,17.57,3.38,64.48,11.05,7.72
8.11,-59.731,-42.8631,Bering Sea,9902.7,1436.3,35.27,31.33,6.7,66.82,22.52,9.62
7.83,86.477,18.5834,South Atlantic Ocean,8358.1,158.0,38.63,12.0,9.21,86.4,4.71,3.11
8.35,-44.3911,146.8025,Norwegian Sea,1050.9,678.1,39.34,8.32,6.48,41.19,39.12,8.59
8.14,-56.4703,126.7058,Indian Ocean,6786.5,1375.7,31.99,33.24,2.06,83.65,8.62,8.12
7.8,84.4626,36.0648,North Atlantic Ocean,7716.2,643.5,34.66,4.36,8.97,91.72,42.0,0.78
7.7,22.8981,155.4472,South Atlantic Ocean,2237.5,2249.3,33.3,25.25,4.71,51.95,26.09,6.47
7.66,32.8472,80.8025,Gulf of Mexico,7233.2,-365.6,31.41,13.72,3.98,91.98,30.53,1.51
8.49,56.685,-44.607,Southern Ocean,1005.5,878.2,32.64,4.41,3.8,89.94,27.65,6.79
8.37,8.3263,-94.3124,Coral Sea,1554.7,2021.8,34.12,12.54,6.04,83.71,12.25,9.27
8.19,7.7037,47.182,Baltic Sea,3980.2,2936.6,35.2,34.09,7.13,63.89,37.97,1.69
7.97,89.6954,94.2531,Red Sea,2156.3,1434.7,35.14,6.16,3.19,46.96,38.53,1.94
8.35,34.1822,59.569,Gulf of Mexico,38.2,2452.1,33.29,34.38,6.92,24.49,46.32,5.13
8.2,38.0727,41.2273,North Pacific Ocean,6832.0,1219.9,39.53,30.44,6.61,45.37,7.32,1.97
8.06,-74.1308,-147.5667,Red Sea,5090.9,2998.2,30.52,15.42,7.95,91.31,45.68,6.3
8.28,-69.4281,35.2031,Southern Ocean,2453.5,2610.3,37.65,20.14,1.58,29.07,19.65,2.78
7.62,1.3852,-176.198,Caribbean Sea,2334.5,1746.2,39.21,2.96,8.89,85.76,32.35,7.66
8.37,41.1689,-165.5,Arabian Sea,6524.1,1383.8,37.71,29.94,6.96,42.66,28.78,7.29
7.63,45.6949,-89.5548,Coral Sea,1183.3,2753.6,31.26,7.04,8.87,79.22,28.31,5.95
8.4,51.0263,-135.5292,Gulf of Mexico,2732.3,1880.4,38.69,14.98,1.01,37.47,31.77,4.84
7.72,38.3064,-97.7696,Baltic Sea,451.5,2625.1,33.01,31.92,1.32,9.68,36.96,7.91
7.89,-68.8938,169.2019,Bering Sea,8427.5,1093.1,32.4,3.48,5.85,39.02,35.76,0.38
8.26,60.1053,156.2178,Bay of Bengal,10738.4,1054.6,39.42,33.48,5.86,89.28,23.69,5.42
7.61,48.0143,-154.1077,South Atlantic Ocean,2924.0,2909.5,35.0,16.3,6.32,46.35,5.3,9.88
8.47,-22.7781,-149.6492,Gulf of Mexico,5109.8,2438.1,34.44,19.63,6.17,38.1,21.94,6.67
8.25,-16.4371,29.3799,Southern Ocean,4808.7,1387.9,32.51,31.73,3.78,99.69,35.59,0.69
7.76,9.6417,160.3023,Southern Ocean,5958.3,2626.3,35.23,0.66,1.94,53.0,45.6,5.33
8.39,88.7101,94.2465,Arabian Sea,4126.2,-200.7,34.95,21.74,9.31,3.13,23.54,2.4
7.54,43.9572,67.8595,Baltic Sea,1454.6,855.7,33.52,14.56,8.14,11.63,16.66,8.03
7.51,60.8004,-34.8202,North Atlantic Ocean,2730.8,646.8,33.38,2.51,6.47,31.0,32.29,4.08
7.82,-52.9813,73.7234,Gulf of Mexico,8766.5,2587.2,32.71,15.82,5.73,84.89,7.02,8.3
7.6,1.037,36.9904,South Atlantic Ocean,6578.3,1144.5,37.29,2.82,4.6,47.49,22.82,1.22
8.32,11.2777,104.9498,Baltic Sea,758.3,1137.5,38.82,14.53,3.75,4.84,11.6,2.54
7.88,-82.0374,151.0152,South Pacific Ocean,2380.2,-117.3,35.98,-1.87,2.41,20.39,11.8,7.85
8.12,-69.9301,85.8556,Red Sea,4401.1,1619.5,35.38,30.42,6.04,13.23,21.85,2.19
8.32,-51.4022,-94.3373,Bay of Bengal,7107.7,1146.4,37.46,18.09,7.23,77.89,25.89,4.98
7.65,69.0108,-7.8085,Caribbean Sea,8634.9,39.8,35.77,33.36,6.68,24.98,43.3,7.61
8.47,49.5317,80.0639,North Atlantic Ocean,6425.4,2362.3,33.09,13.35,1.0,42.3,23.75,1.37
8.15,-2.4635,113.9393,Arabian Sea,9893.3,1606.0,34.34,32.3,1.46,56.37,41.08,1.6
7.57,51.1577,-100.257,North Atlantic Ocean,8855.2,2787.8,34.07,18.06,7.99,83.52,46.43,4.64
8.04,3.8258,21.2306,Caribbean Sea,5241.3,1271.5,34.17,-1.66,6.02,38.32,40.63,5.58
8.37,75.9443,158.1763,Indian Ocean,8019.8,1700.7,36.03,18.58,7.1,5.88,33.6,1.97
8.4,-38.6567,61.7005,Red Sea,1778.3,726.6,35.32,12.04,7.02,6.52,33.19,7.77
8.25,-68.6058,14.7739,North Pacific Ocean,3826.2,1350.0,30.42,31.94,7.95,13.94,46.42,6.28
8.47,-81.1746,71.5362,Bay of Bengal,234.7,705.9,30.93,30.64,3.11,82.8,37.4,6.55
8.0,-11.1211,22.3718,Caribbean Sea,8161.9,-150.2,30.03,21.81,4.36,42.48,8.91,4.93
7.9,-35.0521,-75.4077,North Atlantic Ocean,10245.4,-220.2,38.95,13.15,8.86,70.01,32.56,8.4
7.72,84.1309,-33.4216,Caribbean Sea,4153.9,691.4,33.92,31.45,4.75,75.37,19.54,1.23
7.96,68.8303,119.3945,Caribbean Sea,3397.1,-176.9,34.69,3.62,5.76,82.09,4.69,4.48
8.36,-12.6118,31.8702,Arabian Sea,2917.8,174.7,30.2,0.45,9.31,43.01,38.84,2.01
7.55,-87.0087,-26.2119,Bay of Bengal,0.2,88.0,34.07,19.1,5.67,16.6,26.24,8.29
7.72,-73.0793,-139.367,Bay of Bengal,3378.6,2091.5,36.76,16.96,5.41,84.04,13.24,8.61
8.47,-51.2255,-138.5942,South Atlantic Ocean,183.8,1101.5,32.56,31.42,2.43,52.5,6.73,1.4
8.29,-19.3959,-125.565,Norwegian Sea,6172.2,-293.6,36.44,6.28,4.95,46.55,6.35,3.51
7.78,54.3029,153.4215,Bering Sea,7528.7,283.2,30.8,0.92,8.75,71.7,49.63,3.5
8.34,63.5059,164.6042,Coral Sea,3941.0,-267.3,35.35,23.25,2.54,82.44,39.48,3.19
7.64,89.8379,83.9957,Southern Ocean,4431.6,259.4,39.75,1.2,3.8,73.36,37.47,5.35
8.17,5.6029,-162.7596,Baltic Sea,3487.2,1822.2,39.53,13.78,9.11,14.87,13.59,5.02
7.7,80.6522,36.8414,North Atlantic Ocean,2931.1,2282.4,38.16,25.73,9.69,71.66,28.48,9.29
8.03,27.5732,44.7446,Caribbean Sea,3563.4,2415.4,34.72,31.36,4.95,5.27,42.08,2.76
8.13,-3.9677,174.4813,Coral Sea,6181.6,55.8,30.18,21.72,1.1,88.41,6.14,9.4
8.23,-65.6973,-93.8235,North Atlantic Ocean,6177.7,1933.0,35.78,-0.28,9.29,92.51,25.05,3.28
8.41,74.9877,80.3183,Bay of Bengal,8092.9,-97.4,30.93,9.3,2.43,52.89,2.54,4.13
8.29,70.8905,177.7087,Arabian Sea,1468.2,2860.4,32.11,0.6,6.57,21.34,1.29,3.8
7.8,68.2983,158.0704,Southern Ocean,10547.4,924.5,35.99,-1.77,5.61,33.77,3.92,6.83
8.34,83.4619,-52.3929,South Atlantic Ocean,5753.3,-376.3,33.89,34.9,1.49,88.73,39.67,3.38
7.56,57.4306,-129.1086,Bering Sea,9312.9,-25.6,31.21,2.87,5.22,96.22,9.04,5.22
8.24,-89.0014,-152.3974,Bay of Bengal,678.0,2428.9,32.07,22.26,4.45,5.76,5.45,0.77
7.98,38.7072,-158.4587,South Atlantic Ocean,3971.2,694.0,33.19,8.21,7.6,1.37,16.14,7.49
7.94,-15.1494,-148.2963,Baltic Sea,8014.0,-425.5,38.62,24.05,8.96,54.93,3.53,3.99
8.2,79.9406,172.6332,South Atlantic Ocean,1068.1,1692.7,39.32,4.88,2.15,20.1,31.26,6.92
7.56,51.1785,175.2959,Caribbean Sea,1848.6,2897.3,39.93,8.36,3.56,79.54,14.73,7.6
8.37,54.5645,-138.357,South Pacific Ocean,6322.8,-385.3,38.56,31.48,4.39,98.28,15.99,6.57
7.76,-70.4115,-150.5305,Red Sea,5374.7,1966.4,39.66,27.71,4.58,8.78,39.33,8.06
8.31,-6.4435,59.2473,Red Sea,4358.5,1588.2,35.2,22.36,5.16,4.1,4.68,9.09
7.82,-7.9473,114.7908,Norwegian Sea,1814.9,-477.3,35.1,15.17,3.02,42.18,4.33,3.3
8.23,-0.9774,92.9586,Caribbean Sea,126.4,1411.2,33.92,21.57,4.89,32.45,26.38,3.67
8.42,53.3132,-176.6542,Bering Sea,66.0,60.4,33.01,19.49,4.44,38.58,30.02,5.04
8.19,-50.3114,-23.4968,Indian Ocean,6709.3,2303.9,36.56,4.99,2.38,32.6,11.61,7.46
7.73,-57.7004,79.2115,South Atlantic Ocean,4717.3,649.9,37.97,34.14,1.17,11.63,41.63,8.4
8.2,64.4206,112.6251,North Pacific Ocean,8610.2,260.2,39.72,8.27,6.82,88.94,46.94,4.7
8.2,60.2674,69.9481,Bering Sea,3735.4,856.6,36.34,-0.28,2.73,0.44,47.54,8.17
8.42,29.9166,-61.3038,Bering Sea,0.7,2265.0,37.79,10.85,6.56,13.22,50.0,7.2
7.76,-78.7407,-82.506,Southern Ocean,5591.3,395.4,33.06,18.23,1.96,23.15,21.16,2.15
8.47,39.6092,118.4513,South Pacific Ocean,4937.2,1375.8,33.22,0.57,2.44,41.88,39.64,8.23
8.19,-70.5791,15.6038,South Atlantic Ocean,2151.5,1919.1,30.32,19.8,9.5,16.28,12.78,6.6
7.82,-18.5648,-88.4479,Baltic Sea,10944.6,547.1,35.17,8.59,8.83,38.32,24.17,8.2
8.01,61.0859,132.2312,Baltic Sea,1249.5,1746.5,36.42,1.0,5.61,7.08,34.35,0.76
8.26,-84.4885,114.0181,Southern Ocean,4239.1,2832.9,34.5,15.43,4.09,47.82,17.93,2.92
7.55,24.1698,-2.352,Baltic Sea,5816.5,1401.9,33.15,22.66,7.19,63.77,0.4,8.73
7.84,9.4286,111.7338,North Atlantic Ocean,3769.2,118.7,37.96,21.94,8.22,83.74,21.76,4.17
8.39,-22.1613,-142.759,Bay of Bengal,3981.1,1730.3,36.43,8.68,7.81,68.98,30.05,9.77
7.61,-51.6444,146.6964,Arabian Sea,9894.8,2926.5,39.65,10.67,7.1,23.24,27.09,6.33
8.03,-60.1793,172.0137,Baltic Sea,4490.0,2150.5,33.89,29.27,1.44,63.51,46.97,2.62
8.08,61.2059,-176.0862,Arabian Sea,5035.8,285.7,39.21,3.37,7.97,24.86,42.58,0.85
7.79,-70.0874,132.0505,Norwegian Sea,5473.3,799.6,39.43,28.05,8.2,54.53,20.76,7.91
7.9,83.7303,90.7144,Caribbean Sea,6599.0,-157.3,37.87,2.37,1.96,69.56,0.27,6.07
8.41,-54.7027,127.8294,Bay of Bengal,4133.1,1233.0,36.13,6.34,2.38,43.65,18.49,0.34
7.56,39.844,-73.144,Caribbean Sea,10242.1,639.9,36.0,7.95,3.72,14.32,36.65,1.87
7.66,10.304,163.8128,Red Sea,878.1,1439.4,39.68,23.6,2.43,12.39,33.11,1.74
8.4,-22.6124,119.8503,Gulf of Mexico,2651.9,29.3,34.43,21.53,2.45,29.92,45.88,9.56
7.68,74.5611,-31.6133,Baltic Sea,10563.1,2940.8,34.79,9.06,3.55,25.46,12.32,9.21
7.67,-83.8525,103.8392,Coral Sea,2648.8,774.7,39.3,9.98,6.21,7.18,0.57,0.68
8.08,48.0634,-26.6196,Caribbean Sea,9426.2,1299.9,39.13,1.15,6.8,5.97,44.15,7.48
8.48,43.1348,-61.3105,Arabian Sea,7728.3,2998.5,33.02,18.8,3.72,11.69,42.78,6.42
7.95,60.4088,-127.4401,South Atlantic Ocean,9003.2,684.6,37.73,12.09,9.18,76.9,17.89,4.63
8.02,70.507,153.9579,South Pacific Ocean,7364.8,799.8,35.35,22.81,8.07,80.61,48.54,7.88
8.33,-7.6832,-96.6403,Southern Ocean,4582.4,2313.2,37.05,34.12,5.54,80.89,2.35,4.4
8.2,31.5161,4.0236,South Pacific Ocean,10766.1,-240.7,35.4,33.26,3.01,7.28,36.33,9.06
8.5,13.5418,10.2395,North Atlantic Ocean,80.5,419.3,33.76,4.77,6.57,18.33,49.8,0.38
8.11,16.5099,-167.8045,Bering Sea,6042.4,1218.1,31.9,15.97,1.33,6.43,42.83,8.07
7.92,-85.5058,106.785,Indian Ocean,3730.3,1509.5,33.22,12.15,2.54,27.1,49.33,1.11
7.83,83.3094,69.6554,South Pacific Ocean,6292.9,2390.9,30.83,0.19,4.95,63.15,22.31,9.05
8.49,-60.8232,-75.7316,Bering Sea,10300.9,2125.3,32.67,14.91,8.28,67.83,17.73,4.01
8.31,-15.4147,155.8184,Arabian Sea,10621.1,2018.5,34.53,11.67,5.09,31.4,41.95,5.32
8.32,36.0736,176.9606,North Atlantic Ocean,3473.7,851.3,34.96,0.67,3.18,83.26,24.27,1.39
7.69,-51.6457,62.5823,North Pacific Ocean,10313.8,2903.2,38.43,12.16,3.35,14.57,5.13,5.44
7.96,-69.0959,89.5233,Bay of Bengal,10855.3,2406.9,30.67,-1.01,4.29,7.13,15.69,8.63
7.52,71.2325,-158.567,Arabian Sea,5274.1,1150.2,30.58,22.02,6.3,64.94,10.65,5.43
8.03,14.4826,-23.263,Coral Sea,1455.5,697.7,32.94,33.02,1.56,4.25,19.2,3.97
7.57,-65.7523,-171.1203,South Atlantic Ocean,10685.5,-490.6,30.5,6.63,5.72,43.39,22.98,3.77
7.7,67.1428,78.8704,Caribbean Sea,9864.3,854.2,30.18,17.06,3.9,42.76,40.01,2.47
7.78,-56.0399,119.099,Indian Ocean,7235.7,-311.7,34.82,20.34,8.42,27.36,36.38,7.96
8.32,28.3447,-137.149,Arabian Sea,306.5,567.7,35.54,6.95,3.56,30.27,46.3,3.82
7.6,63.9978,-146.2347,Indian Ocean,3931.3,189.8,32.49,9.13,3.27,87.33,27.62,4.15
8.41,21.5425,116.4056,Arabian Sea,1696.7,644.2,39.45,8.44,6.09,15.94,17.23,6.06
8.07,-88.7433,2.5543,Baltic Sea,2086.1,-285.9,37.04,23.34,7.94,92.43,21.8,8.18
7.61,26.9352,124.6967,North Pacific Ocean,7553.6,2217.8,30.78,24.83,5.2,49.28,23.28,7.9
8.49,12.194,-37.5333,Bering Sea,4302.0,-191.3,39.56,20.39,7.76,96.79,38.4,3.71
7.5,5.0559,-117.2005,North Pacific Ocean,3728.8,2012.9,36.17,23.49,2.99,3.07,4.15,7.26
7.66,-34.8952,-46.4708,Bay of Bengal,5135.6,2773.6,31.47,34.71,5.9,11.12,31.51,8.99
7.68,22.7661,-79.468,North Pacific Ocean,1758.4,1215.6,30.88,26.71,9.61,23.92,19.58,9.9
8.37,-87.0267,3.3065,South Pacific Ocean,4823.4,2247.1,31.17,24.36,8.05,1.92,19.13,5.81
7.85,3.2677,140.6893,North Atlantic Ocean,10296.9,2802.5,35.13,29.24,3.39,71.27,43.88,4.74
8.33,-30.918,-51.2901,Arabian Sea,8754.7,1384.9,34.83,27.15,9.7,68.12,32.13,1.61
7.54,-81.3883,84.669,Baltic Sea,458.9,424.0,38.72,21.08,8.73,92.48,36.07,9.75
8.46,-42.7637,50.0235,Bay of Bengal,4741.1,-424.8,31.55,13.38,2.39,61.26,17.61,2.04
8.35,60.6023,-99.8187,South Pacific Ocean,9449.6,1018.2,32.57,13.88,6.32,23.9,22.07,0.56
7.98,-43.4864,-65.7785,North Atlantic Ocean,2763.6,37.7,37.79,21.47,7.56,44.03,22.74,7.42
7.65,-5.0292,-105.6651,North Atlantic Ocean,9229.2,2491.7,34.87,31.16,3.71,49.94,13.86,7.77
7.72,11.7407,92.9748,Arabian Sea,6500.0,2271.8,36.25,19.7,2.87,29.3,46.43,9.45
7.73,-38.3166,-133.8292,South Pacific Ocean,100.8,2069.8,34.13,23.91,5.32,12.78,43.23,9.52
8.2,7.8097,28.2713,Bering Sea,9717.3,-171.6,34.17,19.56,2.43,16.32,3.45,7.83
7.87,81.9812,-118.3423,South Atlantic Ocean,9865.1,1767.2,39.78,23.9,8.49,98.59,35.87,5.07
7.5,-56.8398,-108.9343,North Atlantic Ocean,9080.6,591.4,39.37,29.56,6.87,79.14,44.13,3.62
7.88,70.5905,-178.135,North Pacific Ocean,5799.1,1203.5,36.67,34.32,1.83,63.24,26.6,0.12
8.07,11.0063,-21.3112,South Atlantic Ocean,8015.2,2898.2,32.62,20.84,1.0,39.02,21.72,4.17
7.55,50.2741,111.3676,Bering Sea,1423.3,-173.1,37.9,24.15,1.96,58.93,0.24,6.76
8.05,17.8438,-148.2858,Bay of Bengal,9468.0,1795.1,35.5,26.57,5.8,10.29,36.39,8.21
8.28,-35.0464,124.6602,Gulf of Mexico,10438.0,2748.4,36.31,25.15,7.72,21.13,29.43,4.34
8.06,13.4341,123.661,Caribbean Sea,3614.6,-320.9,36.11,33.22,2.66,45.4,48.03,8.99
7.83,-13.3083,-96.42,Indian Ocean,2874.4,1673.8,30.35,26.88,4.78,10.62,20.28,1.16
7.86,16.8848,134.364,South Atlantic Ocean,2714.1,1568.6,31.67,1.53,8.61,98.8,34.77,1.97
7.93,11.7742,117.5534,South Atlantic Ocean,3717.5,1575.0,33.95,-1.19,2.71,96.77,19.26,0.72
8.35,32.0454,55.5762,Bering Sea,862.3,464.6,30.62,13.82,7.63,22.84,44.02,7.38
7.53,40.5136,119.2686,North Pacific Ocean,8708.7,2025.3,36.98,30.77,7.67,51.15,9.15,1.15
7.85,8.5838,-153.4828,Bering Sea,3547.2,2470.5,32.23,-1.36,1.9,5.81,12.02,7.16
8.46,55.9283,-65.1303,Baltic Sea,883.3,570.3,39.34,5.89,3.22,2.33,39.6,8.04
8.33,33.4475,-76.0876,South Atlantic Ocean,10878.5,126.8,38.86,33.01,1.48,57.08,35.77,9.93
7.63,-44.2592,101.3857,Arabian Sea,2359.2,2831.6,36.08,14.01,9.43,23.2,19.95,9.29
7.85,78.9797,90.6227,South Atlantic Ocean,9003.2,2400.9,32.29,8.03,7.13,1.16,29.14,6.66
7.52,-77.2127,140.7579,Caribbean Sea,5417.4,2768.4,36.4,23.32,9.63,16.21,4.66,0.56
8.23,23.9405,-76.1447,Coral Sea,4135.1,-48.5,31.51,31.7,5.81,60.39,22.97,0.9
7.6,20.2173,-9.4222,Coral Sea,7345.0,2565.3,34.62,23.74,6.72,73.28,42.45,5.63
7.89,-10.0043,-173.2467,North Pacific Ocean,9479.6,2443.0,33.06,27.8,5.18,44.94,9.25,5.71
8.4,-4.0967,176.4551,South Pacific Ocean,617.0,1084.2,33.29,-0.31,6.47,69.8,46.45,2.57
7.64,49.9482,-32.0269,Indian Ocean,489.0,918.7,32.88,30.71,8.4,33.18,39.59,1.1
7.83,40.0003,20.8492,Bay of Bengal,10834.4,982.6,32.76,14.51,6.89,25.0,37.76,0.94
8.32,-15.4271,11.6778,Arabian Sea,2942.7,1601.4,34.94,23.17,9.64,30.24,47.66,3.88
8.13,-51.4473,-39.8683,North Pacific Ocean,601.8,1621.9,33.5,11.43,8.47,26.64,49.06,6.03
8.26,-78.8785,-96.1415,South Pacific Ocean,3614.5,2319.9,32.5,16.14,5.17,3.81,46.82,0.36
8.46,40.3582,88.6136,Bering Sea,1990.8,771.6,32.25,23.7,2.97,91.99,17.57,5.58
8.41,35.3349,-44.6119,Caribbean Sea,4971.2,-379.0,37.84,1.54,8.27,55.58,0.29,5.3
7.79,-38.7597,62.1062,Baltic Sea,9696.7,603.2,31.09,12.36,9.52,35.25,26.2,9.06
7.8,81.5386,82.935,North Pacific Ocean,9853.4,1862.6,33.79,32.47,6.27,44.58,20.22,0.32
7.59,27.1437,81.3502,South Atlantic Ocean,3430.0,2513.7,37.6,31.86,2.13,35.62,12.14,4.42
7.88,29.8543,-150.6478,Bay of Bengal,5234.4,476.9,31.85,2.67,7.67,74.83,1.96,4.86
8.27,11.3995,170.8518,North Atlantic Ocean,5950.2,2025.6,33.42,22.09,9.77,64.72,26.6,8.07
7.76,26.3047,93.449,Red Sea,2774.8,1018.0,30.22,14.16,2.48,98.65,19.08,1.17
8.33,89.8317,35.032,Bay of Bengal,1844.3,-197.6,37.58,10.44,7.91,56.72,17.19,0.43
8.07,54.2703,-76.1685,Coral Sea,5226.3,-190.8,37.85,14.45,3.35,17.11,8.99,8.93
7.86,-13.947,-125.454,Norwegian Sea,4458.1,98.2,35.55,29.07,2.0,66.65,42.87,7.1
7.92,-54.9079,105.9377,Baltic Sea,9885.6,1975.8,36.41,0.13,7.95,7.72,49.08,1.08
8.27,45.5963,-38.0241,Bering Sea,9314.6,2449.6,32.12,19.82,5.82,28.12,46.2,3.75
7.82,68.2374,148.2403,North Pacific Ocean,7301.6,-260.1,36.69,12.2,6.56,20.94,11.49,0.99
8.22,4.0929,158.5614,South Atlantic Ocean,3121.8,485.1,38.41,26.03,1.08,29.96,10.41,6.77
7.92,76.2301,-159.9512,Arabian Sea,4091.7,2637.4,31.9,28.41,5.31,28.11,39.97,9.52
8.32,10.499,28.9253,Gulf of Mexico,1951.9,1760.7,37.54,11.12,7.27,72.05,21.44,9.5
7.71,-51.01,-41.8626,Baltic Sea,2970.2,695.0,36.59,15.01,6.86,47.62,44.3,1.57
7.81,-13.3158,-32.9656,Bering Sea,10821.4,1657.6,34.26,13.19,2.73,5.91,13.68,4.44
8.0,-14.1014,41.8327,Baltic Sea,6061.1,651.8,30.02,14.35,3.46,69.07,38.99,1.57
8.25,-58.6446,99.8426,Indian Ocean,8995.5,45.6,38.24,28.96,2.17,22.23,6.74,7.92
7.66,33.7811,17.8829,Caribbean Sea,3016.1,-498.0,33.44,16.03,8.42,47.11,14.44,3.05
8.4,61.6062,92.4291,Coral Sea,4520.1,2118.2,30.6,1.0,4.19,60.52,44.88,6.69
7.52,-52.3934,167.4749,Norwegian Sea,6579.4,1083.1,37.5,29.24,2.41,64.43,30.99,5.96
7.53,48.222,-32.0282,Indian Ocean,554.5,2459.0,39.14,17.76,3.12,67.09,17.05,7.77
7.95,-63.7649,-19.9671,Baltic Sea,9885.9,2313.8,33.63,2.55,2.52,82.24,25.03,1.04
8.33,-30.2176,62.4088,Arabian Sea,9309.1,-373.5,35.71,8.91,7.73,60.46,45.84,7.5
7.63,43.1058,-165.7918,North Pacific Ocean,10792.4,1334.5,34.19,20.8,7.9,79.83,45.24,5.54
7.99,-18.02,-137.7636,South Atlantic Ocean,4243.0,690.7,33.1,22.97,5.29,18.23,16.08,9.96
7.93,-88.5609,-125.802,Bay of Bengal,1353.3,2682.9,38.46,32.02,5.89,80.38,39.77,5.66
8.24,56.6087,28.1461,Bay of Bengal,7482.1,2921.2,30.79,25.97,2.02,73.63,35.62,4.2
7.71,-49.6308,15.873,Southern Ocean,1446.5,347.3,32.12,13.36,9.9,56.55,16.53,7.38
8.09,63.9421,-69.863,Arabian Sea,3409.6,230.9,31.71,26.68,7.88,92.22,1.55,4.36
8.42,-44.2281,26.9673,Southern Ocean,2368.3,15.9,39.11,26.17,6.98,93.89,18.17,4.78
7.56,-44.1335,167.1424,Gulf of Mexico,7000.7,2650.4,37.99,29.41,4.61,40.03,0.23,9.51
8.38,69.0812,130.3161,Norwegian Sea,7119.2,1062.4,37.51,14.55,4.98,67.92,39.01,6.35
7.71,-27.0916,-50.5867,Bering Sea,3647.4,288.7,39.8,15.31,3.38,53.53,31.33,1.87
7.58,29.9957,162.4682,Coral Sea,8178.1,570.0,31.47,9.42,3.68,18.68,48.45,2.78
7.82,-25.7339,-52.2664,North Pacific Ocean,8607.6,917.2,34.5,3.06,8.3,51.56,3.62,2.02
8.01,7.4339,26.4635,Caribbean Sea,7557.0,2932.1,37.49,6.77,4.56,3.58,15.6,9.21
7.86,48.7422,67.0209,Arabian Sea,637.2,2634.0,36.92,27.0,4.82,16.29,12.56,4.18
7.63,75.3263,39.2227,Bay of Bengal,1606.4,1224.8,31.73,7.75,2.96,12.95,18.92,7.72
7.98,27.3276,124.2244,Baltic Sea,4170.5,2528.1,37.46,14.47,8.65,98.41,46.19,8.48
7.5,-21.4654,23.5035,South Pacific Ocean,4797.9,337.2,34.46,-0.44,5.23,75.35,21.12,5.15
7.51,-19.067,-45.1451,Norwegian Sea,3603.2,1344.7,38.33,16.55,9.21,10.37,12.66,5.39
8.33,-61.9056,16.388,Arabian Sea,6113.1,2239.4,31.56,19.69,7.69,28.42,4.2,4.49
8.07,11.7858,156.4518,Bering Sea,3315.9,87.8,36.59,3.38,2.33,43.59,25.33,2.49
7.86,61.6041,75.6817,Arabian Sea,4594.2,1321.4,30.71,7.84,7.74,77.45,44.47,2.56
7.9,-66.5704,-79.1027,Caribbean Sea,220.6,724.2,31.54,2.98,9.77,22.12,36.95,8.45
7.96,-43.016,-172.8947,South Atlantic Ocean,3899.0,2216.1,35.18,4.5,6.33,51.2,27.05,4.15
7.74,-86.5139,37.5942,North Atlantic Ocean,7634.6,2509.5,32.13,34.23,2.23,46.75,29.67,6.89
8.23,4.6937,-126.9315,Southern Ocean,5532.7,-29.2,35.35,23.1,4.19,55.0,28.11,8.6
7.81,-79.5275,1.2904,Red Sea,7951.3,2298.1,37.08,17.08,2.27,89.95,23.22,1.34
8.08,14.2473,-91.5241,Norwegian Sea,6702.2,1766.0,36.47,23.79,8.06,42.77,43.8,9.24
7.63,-38.8354,143.0907,Baltic Sea,10795.8,2995.3,37.89,21.18,3.72,100.0,23.04,8.25
7.53,54.4885,-133.2423,Southern Ocean,2967.0,769.0,32.71,15.62,6.68,43.62,49.13,3.87
7.65,6.275,174.3328,Bering Sea,1172.1,1027.8,39.5,7.62,6.92,44.29,20.4,6.41
7.85,-3.3205,-140.1574,Baltic Sea,1475.7,1401.0,34.21,12.83,9.15,8.62,5.57,4.41
7.64,-48.3055,37.9097,Arabian Sea,2953.6,2281.8,30.95,8.63,2.84,48.0,10.17,6.35
8.16,76.6184,6.9158,Bering Sea,6328.0,1172.7,37.32,14.3,6.67,77.69,32.24,8.27
7.66,81.4149,81.0745,South Atlantic Ocean,8507.2,159.9,36.55,14.17,7.9,24.88,0.64,4.56
8.31,45.7425,-99.0358,South Pacific Ocean,417.0,2409.1,33.63,34.28,3.99,64.1,44.58,2.27
8.3,-34.8713,-25.7224,North Pacific Ocean,10621.8,261.2,34.91,2.99,1.86,60.8,2.53,6.2
7.78,51.9085,-178.3982,Norwegian Sea,3886.5,-24.8,38.07,26.48,2.74,52.27,25.45,8.85
7.97,40.365,61.313,Indian Ocean,9064.3,925.9,37.37,26.21,9.12,64.35,8.47,6.32
8.18,-51.9292,-64.9912,Bering Sea,7381.4,1510.2,31.15,17.71,9.63,64.43,32.32,9.95
7.92,-75.3116,165.0644,Norwegian Sea,6510.0,2403.8,31.76,26.31,6.41,13.87,9.1,5.83
7.58,-55.2566,-14.8256,South Pacific Ocean,946.8,77.5,34.27,24.32,5.92,92.46,47.57,7.63
7.78,66.0272,69.7153,Southern Ocean,9848.3,-90.8,35.14,25.07,9.0,51.02,17.14,3.04
8.01,-61.8444,-117.2378,Bay of Bengal,4153.4,2866.0,39.46,20.0,8.27,86.15,24.61,0.35
8.32,52.5725,110.2028,Norwegian Sea,9814.6,2213.0,31.04,5.43,6.87,34.61,4.17,0.91
7.57,-32.6786,-174.5991,Southern Ocean,2099.3,959.8,32.99,33.69,9.4,31.02,48.04,2.83
7.68,40.2255,-160.6511,Southern Ocean,10637.4,2088.8,34.62,21.94,9.6,95.29,22.88,9.65
8.43,71.901,99.7681,Indian Ocean,6846.6,47.5,39.98,34.01,7.64,42.66,7.6,8.37
7.82,51.8643,-34.361,South Pacific Ocean,9200.9,-204.5,37.53,0.29,9.41,81.73,5.69,1.06
7.88,6.7297,-160.6586,Baltic Sea,5531.8,860.2,38.74,16.41,4.45,33.97,19.14,1.11
8.17,-89.1257,-38.9904,Arabian Sea,6563.3,2378.2,33.51,27.6,9.68,95.99,8.2,9.09
7.87,-65.1896,-122.0712,Red Sea,3513.4,299.0,35.57,15.09,2.4,68.37,30.38,1.34
7.73,51.0174,-11.6257,Southern Ocean,8164.8,-83.6,39.08,15.39,8.43,20.04,32.49,7.13
8.47,-72.5105,176.2356,Arabian Sea,9931.5,1521.1,35.82,-0.06,1.4,64.84,5.34,7.72
8.02,85.1697,-175.4777,Red Sea,7887.2,2867.1,37.85,15.51,8.22,33.61,0.54,4.38
7.87,84.6515,100.4057,Arabian Sea,5177.4,407.8,36.11,31.24,4.25,14.51,37.26,5.08
8.26,-37.0937,-47.7488,Coral Sea,9190.4,1397.0,37.06,33.27,5.19,6.4,28.67,1.72
7.6,-83.8454,102.3851,Norwegian Sea,5491.2,2086.2,31.35,11.33,2.73,26.68,23.92,7.15
8.4,44.4387,-19.3063,Baltic Sea,4834.0,730.0,36.34,8.43,5.95,95.95,44.25,1.82
8.31,-55.5914,90.3728,North Pacific Ocean,7311.6,677.2,34.39,21.05,3.05,64.7,13.42,4.08
7.88,42.0067,17.9487,Gulf of Mexico,2527.3,1824.2,32.48,30.53,8.29,99.09,29.47,4.6
7.69,-29.7076,88.1868,Caribbean Sea,5231.4,1072.8,31.11,34.66,8.04,7.46,15.73,7.68
8.36,-22.8972,4.7237,Bering Sea,445.5,2724.4,32.06,19.37,7.05,65.73,21.65,8.55
8.46,18.1681,61.4295,Southern Ocean,10829.1,7.7,37.55,30.8,2.82,48.66,5.74,7.26
7.55,-60.4986,-14.4649,South Atlantic Ocean,10576.3,840.3,36.32,19.75,2.37,95.8,36.74,1.41
8.49,84.5099,-95.2067,South Atlantic Ocean,10843.5,-396.5,33.91,7.25,3.13,5.71,0.09,3.26
7.89,-82.1944,92.6136,Coral Sea,9664.8,175.1,36.2,15.85,3.96,56.03,18.8,7.75
8.31,80.6088,-0.3948,Norwegian Sea,9911.9,986.2,38.04,30.48,4.16,10.92,44.21,0.99
7.96,-36.2567,-39.0394,Gulf of Mexico,941.8,792.7,38.64,27.0,2.82,87.04,42.56,4.17
8.02,29.961,176.8479,Indian Ocean,2338.5,648.0,33.4,29.93,8.64,93.64,7.16,8.18
8.04,89.6357,-160.7869,Caribbean Sea,7343.5,-380.8,33.9,22.25,3.46,42.32,23.58,3.48
8.46,-47.344,81.0684,Caribbean Sea,2227.1,1546.1,33.89,26.03,1.71,67.1,6.99,0.77
8.13,-4.4642,-30.8763,Bering Sea,541.9,2612.3,34.02,5.63,2.15,67.13,5.3,2.82
7.8,-85.7696,-60.1475,North Pacific Ocean,4492.0,498.6,31.74,14.33,5.79,31.62,42.46,8.55
8.13,-51.3455,142.2705,Bay of Bengal,10211.7,557.1,39.87,25.29,1.32,32.21,8.76,0.86
7.59,-65.0397,99.3227,Gulf of Mexico,10953.9,1863.3,31.42,6.82,6.14,69.67,2.66,4.89
7.83,45.7503,-172.6145,Norwegian Sea,5369.1,2210.5,31.36,31.98,6.16,75.77,19.23,0.64
7.67,34.6097,84.8978,Indian Ocean,6714.2,2729.9,37.45,-1.47,7.43,96.66,7.71,3.64
8.11,-2.0073,-177.0218,Southern Ocean,3814.2,612.1,31.74,6.9,4.3,83.01,47.98,6.39
8.03,-89.6845,-162.9559,Coral Sea,3102.2,649.2,31.82,23.05,5.57,58.58,30.72,9.79
8.22,-52.9629,-88.3233,Coral Sea,10223.8,1534.9,34.02,10.02,1.3,65.55,12.68,7.25
7.84,31.7544,173.0902,Arabian Sea,7912.9,398.1,39.38,2.39,8.06,0.84,42.04,9.8
8.49,-87.5951,-39.1407,Red Sea,2434.9,249.2,31.72,1.87,5.04,89.35,21.53,4.55
7.82,14.8834,24.9167,South Atlantic Ocean,2723.7,732.0,38.85,-0.43,4.83,32.95,21.86,6.38
7.55,-61.0283,101.2627,Bay of Bengal,7906.5,205.8,39.03,12.7,5.95,70.22,7.86,5.43
7.77,14.7619,-85.7076,Gulf of Mexico,4377.1,33.4,30.13,26.25,6.52,71.35,4.62,2.92
8.12,52.3625,157.988,Red Sea,5443.7,2188.5,32.32,22.55,8.44,15.68,5.03,6.73
8.26,67.3621,-13.8621,North Atlantic Ocean,8904.0,2382.5,34.33,11.75,9.18,3.74,31.08,9.14
7.74,-12.1662,135.8914,Southern Ocean,7566.1,2948.5,32.38,-0.06,9.0,35.89,1.89,7.27
8.28,18.6191,-17.1113,Caribbean Sea,10406.1,678.6,31.26,8.75,5.05,49.75,8.5,5.26
7.84,5.9745,146.5717,Bay of Bengal,9128.3,2449.7,34.64,4.02,7.87,53.03,16.33,8.99
7.66,7.1895,129.7657,Bay of Bengal,2914.7,-253.9,32.93,7.83,6.35,32.95,23.08,8.76
7.64,-20.4874,-56.2326,Arabian Sea,6085.8,1249.5,30.94,7.16,8.4,4.59,1.28,7.64
8.32,52.055,-148.535,North Pacific Ocean,2910.8,-116.6,34.18,31.48,2.35,92.0,22.7,6.71
7.74,-29.1218,-157.2857,South Pacific Ocean,3442.9,391.7,38.56,8.05,1.78,77.28,33.72,8.75
7.72,16.5951,-11.7877,North Pacific Ocean,8194.2,123.4,35.49,7.06,9.01,60.42,6.45,4.18
8.38,-7.9926,-165.3356,Southern Ocean,4234.6,1068.9,34.83,25.28,9.38,7.07,29.54,0.68
7.86,-28.2502,43.8774,Bay of Bengal,5270.3,983.3,36.53,24.34,4.82,44.79,11.64,2.17
8.49,-24.2557,110.9263,Bay of Bengal,7378.8,991.5,32.33,18.25,2.38,64.78,27.69,8.34
7.77,-12.0041,132.1211,Indian Ocean,4549.0,271.3,32.62,-1.34,8.47,74.97,22.34,3.1
8.16,-16.5979,160.3957,Norwegian Sea,4782.7,2384.8,33.05,14.93,7.63,90.65,31.67,8.23
7.69,37.5784,-149.7396,Coral Sea,3813.5,64.6,35.46,34.0,8.7,16.57,24.93,5.1
7.69,11.6204,135.4418,Bay of Bengal,4992.5,2177.8,33.51,17.67,6.15,25.82,22.58,4.59
8.31,1.9211,-143.8795,North Pacific Ocean,8675.6,2658.6,37.09,-1.55,9.77,47.86,12.64,0.6
8.43,-59.1454,176.5797,Baltic Sea,6540.9,715.6,32.72,10.39,6.16,76.68,33.16,4.84
8.39,-5.1607,-140.8157,North Atlantic Ocean,735.5,1894.7,36.38,28.65,2.87,56.99,38.31,1.48
8.33,-2.9348,178.4286,Norwegian Sea,1109.5,2176.9,30.22,27.47,5.07,49.4,18.35,8.7
8.08,37.3444,-31.9297,Norwegian Sea,144.2,759.7,36.68,14.58,4.63,72.61,46.91,2.98
7.61,-11.2837,86.3912,Norwegian Sea,2233.1,1120.4,36.43,27.83,4.13,43.14,48.47,2.9
7.84,3.5205,-116.8741,Red Sea,2457.5,-439.3,38.26,21.66,7.18,89.81,37.27,3.87
7.78,-17.8561,-150.2859,Bay of Bengal,791.5,241.0,37.0,31.04,7.78,73.72,29.57,1.44
7.75,86.1242,62.0674,Bering Sea,7587.1,1339.3,30.44,18.81,6.17,75.29,3.56,2.03
8.47,64.0417,19.1372,Coral Sea,7694.4,328.7,38.6,33.68,8.51,84.22,6.1,6.34
7.65,-82.2232,146.8658,Bering Sea,5818.2,402.9,31.84,33.77,8.54,97.73,8.2,9.65
7.97,64.3655,65.0749,Baltic Sea,7101.1,755.2,35.39,17.21,7.12,49.32,49.39,8.7
8.43,-24.4047,49.2202,Southern Ocean,9804.6,1765.5,32.75,20.19,4.22,27.32,24.85,2.95
7.56,-30.107,54.9472,South Pacific Ocean,2563.5,1364.9,30.17,10.1,9.7,60.53,21.26,8.13
8.25,-72.8271,-35.6958,Baltic Sea,4985.7,-62.5,31.25,7.46,4.52,23.74,42.47,4.31
8.11,73.1248,79.8212,Southern Ocean,4510.0,1153.6,31.42,9.49,2.01,98.42,10.21,8.39
7.86,67.9128,141.9294,North Pacific Ocean,9045.2,15.3,35.52,33.51,6.95,53.28,19.95,7.82
8.44,78.2624,68.9782,Gulf of Mexico,3380.6,1008.3,38.5,25.84,7.9,72.25,19.98,9.91
7.84,48.7858,-139.3328,North Pacific Ocean,4114.9,2639.2,39.7,34.96,9.41,85.74,18.04,3.65
7.69,-70.95,-17.2173,North Atlantic Ocean,2109.7,1279.5,38.95,8.83,2.25,78.01,35.35,4.89
8.22,-85.1971,-34.6689,North Pacific Ocean,347.7,2999.5,34.45,20.3,2.12,60.65,33.72,9.46
7.83,73.8466,-5.6002,North Pacific Ocean,9802.4,839.4,39.71,6.58,7.4,95.35,19.5,8.0
7.79,8.8815,-75.057,Coral Sea,8874.1,98.9,30.53,32.77,6.91,41.33,11.01,9.01
8.43,-47.218,20.9891,Bering Sea,8775.0,2527.0,38.24,16.28,4.64,40.24,41.13,6.23
7.81,-74.3554,109.5658,Arabian Sea,2882.8,156.2,33.01,2.63,6.1,16.42,41.6,1.72
8.07,-63.7956,-59.2821,Arabian Sea,1493.2,1457.5,39.17,3.2,1.83,40.35,35.63,4.13
8.15,-61.6714,151.4631,Coral Sea,6607.4,962.6,37.13,15.77,5.03,66.35,37.94,0.46
7.99,25.1853,-80.5788,Red Sea,5199.6,2807.9,37.43,18.25,7.26,76.47,9.79,4.35
7.81,-43.7714,0.5128,Bay of Bengal,2697.0,2719.8,33.53,23.43,7.19,5.74,20.81,0.42
8.04,-34.9501,55.7263,Caribbean Sea,8535.8,1787.8,30.75,30.8,4.53,74.73,33.07,9.5
7.9,17.7631,115.0168,Indian Ocean,1617.8,2527.3,33.04,11.74,8.29,65.65,30.73,2.46
7.54,52.249,60.3604,South Pacific Ocean,9044.6,290.7,35.46,21.16,6.6,91.45,42.4,5.6
7.81,-17.858,137.232,Baltic Sea,10313.5,1153.7,39.14,15.1,8.0,74.31,41.44,0.05
8.09,-83.0472,119.214,Indian Ocean,8169.5,2872.7,38.62,9.74,8.26,97.39,30.11,3.86
7.51,27.4495,-106.5851,Gulf of Mexico,7395.5,821.9,34.41,1.98,5.25,96.38,14.87,9.6
8.15,33.2371,-46.5271,Gulf of Mexico,3859.2,1738.6,30.58,13.91,4.26,65.91,27.92,8.62
7.53,-29.4368,-169.5022,Coral Sea,1858.7,412.0,37.79,23.36,5.96,29.84,25.99,6.65
8.06,-89.7801,-76.537,South Atlantic Ocean,2436.1,1503.0,39.38,1.25,4.56,78.06,6.82,7.92
7.56,12.9013,-174.5907,Red Sea,3837.3,1001.6,36.64,6.47,3.37,17.5,29.84,5.79
8.35,49.4952,67.2509,North Pacific Ocean,5026.6,-312.9,30.82,30.01,7.83,25.43,22.77,0.51
8.41,-50.5317,75.6129,Indian Ocean,9997.9,2021.3,30.21,-0.77,5.83,57.11,11.07,6.25
8.11,2.2816,101.6635,Red Sea,4769.7,205.6,39.45,19.38,2.69,6.7,15.92,4.19
7.63,35.5586,-128.8012,Caribbean Sea,10001.0,1633.3,39.08,6.35,1.66,47.48,13.63,7.51
8.4,16.0349,-63.1999,Southern Ocean,2654.6,1703.8,30.84,24.77,5.09,84.77,8.79,2.53
8.23,48.8293,46.2187,Baltic Sea,8948.4,2085.7,34.66,27.65,8.18,52.53,1.41,3.8
8.38,-16.5383,127.1731,South Pacific Ocean,7006.9,1195.4,31.37,11.0,2.59,65.53,21.52,0.21
7.96,66.6209,125.6904,Coral Sea,2165.6,2389.6,34.41,16.62,5.53,93.47,9.42,8.71
7.92,-32.6888,-34.7515,Coral Sea,1398.4,883.9,32.95,3.88,6.64,19.68,29.62,4.66
8.09,-62.2487,-61.0038,Bering Sea,42.8,822.0,37.63,25.32,8.62,72.31,24.72,5.04
7.96,51.1766,-12.8926,Gulf of Mexico,3730.1,1049.7,39.66,19.26,1.51,44.83,41.2,7.16
7.67,-88.1687,-122.5273,South Atlantic Ocean,2747.0,2562.9,31.24,2.76,4.18,92.5,29.16,3.97
8.33,81.1665,-97.0807,Indian Ocean,10395.5,2053.0,34.57,3.69,7.96,53.8,1.71,4.76
7.69,-76.739,-173.4731,Bering Sea,8178.4,1682.2,38.28,8.25,8.4,43.91,23.24,0.12
8.25,51.7864,89.1248,Indian Ocean,940.0,1961.1,38.43,14.71,6.57,14.09,1.75,5.69
8.39,-68.2135,178.1835,Southern Ocean,7937.5,2165.2,33.53,28.73,5.69,10.83,17.45,9.89
8.03,-39.4876,-152.0925,North Pacific Ocean,2893.6,1718.6,35.47,2.8,5.51,67.44,29.18,0.04
7.75,18.1665,-125.8661,Baltic Sea,8744.9,1130.7,37.14,31.17,9.42,99.2,38.47,4.72
7.52,-64.767,-106.4603,Bay of Bengal,5011.3,290.8,39.76,29.96,9.32,99.99,32.58,9.83
8.15,-72.4837,16.0518,Caribbean Sea,2386.8,2734.3,37.62,9.15,9.17,31.24,31.63,4.94
8.05,77.6842,-40.5225,Red Sea,9237.8,2023.1,37.35,33.18,9.07,6.38,48.02,5.91
8.19,39.6538,-151.5736,South Atlantic Ocean,10566.4,351.8,38.89,12.96,8.46,40.3,13.83,3.65
8.45,-68.4202,-178.2477,Norwegian Sea,5377.2,2597.7,38.74,14.82,4.51,52.49,37.9,6.87
7.95,3.4375,-58.2688,Baltic Sea,4503.7,2061.4,32.66,14.89,6.35,65.13,20.32,6.33
8.17,60.2699,-20.9562,North Atlantic Ocean,7133.6,1630.7,38.36,13.63,6.46,34.39,24.38,1.95
7.64,-74.3368,68.2643,Red Sea,2683.8,984.0,31.82,2.27,8.49,24.69,24.36,7.16
7.64,55.9279,172.6074,Arabian Sea,10301.3,1180.4,31.76,10.55,4.85,80.39,38.5,8.33
7.99,61.7123,-31.148,Red Sea,7062.3,1185.5,30.98,21.03,9.9,52.52,1.74,8.82
8.09,-28.5214,7.4301,North Atlantic Ocean,8102.2,1545.7,36.34,21.99,1.57,93.81,10.98,0.96
8.48,89.1998,83.8236,Southern Ocean,8648.9,740.4,33.33,9.43,1.62,31.59,21.92,8.22
8.07,-19.2988,-29.7626,Bering Sea,8803.4,996.5,32.04,8.24,1.37,33.45,49.05,8.88
8.42,72.4092,35.072,Gulf of Mexico,8218.9,716.5,33.04,9.18,6.76,82.76,0.77,7.84
8.29,71.6287,-47.4085,Red Sea,3105.6,2903.6,36.22,14.76,2.92,97.6,14.3,5.89
8.4,38.4229,176.5458,South Atlantic Ocean,7282.1,1168.9,39.68,17.07,5.32,38.66,25.05,1.64
8.36,-89.8481,-99.9595,Arabian Sea,6687.7,2112.3,31.31,28.85,3.24,21.33,20.8,9.02
8.04,32.8981,89.5701,Bay of Bengal,10089.8,1003.5,32.53,20.95,1.68,22.72,5.72,4.19
7.5,-73.0105,-147.2242,Baltic Sea,8186.8,2462.8,36.94,-0.85,1.5,74.22,40.44,1.19
7.96,-83.4982,-82.3543,Bering Sea,6153.9,614.2,31.93,11.05,6.94,67.61,28.29,9.62
7.72,-57.5154,71.5279,Baltic Sea,10150.6,516.0,39.12,21.75,5.62,9.34,39.45,8.27
8.21,2.0438,-69.63,Baltic Sea,9483.3,-353.3,35.7,31.04,8.6,21.29,10.61,9.97
7.7,-7.1249,-69.4494,Gulf of Mexico,3227.5,1138.3,35.96,9.14,2.39,83.81,9.67,1.1
7.97,-19.8913,-105.6908,Gulf of Mexico,10167.0,2137.5,39.53,34.33,8.05,4.52,46.94,7.0
7.52,6.2662,-149.568,South Atlantic Ocean,5105.3,396.2,37.17,-1.17,7.9,8.47,11.93,9.96
7.59,-42.3488,-52.2195,Indian Ocean,3022.7,710.2,34.13,0.99,1.03,24.92,47.07,5.33
7.89,-33.6578,-145.7184,Bering Sea,1862.1,166.2,36.6,15.18,9.71,35.37,43.61,7.62
8.23,-52.4158,174.8755,Indian Ocean,7531.4,-130.3,31.07,15.03,5.12,45.06,47.81,7.5
8.17,-8.5878,-71.3282,Bering Sea,7086.3,2582.2,36.51,4.77,7.09,59.17,44.84,0.37
7.93,38.5658,11.0023,South Atlantic Ocean,6585.4,1491.5,37.09,21.75,7.55,33.62,46.59,8.84
7.69,2.0967,-81.6437,Norwegian Sea,9080.3,2565.5,31.72,29.65,5.55,38.99,44.46,7.83
7.81,63.2235,-97.1884,Bering Sea,10807.9,-423.0,37.34,30.76,1.65,68.21,19.03,2.88
7.99,-1.5439,78.6817,North Atlantic Ocean,1455.1,-470.5,30.85,31.92,2.69,69.66,34.31,5.02
8.45,-53.6499,-49.6126,North Atlantic Ocean,9092.3,1482.9,31.99,24.05,6.7,95.97,7.41,6.88
8.14,2.1921,-120.4742,Arabian Sea,7910.8,1290.4,34.71,20.63,5.16,97.6,25.69,4.28
7.63,-23.0928,-107.8406,North Pacific Ocean,5074.6,670.2,37.11,-1.56,1.9,14.34,5.98,3.65
8.3,-1.4882,135.8305,North Pacific Ocean,3802.3,856.1,36.1,2.81,6.35,94.4,34.47,1.68
8.22,-72.3123,23.4963,Indian Ocean,6856.0,-406.8,31.8,19.06,5.23,91.8,6.76,9.37
8.39,49.7991,57.9409,North Atlantic Ocean,7951.5,2210.9,30.44,2.13,8.27,17.98,43.83,8.56
8.11,-27.5776,-148.5849,North Pacific Ocean,5457.9,946.7,34.2,15.33,3.69,13.77,3.52,5.76
7.81,-86.9589,28.2259,Red Sea,2792.7,2057.9,36.64,0.71,7.73,72.59,19.11,8.52
8.35,11.92,-112.9658,Gulf of Mexico,7924.8,2780.4,33.44,7.79,8.56,58.35,48.05,8.17
8.08,33.0863,-136.2469,North Pacific Ocean,1408.9,-468.8,33.39,26.95,1.01,86.39,37.67,1.34
8.2,-76.9227,-5.2991,South Pacific Ocean,2127.5,2082.5,36.08,5.87,1.18,74.53,35.11,5.77
7.97,-22.502,34.2236,South Atlantic Ocean,6594.9,2579.8,34.97,17.67,6.14,89.91,30.83,9.86
8.3,-3.6642,-49.3879,Baltic Sea,4962.3,2506.7,38.95,25.62,2.18,50.55,5.01,7.77
8.13,0.4891,68.2057,Indian Ocean,6689.1,2712.1,34.17,8.16,5.57,31.08,19.04,1.18
8.39,-83.5738,117.9759,Caribbean Sea,8895.2,112.0,31.73,7.37,6.1,85.17,34.34,6.5
7.85,23.9002,42.2677,Caribbean Sea,8746.4,-181.9,31.7,18.14,1.29,17.7,2.94,4.5
8.35,-73.0653,101.8191,North Pacific Ocean,6400.2,-480.4,30.06,1.32,4.67,78.67,48.73,7.85
8.29,-26.9025,125.4078,South Atlantic Ocean,9514.2,1479.8,32.32,23.33,7.35,15.64,48.51,2.35
7.87,1.3175,176.3472,Bering Sea,3598.7,2391.1,36.25,3.4,2.57,46.2,24.75,8.29
8.38,45.1357,29.6639,Baltic Sea,5783.1,2012.1,32.31,-0.22,7.67,51.26,0.0,9.19
8.09,-24.2327,-139.924,Southern Ocean,7097.1,2147.9,34.6,12.77,6.99,51.15,15.67,5.76
7.87,57.8193,-31.2585,South Atlantic Ocean,4895.3,474.6,30.45,10.24,2.49,74.24,1.21,3.23
7.78,49.151,88.265,Southern Ocean,10117.9,2648.4,33.48,27.53,9.71,82.67,2.34,7.6
7.59,-17.0599,133.641,Gulf of Mexico,10801.0,2472.2,36.24,8.03,5.58,7.22,28.84,9.67
7.59,67.8184,-104.5046,North Atlantic Ocean,60.2,-226.4,38.51,11.18,1.83,92.46,22.02,5.74
8.28,83.1916,36.8442,Norwegian Sea,8939.0,2483.9,31.88,-1.58,3.99,10.59,48.29,7.86
7.89,-41.2606,82.8366,North Pacific Ocean,10968.4,2383.2,31.91,0.96,6.02,50.39,47.7,3.84
8.02,57.8989,175.7459,Southern Ocean,9539.0,1217.8,35.08,16.89,3.12,7.07,14.44,5.47
8.33,-38.5537,-42.2663,Arabian Sea,9729.6,1921.0,37.55,18.6,6.36,97.99,8.41,0.49
8.15,33.4644,-164.3155,Red Sea,9650.5,158.1,34.52,14.92,7.03,75.45,5.77,0.95
8.44,30.2049,166.068,Baltic Sea,877.7,2461.4,30.52,28.9,2.57,16.25,21.7,9.7
8.02,52.3115,-163.3973,Indian Ocean,1884.8,2370.9,35.74,5.59,3.81,34.21,39.72,9.72
7.61,-50.8588,-94.9061,Coral Sea,3771.5,2633.2,37.76,3.11,3.75,84.0,2.78,9.51
7.85,78.147,18.5872,Indian Ocean,2299.4,-418.9,31.61,3.67,1.47,27.77,39.1,8.69
7.64,-12.7075,-148.3812,Baltic Sea,5899.1,2445.9,39.79,-0.77,9.67,76.17,29.97,4.67
8.25,-89.5837,159.4932,South Pacific Ocean,2871.9,-127.9,33.07,34.86,4.99,90.58,37.78,3.73
7.97,49.1558,25.1814,North Atlantic Ocean,1782.6,302.1,37.44,13.17,6.19,65.15,42.35,6.54
7.56,77.6948,-49.7929,North Atlantic Ocean,2067.2,-337.7,30.63,11.4,2.56,55.18,14.23,0.14
7.52,84.3048,-50.8981,Caribbean Sea,8178.3,-28.1,36.35,0.07,1.33,63.22,41.78,9.14
7.56,-24.7017,-175.799,North Pacific Ocean,1997.9,1650.4,36.29,27.54,6.51,46.15,35.93,2.02
8.17,-86.3314,111.6913,Caribbean Sea,5476.0,87.6,36.86,15.84,7.84,5.5,20.7,9.67
7.7,-28.4478,-32.8425,Southern Ocean,9842.3,2386.9,34.12,0.44,6.62,69.83,13.63,1.41
8.28,69.0573,-176.43,North Atlantic Ocean,5962.1,618.5,39.15,34.65,5.9,28.24,30.96,7.83
8.01,61.8666,107.3718,Norwegian Sea,2156.2,1092.1,34.51,29.41,8.38,2.77,29.65,5.5
8.08,-21.7392,149.695,Coral Sea,4673.3,2495.7,37.68,25.22,4.78,41.88,30.5,6.74
7.67,-62.4548,51.2674,Arabian Sea,7726.5,903.6,36.6,12.14,2.52,18.76,15.08,4.59
8.38,26.0462,173.4579,Bay of Bengal,5774.1,1349.1,35.84,20.48,1.78,28.67,1.4,0.13
7.97,29.5234,12.8585,Indian Ocean,8430.0,-387.3,36.22,28.94,8.24,71.65,1.47,6.4
7.91,23.5271,-149.584,Caribbean Sea,1052.9,775.8,38.53,11.74,9.68,40.95,10.04,7.54
8.3,-62.8816,168.0406,Red Sea,3738.1,804.9,39.33,-1.83,5.84,19.79,37.88,5.52
7.53,58.382,-72.8951,Red Sea,1748.6,2374.5,38.1,3.02,4.9,1.45,31.92,1.58
8.02,-83.4459,77.5937,North Atlantic Ocean,10306.3,-151.9,36.24,8.74,9.87,71.0,40.89,1.52
8.22,84.5787,1.0034,Arabian Sea,2419.1,-74.5,33.43,12.18,2.44,49.71,2.75,0.02
8.3,72.2963,-116.7006,Norwegian Sea,8782.5,2035.2,34.07,22.8,6.91,78.68,4.46,2.97
7.66,88.9405,-39.7018,Bay of Bengal,2107.8,2133.5,32.42,8.38,1.32,37.52,9.98,0.17
7.89,17.8789,-34.7316,Norwegian Sea,9878.8,1329.4,33.0,15.15,3.02,90.36,24.47,0.3
7.82,18.6454,91.8086,Arabian Sea,1007.2,713.6,39.53,28.15,1.97,99.43,39.1,2.26
8.49,-20.7834,-79.5411,Bering Sea,3286.3,1542.3,33.59,32.68,6.16,72.87,28.08,9.7
8.24,-69.678,177.3617,Coral Sea,1449.4,1961.0,35.91,28.3,4.49,34.91,26.14,8.71
7.93,45.8676,117.4492,Southern Ocean,3567.5,-10.1,30.2,14.02,4.02,48.86,10.07,5.83
7.71,-1.508,43.5141,Norwegian Sea,5728.3,1157.6,34.27,34.17,5.55,88.92,3.32,9.93
7.67,-24.4212,7.9015,Baltic Sea,10675.2,2061.9,38.46,1.68,2.84,61.43,18.66,5.59
8.49,67.6085,87.2799,South Pacific Ocean,3489.9,415.9,39.25,19.95,6.56,26.38,3.4,1.59
8.08,-89.6501,163.2756,Arabian Sea,2753.9,1309.1,35.56,15.35,3.19,8.93,21.37,6.71
8.22,-3.8716,179.2122,Red Sea,7057.8,952.9,34.95,11.79,9.38,57.81,7.44,0.44
7.66,27.4147,132.5588,North Atlantic Ocean,3593.5,-134.2,30.34,23.96,6.8,58.62,17.85,3.65
8.25,-89.2692,-168.9055,Red Sea,3511.1,2285.2,34.48,22.34,7.52,81.94,35.07,8.38
7.74,40.9699,167.7772,Southern Ocean,10562.9,-172.7,34.33,-1.57,5.95,52.86,34.27,3.57
8.26,-60.1184,83.944,Arabian Sea,2388.2,1411.9,36.32,10.97,3.56,99.51,31.09,8.42
8.41,62.1839,40.7787,Red Sea,1362.0,-369.0,36.02,7.61,8.95,94.05,39.52,8.46
7.89,47.6123,-115.8737,North Atlantic Ocean,9964.5,554.7,38.33,4.46,1.62,87.3,49.51,0.6
8.4,-64.8415,-134.6224,Gulf of Mexico,6969.6,-489.0,30.06,12.51,6.6,57.35,22.15,8.89
7.96,13.321,-15.0874,Red Sea,7083.9,2854.1,34.03,-1.85,2.35,8.73,16.84,4.94
8.31,46.3201,79.6786,South Pacific Ocean,7675.7,664.9,32.71,22.87,2.32,85.79,29.17,9.45
7.95,-84.7238,88.6412,Coral Sea,4451.3,2915.3,38.22,17.96,2.16,46.56,37.49,4.84
7.64,8.0864,17.4017,South Atlantic Ocean,5725.4,1179.7,39.5,23.71,6.54,74.14,16.87,4.1
8.17,-80.8893,110.0771,Bering Sea,8367.7,2675.7,35.3,22.91,9.56,20.99,7.75,4.8
7.83,21.5193,28.2533,South Pacific Ocean,6129.0,156.6,37.61,34.1,6.0,44.7,42.95,7.23
7.58,68.7835,-24.963,North Pacific Ocean,6515.2,-338.6,39.07,33.18,5.66,9.28,31.07,0.23
8.15,-18.9394,-48.1868,South Pacific Ocean,10429.2,123.1,34.69,21.25,7.87,39.1,1.39,6.18
8.08,-11.5226,-76.0167,Baltic Sea,4493.1,1617.0,35.22,12.65,1.45,97.93,46.69,9.17
8.43,85.9077,115.6187,Baltic Sea,3391.0,2875.6,37.28,5.27,7.25,40.85,24.33,6.18
7.59,-7.9157,-101.1818,South Atlantic Ocean,1171.5,-358.6,39.99,5.65,5.91,89.38,33.9,3.28
7.93,-38.6018,143.8275,Gulf of Mexico,1054.6,1787.1,37.27,24.79,7.31,94.9,19.42,0.3
7.73,89.3427,-69.0175,Arabian Sea,4838.1,-138.0,35.31,26.63,7.66,96.7,45.9,0.12
7.98,32.528,-26.4763,Indian Ocean,3441.0,1386.1,31.54,27.81,1.51,43.66,44.4,4.15
8.34,14.6962,-126.4571,North Atlantic Ocean,5706.1,1775.8,36.84,24.98,7.89,95.06,31.01,0.01
8.44,28.7106,-139.8079,Indian Ocean,614.2,1456.6,36.53,29.92,1.89,76.66,37.62,1.64
7.88,52.3255,-129.3652,South Pacific Ocean,7503.9,1413.1,35.26,14.97,7.84,35.83,10.83,9.77
8.12,-83.2636,83.4005,Bay of Bengal,45.0,2383.1,33.93,34.92,8.57,54.14,30.11,0.68
7.74,-54.0203,67.4135,Bay of Bengal,120.9,1071.6,32.54,28.15,7.14,79.86,11.9,7.41
8.26,-83.4182,72.7774,Gulf of Mexico,1093.8,-287.6,38.51,22.45,4.15,41.81,25.28,8.92
8.41,-35.8903,125.9556,North Pacific Ocean,283.0,1292.6,35.4,21.07,3.05,9.8,32.15,0.38
7.98,46.5982,-106.5008,North Atlantic Ocean,3183.9,1247.2,37.4,9.84,7.32,94.56,17.43,9.58
8.37,-17.366,-86.9131,South Atlantic Ocean,9426.1,2402.8,35.65,20.91,9.69,43.25,16.2,5.4
8.48,35.3659,166.1473,North Atlantic Ocean,1652.5,2797.7,39.75,6.66,9.03,59.24,18.17,2.09
8.11,-34.9779,-141.6196,North Pacific Ocean,9103.6,2706.0,36.2,1.62,3.7,58.18,27.44,3.15
8.06,86.8382,-79.3794,South Atlantic Ocean,6104.8,2515.5,30.29,32.1,4.61,86.82,8.01,9.81
7.88,-73.6143,166.2278,North Pacific Ocean,1434.6,999.3,34.37,34.67,7.26,25.93,43.59,3.18
8.29,13.5293,17.0758,Coral Sea,9869.1,208.4,37.55,32.52,2.79,57.71,6.89,7.28
8.31,18.2149,154.032,North Pacific Ocean,5674.0,108.4,38.57,22.66,3.91,88.35,48.68,2.69
7.51,41.392,110.1545,North Pacific Ocean,6264.9,2207.6,37.88,33.11,4.73,80.36,49.86,5.22
7.75,-87.9583,161.8503,Gulf of Mexico,5998.7,2834.7,36.37,13.08,1.67,57.59,17.74,3.44
7.53,-42.8885,85.9501,Red Sea,9362.9,2154.6,32.13,3.25,6.13,75.73,31.75,6.9
8.28,-10.1486,-85.7705,Arabian Sea,8856.7,2273.8,30.95,18.46,9.54,15.07,2.74,2.59
7.68,4.7891,93.385,Gulf of Mexico,1147.7,2875.7,33.41,30.78,8.36,26.68,26.13,2.48
7.61,-78.0433,-38.9629,Caribbean Sea,6830.0,2774.7,35.64,31.17,5.48,66.66,26.2,3.5
8.3,56.8864,-122.3977,South Pacific Ocean,10679.8,-87.9,36.19,12.61,7.48,56.24,15.44,5.19
8.07,-65.8173,-90.8864,Norwegian Sea,7416.6,2530.1,33.73,10.63,9.91,25.57,0.72,4.43
7.65,13.559,-74.5179,South Pacific Ocean,9438.4,2658.4,35.44,33.79,4.57,5.13,4.97,5.37
8.34,-30.9697,-142.9476,Indian Ocean,2347.7,-129.8,31.08,-0.07,1.13,88.29,26.04,2.99
7.91,-0.108,-35.1633,Southern Ocean,7373.0,2594.5,38.52,4.58,6.79,4.18,21.31,2.26
7.87,-81.681,159.2524,Norwegian Sea,7408.5,1963.1,36.01,1.41,9.71,5.51,41.13,5.06
8.15,62.294,-109.9445,South Atlantic Ocean,1018.1,2019.2,31.02,12.69,1.65,12.01,45.31,2.91
7.54,-39.7154,172.0971,Bering Sea,4228.3,2871.9,31.18,13.78,5.33,0.82,33.65,9.92
7.84,-37.8412,-4.8886,Gulf of Mexico,4363.5,827.2,38.13,-0.92,6.54,55.01,27.14,4.24
7.58,-12.504,93.0353,Bay of Bengal,8224.6,2115.2,32.31,25.29,2.55,71.93,41.36,5.48
8.24,-41.6752,-139.6657,Red Sea,6148.8,2060.8,32.7,24.09,3.1,5.17,12.61,5.08
7.77,14.6718,130.36,Southern Ocean,1852.0,2178.9,31.9,20.52,2.79,10.01,40.55,8.08
8.34,65.5387,28.0989,Arabian Sea,3770.6,1291.2,32.2,3.69,8.16,21.69,19.73,0.84
7.92,-10.4981,-133.2814,Southern Ocean,422.3,1340.7,31.37,-0.16,3.12,10.22,5.66,4.07
8.39,-69.6748,-0.437,Red Sea,3766.8,2527.6,34.0,27.52,3.76,78.33,38.5,3.52
7.72,67.8087,64.4322,South Atlantic Ocean,361.9,261.0,30.74,4.73,4.59,49.01,13.03,4.14
8.15,4.0569,-31.4442,South Atlantic Ocean,10829.8,1660.3,38.71,19.38,1.29,75.2,24.67,0.22
8.44,82.7417,-63.1511,Caribbean Sea,8763.2,1302.4,36.03,24.54,5.15,57.48,31.14,5.09
7.89,66.8008,-70.7842,North Pacific Ocean,10544.4,951.7,33.2,15.05,9.38,85.13,36.59,7.35
7.66,66.1422,12.3184,South Pacific Ocean,4919.0,2616.0,33.3,1.75,3.9,11.54,24.66,8.95
8.05,-68.0914,-21.8957,North Pacific Ocean,4015.8,-337.8,35.39,10.59,3.19,63.1,23.19,5.84
7.93,4.443,86.9016,North Pacific Ocean,10770.6,749.9,31.04,8.22,7.35,67.84,28.73,8.87
8.01,62.4904,161.5719,North Pacific Ocean,9423.9,2049.7,39.84,1.9,3.7,59.27,43.3,6.98
7.98,51.8699,-115.2963,Caribbean Sea,7637.9,1084.2,37.19,28.53,4.43,31.73,47.6,8.18
7.77,4.1742,3.1315,North Atlantic Ocean,3977.9,2260.7,32.16,12.48,8.76,7.6,32.2,2.77
8.01,88.8987,-3.6922,Arabian Sea,2674.4,1226.8,38.35,15.22,4.93,46.0,11.93,6.62
7.65,75.3691,-35.7669,South Pacific Ocean,5415.6,20.8,35.9,7.33,1.83,23.13,42.46,2.89
8.08,-13.6079,89.0733,Arabian Sea,2582.2,1730.2,37.88,33.71,9.97,10.76,25.95,5.39
7.94,-47.4767,-15.4003,North Pacific Ocean,1946.0,672.7,38.62,7.99,1.93,27.28,49.66,0.69
8.47,-21.7032,-146.1644,Red Sea,3521.7,60.2,36.42,16.57,3.02,70.53,10.06,7.45
7.59,-39.1325,0.7628,North Pacific Ocean,1235.2,1648.0,36.74,24.42,5.53,36.27,9.08,2.85
8.25,26.8228,91.5743,North Atlantic Ocean,5476.6,2459.2,38.24,34.87,2.8,24.16,49.61,1.5
7.85,37.2536,165.09,Caribbean Sea,8864.6,1021.9,35.63,33.78,5.76,23.07,43.89,6.9
8.2,-65.0778,-138.9649,Baltic Sea,10425.9,555.4,34.65,11.96,4.11,67.05,49.92,2.87
8.46,-38.2159,48.2322,Caribbean Sea,4619.9,2847.6,37.14,22.98,2.21,45.95,24.86,1.89
8.4,78.1312,-52.8436,Norwegian Sea,10584.0,1916.8,33.94,32.48,2.28,32.34,46.82,9.94
7.61,24.623,-98.0901,South Atlantic Ocean,7785.0,834.0,34.7,26.47,5.2,75.17,44.52,7.44
8.38,35.5396,35.2857,Bering Sea,645.8,548.0,33.59,19.67,6.19,12.61,34.63,5.13
7.89,-81.491,-37.9902,Red Sea,4625.7,-7.2,38.65,13.87,1.76,66.51,1.62,6.5
7.57,-15.4306,-153.8567,Red Sea,10558.2,1124.1,34.35,28.18,7.56,90.49,39.16,9.66
7.71,80.9254,142.4563,Coral Sea,2711.5,674.4,38.0,22.23,5.35,64.22,27.15,3.55
7.53,51.9314,-24.1149,Norwegian Sea,981.9,2984.3,37.76,14.27,5.6,83.42,5.42,1.83
7.64,50.7095,166.9362,Norwegian Sea,3179.6,956.7,30.14,0.01,1.81,18.0,18.18,8.91
7.97,71.4793,-99.8374,Indian Ocean,6636.7,89.1,38.87,10.54,7.06,53.18,3.7,8.15
8.45,-53.104,-159.948,Baltic Sea,9057.4,485.3,35.53,22.33,4.11,25.22,11.55,5.0
8.31,87.4717,-169.2589,Gulf of Mexico,5353.8,-482.7,35.56,27.6,6.6,38.8,37.25,2.49
8.03,-10.295,41.5863,Southern Ocean,6903.5,1458.0,33.4,19.32,7.44,60.28,4.55,6.8
7.82,61.7889,121.4522,South Pacific Ocean,9781.5,2617.4,38.31,28.92,5.57,16.91,23.44,9.31
7.53,-35.1706,50.2897,Norwegian Sea,6876.0,1573.3,31.3,12.58,7.8,75.45,10.16,0.72
7.56,27.0819,116.5402,Southern Ocean,5840.9,-204.1,34.78,27.11,3.45,32.43,1.63,9.82
8.23,-78.7278,6.3649,Caribbean Sea,640.8,2212.8,32.49,6.36,3.18,45.07,39.39,2.98
8.04,82.5386,-139.1609,Gulf of Mexico,7341.9,93.7,37.63,10.1,5.32,58.56,20.31,4.5
7.62,-68.9365,109.9891,Red Sea,6009.6,458.4,31.94,14.24,5.33,54.98,4.78,7.27
8.36,34.2199,-49.2942,Gulf of Mexico,9134.0,207.6,31.36,21.09,3.15,77.98,11.18,0.83
8.02,-88.8862,69.3894,North Atlantic Ocean,5780.1,2807.6,31.97,26.23,7.44,17.61,22.07,5.76
8.34,2.4936,-138.9011,North Atlantic Ocean,3107.0,1261.7,38.8,2.88,6.42,52.87,18.56,8.94
8.28,-31.9008,-78.556,Caribbean Sea,1955.7,2075.5,34.07,0.36,4.88,47.82,37.74,2.24
7.83,-48.1759,-30.7753,Coral Sea,7555.9,2303.6,30.25,27.13,8.92,30.32,14.92,2.79
8.2,38.5064,168.5823,Red Sea,4973.4,1336.9,37.61,25.88,5.5,43.98,10.66,9.82
8.49,-10.2172,49.5337,South Atlantic Ocean,7209.9,1814.2,36.69,20.4,1.54,84.58,22.73,3.01
8.25,-32.8379,69.5536,Arabian Sea,9118.1,502.6,34.71,31.84,4.87,98.06,0.55,0.13
7.76,-9.2405,99.9574,Baltic Sea,3557.5,2919.5,39.97,0.66,5.37,32.75,45.93,1.76
8.09,-33.2733,-2.5872,Bay of Bengal,6920.9,76.5,33.34,12.2,6.17,48.85,36.65,7.71
7.93,-13.9814,-124.0498,Southern Ocean,10226.2,-271.4,34.96,14.95,1.08,13.66,22.39,8.13
7.8,-60.3772,-69.5589,Norwegian Sea,2320.6,689.3,33.35,20.85,4.31,61.34,43.42,8.63
7.78,76.4553,-91.1515,Arabian Sea,9431.7,2841.7,35.29,17.47,5.0,84.72,4.65,2.56
7.96,-14.2616,142.845,Southern Ocean,1998.5,1179.8,39.56,2.33,9.62,94.98,7.37,3.83
7.81,-6.1096,82.212,Indian Ocean,3964.7,-255.3,30.3,27.79,7.29,43.48,26.24,1.33
7.65,40.631,18.9353,Bay of Bengal,4721.3,1910.8,37.27,33.02,6.81,90.34,3.75,2.39
8.26,-67.6565,-92.3062,Red Sea,6617.0,2964.0,35.46,31.69,4.92,3.17,12.58,2.64
7.79,-54.8525,-123.8694,Red Sea,1941.8,-482.7,32.69,18.26,1.76,77.93,39.85,4.04
7.87,-62.9494,32.8646,Red Sea,5373.3,1167.5,33.23,25.02,5.34,48.51,44.2,9.38
8.4,-3.7021,-133.6369,Indian Ocean,10371.2,2281.8,31.81,9.66,3.87,97.93,37.13,8.87
8.16,15.6861,-17.0129,Arabian Sea,3715.9,1077.1,35.31,12.63,7.41,27.41,9.22,1.36
8.43,38.6353,29.2792,Indian Ocean,2440.3,693.5,30.17,15.06,7.4,8.02,30.85,5.67
8.1,79.8257,-51.8599,Baltic Sea,518.1,219.3,37.91,12.96,8.05,61.85,30.22,8.16
7.86,-74.4999,153.7344,Gulf of Mexico,7765.5,-31.8,36.9,25.52,10.0,41.66,27.01,1.6
7.72,31.1063,-146.9639,Arabian Sea,5539.5,-154.7,33.82,31.55,6.14,53.31,4.74,6.47
8.33,45.8907,-27.9717,Red Sea,5811.0,2211.4,32.32,17.92,7.05,13.01,11.69,7.49
7.95,29.6119,142.8611,Baltic Sea,10740.3,594.5,34.97,7.83,4.22,76.44,18.3,8.29
8.15,63.9017,-116.3717,Baltic Sea,2715.2,1092.1,33.37,20.15,1.41,24.3,40.74,6.38
8.24,3.6408,46.11,North Pacific Ocean,9216.1,2463.1,37.83,16.03,9.77,23.22,18.63,6.93
7.75,57.2576,29.2311,Southern Ocean,1904.1,892.4,33.59,10.99,1.92,28.05,1.15,9.63
8.48,-77.4679,145.6076,North Pacific Ocean,5029.3,-239.7,37.23,15.04,3.44,17.3,7.21,5.57
7.74,24.6089,138.6319,Indian Ocean,7198.6,962.9,36.23,20.52,3.2,38.26,30.35,8.01
8.26,79.3559,149.2673,Red Sea,9351.3,1502.3,35.62,25.54,4.17,10.43,5.96,6.2
7.65,-8.106,29.0895,Red Sea,7953.9,-448.4,38.78,13.71,7.75,14.15,25.53,3.5
8.47,-68.0931,-115.6333,Baltic Sea,6882.2,1534.1,36.41,26.82,9.14,50.81,42.88,6.02
7.75,-24.5385,-130.7578,Bay of Bengal,191.3,24.1,39.42,17.41,4.47,39.29,41.11,9.86
8.02,63.0644,97.353,Norwegian Sea,6158.3,-114.5,34.73,21.9,2.24,13.68,21.17,3.32
7.87,-67.1072,-29.0596,Caribbean Sea,4051.5,1980.2,33.78,25.48,1.21,22.0,1.74,3.32
8.4,4.9092,-90.7538,Arabian Sea,10644.5,16.1,36.22,3.83,1.39,60.58,13.88,7.24
8.02,64.3004,60.466,Baltic Sea,3592.7,-150.2,34.37,9.37,6.4,58.81,34.55,3.35
8.17,51.5259,98.9705,Bering Sea,1138.5,1084.6,34.67,5.45,3.98,15.45,8.63,4.55
7.72,2.2236,147.2817,Bering Sea,1591.3,930.6,33.49,13.21,2.96,11.15,37.56,5.55
8.45,22.3766,-164.2751,North Pacific Ocean,7597.9,1786.5,37.18,6.24,3.04,36.97,2.18,7.07
7.86,-39.6458,-141.6651,Arabian Sea,4536.5,2824.1,36.26,10.61,1.02,24.98,0.08,7.66
7.6,77.9528,64.6872,Red Sea,4361.6,-171.9,35.51,30.23,2.84,24.18,23.71,2.2
7.72,-84.413,-126.4492,Red Sea,4178.3,2783.7,34.49,27.97,2.45,70.35,46.75,7.32
7.69,-24.2054,-133.9345,South Atlantic Ocean,10554.9,2085.0,36.49,27.08,6.98,30.76,22.78,9.08
7.61,-18.8166,-113.6334,Baltic Sea,1588.2,462.0,39.01,2.7,6.37,24.52,2.29,9.79
7.99,49.6038,-72.3359,Baltic Sea,9276.5,2628.7,37.57,25.16,8.93,18.64,7.1,0.89
7.81,-4.8727,138.9338,Gulf of Mexico,9410.6,-331.1,32.68,12.57,2.22,71.02,36.42,7.01
7.99,64.4039,109.0041,North Atlantic Ocean,7245.6,2942.1,36.63,1.93,9.89,3.79,1.89,1.46
7.58,-38.846,-59.4728,Norwegian Sea,2907.4,2221.1,30.58,2.13,3.78,25.8,31.38,6.82
8.09,-58.0484,45.2488,Indian Ocean,6828.6,654.0,38.8,0.8,5.34,75.23,47.76,1.31
8.13,-45.5068,67.8759,South Atlantic Ocean,762.1,1897.1,35.41,21.0,5.41,99.03,42.96,2.1
7.75,-58.8254,175.3025,Caribbean Sea,10261.6,2907.5,36.85,21.94,5.6,4.05,27.68,1.91
8.07,-28.5993,-150.8127,Gulf of Mexico,7342.2,709.6,34.95,6.16,6.4,46.51,8.17,3.55
7.8,-46.2409,-50.5968,Baltic Sea,1574.0,1051.2,35.7,24.38,2.71,77.31,22.39,6.85
7.66,21.0197,160.5672,Norwegian Sea,8571.0,2451.2,37.27,28.42,1.29,47.4,26.19,7.93
8.18,-87.5992,11.5713,South Pacific Ocean,3441.8,1072.4,38.74,15.89,8.53,83.22,36.9,0.49
8.34,0.8232,102.017,North Pacific Ocean,442.3,-73.6,31.81,31.07,7.11,67.83,44.45,8.67
7.65,-19.2863,-97.1282,Baltic Sea,2545.3,1776.1,33.0,16.85,5.26,62.28,36.57,5.01
8.39,-30.2088,-77.3256,Norwegian Sea,7147.8,713.7,39.3,32.8,2.67,1.39,15.63,8.02
8.1,-76.4492,142.0084,Caribbean Sea,7169.7,2799.3,30.34,-0.75,7.18,38.09,32.82,6.86
8.27,40.944,62.2601,Red Sea,10506.3,-126.3,32.72,8.1,8.76,14.23,44.95,2.56
8.19,-24.8165,120.6491,Baltic Sea,4144.4,1225.6,35.09,8.97,1.81,78.19,45.74,1.54
8.38,79.1971,-102.9291,Caribbean Sea,8586.1,2090.0,38.36,10.06,2.26,72.44,22.36,9.34
7.56,81.0297,-93.1547,Coral Sea,5317.8,2635.8,34.1,12.8,1.89,14.81,46.19,3.94
8.49,13.261,-74.6061,Bay of Bengal,8223.8,2122.7,32.23,14.46,5.96,6.91,35.94,6.79
8.38,-26.7012,117.0975,Baltic Sea,5526.3,2774.3,33.06,1.27,7.31,55.38,22.63,5.28
7.54,-18.0761,-101.7532,North Pacific Ocean,5145.6,2119.2,32.64,0.83,8.45,44.66,15.18,9.13
7.75,-38.2273,61.2346,North Atlantic Ocean,4221.0,555.2,31.54,16.36,1.85,85.83,44.56,3.39
8.04,33.071,-63.3798,Gulf of Mexico,388.3,2434.4,34.11,7.66,8.59,48.25,44.34,3.05
8.36,6.1943,39.7623,Southern Ocean,9280.4,1392.0,34.76,14.41,8.35,22.02,12.85,9.51
7.81,-13.9866,-25.7765,Red Sea,6944.9,1979.7,36.36,12.4,5.88,0.38,7.27,6.94
7.55,4.2198,-86.8319,North Atlantic Ocean,5282.9,531.5,35.95,29.28,7.59,82.47,30.29,7.87
8.28,-68.1266,58.5431,Caribbean Sea,6034.3,2936.2,33.85,7.78,4.76,91.71,30.7,8.98
7.93,29.31,69.9066,Southern Ocean,2175.7,1649.1,31.97,16.06,1.44,30.95,7.65,6.49
8.26,2.6801,92.499,Red Sea,10469.5,2508.0,37.52,21.83,7.53,48.17,41.22,2.71
7.83,20.695,116.0496,Red Sea,2962.3,2702.2,36.09,31.58,3.48,46.98,27.54,5.75
8.32,-40.0345,-82.9607,North Atlantic Ocean,7.4,1353.4,33.75,2.05,1.91,49.36,36.97,9.02
7.86,43.747,-40.2774,Norwegian Sea,6577.3,2158.1,32.19,12.03,2.21,77.99,49.01,2.71
7.98,-3.84,54.6569,Coral Sea,9053.9,2752.0,36.93,4.05,6.14,93.31,24.67,2.71
8.44,-72.2343,63.3838,Caribbean Sea,6930.7,398.1,36.75,21.99,4.53,33.44,36.32,1.45
7.65,30.4978,177.1494,Coral Sea,3099.2,575.6,34.43,22.91,4.39,40.15,31.55,9.06
8.08,-69.6828,-105.3195,North Pacific Ocean,4584.7,2496.9,33.28,21.74,2.47,13.94,19.49,8.25
8.31,-79.3067,28.8707,Baltic Sea,7778.6,629.3,39.26,21.96,3.36,91.56,23.76,1.25
8.19,44.0126,-137.5801,Norwegian Sea,7515.3,321.3,37.14,3.58,3.59,13.54,23.66,2.74
7.93,-5.1752,-134.806,South Atlantic Ocean,5042.4,-320.1,31.83,-0.9,8.81,97.84,3.89,2.91
8.3,-85.4331,-25.626,Caribbean Sea,58.8,868.2,32.9,9.26,7.3,66.25,24.84,9.21
7.98,2.3085,20.6237,Arabian Sea,6151.2,2570.6,38.94,10.48,4.06,14.12,44.29,0.95
8.14,71.1407,-105.345,Southern Ocean,4835.4,434.3,32.43,13.33,5.87,49.31,43.5,3.65
7.84,-72.9271,-159.9633,Red Sea,3443.0,2968.0,32.34,7.18,2.86,30.36,0.99,4.48
7.56,-27.5539,-57.2263,Indian Ocean,7905.9,-401.6,30.56,34.5,7.27,43.87,30.15,3.65
7.7,59.453,-101.0748,Red Sea,4375.1,320.6,34.16,0.64,6.78,33.25,6.45,7.22
7.97,-44.2485,-148.0689,North Pacific Ocean,6013.0,1513.7,34.09,31.15,6.73,71.19,44.47,5.87
8.39,-70.4624,117.1125,North Pacific Ocean,1923.4,2285.4,37.08,9.57,4.7,95.6,7.16,6.14
7.63,-10.1687,30.5342,North Pacific Ocean,1546.0,1390.6,39.38,1.58,5.24,28.97,48.57,7.98
7.82,65.6355,80.0457,Norwegian Sea,5157.5,-289.8,39.26,19.31,1.51,5.62,46.71,5.65
7.83,-31.5173,94.1806,Bay of Bengal,1604.8,897.6,33.29,3.94,3.7,9.72,18.36,5.25
8.28,60.5634,-125.8367,Indian Ocean,10171.1,2513.6,33.56,26.09,7.31,75.85,5.97,5.98
8.04,-69.5541,-83.0701,Gulf of Mexico,5856.9,-188.7,39.37,18.48,9.08,33.28,6.49,10.0
7.92,-16.7046,-160.0167,Baltic Sea,6074.0,1303.0,30.74,26.81,3.49,17.5,47.11,9.03
7.56,-2.0788,139.8905,Arabian Sea,7629.5,1759.5,33.73,21.63,8.82,87.38,37.11,1.93
8.47,-18.8968,104.6161,Baltic Sea,5619.6,2985.6,36.39,32.12,1.35,10.59,43.24,3.4
8.31,69.726,-80.4223,North Atlantic Ocean,6942.8,258.3,30.34,9.35,7.77,84.75,4.69,0.14
7.56,-33.7335,-68.3309,Bering Sea,2738.7,2803.2,33.42,3.0,6.48,66.62,47.7,1.5
7.55,65.5527,30.6474,North Pacific Ocean,2413.1,1109.7,35.21,22.71,7.88,5.04,28.52,7.42
7.75,60.0262,34.7315,Arabian Sea,712.1,-300.8,38.93,32.37,9.49,61.97,38.77,6.38
7.55,50.2721,133.3727,North Atlantic Ocean,5015.9,2484.4,32.42,20.8,7.71,41.19,38.36,5.22
8.24,-44.0986,-169.357,Indian Ocean,4749.7,-186.2,37.74,30.87,2.57,43.65,46.42,6.94
7.71,-24.4151,152.6067,Caribbean Sea,9942.9,-161.0,34.53,-0.2,9.24,16.33,7.3,1.2
8.38,11.2221,132.6969,North Atlantic Ocean,1477.3,-487.6,34.95,28.49,7.56,60.87,46.01,7.22
8.11,-63.1933,2.5476,Gulf of Mexico,6839.2,887.4,30.09,30.4,3.37,40.48,44.26,0.99
7.99,-11.5473,-138.3572,Bay of Bengal,2718.1,219.9,33.07,21.82,2.88,6.6,34.4,6.12
7.61,-88.724,43.3576,Bering Sea,8861.8,67.9,38.9,14.21,7.06,91.14,19.65,7.08
7.63,-50.6375,43.3216,Coral Sea,1688.2,2507.6,34.84,8.83,4.49,34.04,22.25,7.22
7.62,66.7229,-147.8534,Gulf of Mexico,808.5,1183.2,36.24,2.51,2.91,27.52,4.65,5.83
7.71,-88.1115,155.7082,Bay of Bengal,3839.4,1075.0,31.82,33.63,1.51,32.91,37.77,7.99
7.6,-22.9103,45.9605,Coral Sea,8660.3,2311.2,39.82,5.16,8.3,88.13,21.71,1.51
7.82,77.1923,15.3213,Coral Sea,2261.3,991.8,33.9,22.64,3.25,91.09,20.57,9.21
8.31,52.1963,28.1856,Bering Sea,3139.8,-31.9,33.71,-1.21,1.51,84.36,19.6,8.39
7.65,-63.2058,10.239,Southern Ocean,7133.5,-142.0,38.68,6.45,2.34,50.94,10.41,1.6
7.8,-34.7507,-146.9494,Red Sea,3894.0,665.3,31.88,33.97,5.59,28.0,43.84,7.71
7.95,41.2231,96.2489,South Pacific Ocean,7083.8,2075.0,37.52,21.21,8.37,41.63,37.37,5.56
8.11,9.0726,-178.3949,Gulf of Mexico,8043.9,1607.3,33.5,20.87,6.78,93.99,32.0,0.55
7.74,53.4085,116.7919,Arabian Sea,2677.2,2557.8,36.35,11.62,4.28,35.43,47.8,7.84
8.11,-60.0673,-127.8549,North Atlantic Ocean,4915.0,38.1,38.92,-1.05,3.19,12.04,40.55,8.08
7.68,-23.6708,-68.821,Indian Ocean,2844.7,1176.7,37.68,24.01,7.46,67.73,14.57,9.64
8.13,46.2168,-47.5473,Indian Ocean,7969.7,2406.5,36.65,23.9,8.13,56.72,39.05,5.69
8.29,-15.7252,-21.6781,South Pacific Ocean,5609.2,2039.2,35.42,30.53,1.49,34.21,27.18,6.15
7.52,29.6335,-11.8189,Southern Ocean,771.8,501.4,30.35,24.25,2.96,4.24,17.97,0.91
8.44,-54.7743,48.3727,Gulf of Mexico,8244.6,457.0,35.87,11.69,4.82,69.68,29.97,3.97
8.21,27.3436,-16.7427,Indian Ocean,8689.7,935.6,34.54,17.02,9.5,80.57,36.12,7.31
8.45,-58.8661,91.3241,South Atlantic Ocean,3096.1,-435.1,33.33,8.18,1.37,30.33,40.03,4.96
7.76,47.1497,-139.5078,Gulf of Mexico,6899.7,60.0,34.58,21.97,1.64,80.81,45.0,1.11
8.44,7.5844,-67.3324,Bay of Bengal,10427.3,776.0,31.68,13.37,8.33,17.76,5.92,6.34
7.95,-12.536,-91.343,South Atlantic Ocean,3831.1,2043.2,31.9,3.03,6.27,28.48,32.12,6.12
7.65,-77.3065,-67.3534,Red Sea,9566.6,1709.8,39.92,32.63,4.54,96.5,42.76,0.11
8.24,29.7109,-107.923,North Atlantic Ocean,10542.8,2977.4,38.14,7.14,8.25,80.87,36.95,8.63
8.19,-55.7542,133.4806,North Pacific Ocean,5376.7,700.2,37.67,32.65,9.3,5.35,18.62,1.08
8.42,-68.0401,-3.1077,Caribbean Sea,2604.4,2496.6,37.91,28.16,5.95,98.84,0.26,9.93
7.8,-61.8692,44.4807,Bering Sea,1686.2,710.2,36.35,5.02,5.24,41.38,45.2,0.05
8.13,-56.7175,91.2452,Gulf of Mexico,5517.5,384.0,39.97,6.03,9.76,13.95,26.53,5.74
8.46,33.2412,-70.0383,South Atlantic Ocean,9914.6,1232.5,34.42,6.66,4.17,26.91,18.44,4.05
8.37,-2.3273,134.4091,Indian Ocean,7215.4,1201.2,39.14,-1.92,9.07,50.42,40.5,3.21
8.32,-5.9,-18.2471,Bay of Bengal,8486.8,590.6,33.64,18.73,1.32,9.37,16.38,6.0
8.38,-6.6799,49.752,South Pacific Ocean,4861.1,2611.7,35.27,20.61,3.17,51.65,2.55,3.14
8.34,-15.8883,-170.409,South Pacific Ocean,3479.5,2749.9,37.47,29.36,6.39,90.25,30.7,4.41
7.88,2.7604,-28.038,Norwegian Sea,10729.5,1376.3,34.53,21.34,9.63,71.89,30.8,7.41
7.52,-61.1122,-74.348,Coral Sea,2292.3,1785.2,34.07,13.1,9.99,87.29,22.46,1.2
8.49,-38.9699,-167.375,North Pacific Ocean,10291.9,1889.5,36.98,22.78,4.25,24.94,43.74,9.55
8.27,-71.952,-53.6881,Red Sea,9747.4,528.2,30.3,28.38,3.26,52.56,8.69,8.63
7.73,60.5978,121.836,South Pacific Ocean,1309.5,1864.9,33.57,4.46,4.16,9.64,39.59,6.38
8.25,89.9858,141.2781,South Pacific Ocean,3216.5,912.1,35.29,-1.16,4.99,67.52,21.93,8.33
7.86,36.6602,25.2489,South Atlantic Ocean,9203.5,973.2,32.09,18.59,6.38,22.58,8.74,5.09
7.75,-81.4033,173.9909,Norwegian Sea,3374.5,2566.9,38.27,13.35,9.75,17.15,30.36,3.31
8.07,-5.0472,152.4579,Red Sea,6132.9,1451.5,30.18,30.18,9.98,20.11,43.78,6.51
7.51,-88.8134,61.1163,Caribbean Sea,6253.8,2769.8,31.88,21.95,9.51,65.98,5.01,9.81
8.48,-40.3089,-107.6745,Arabian Sea,8004.2,2055.9,33.7,11.45,7.47,42.27,37.57,6.45
8.44,-75.5357,-136.4458,Bay of Bengal,10372.0,1434.8,36.05,19.46,9.16,40.41,36.37,3.88
8.29,-14.3552,57.6322,South Pacific Ocean,194.6,1970.2,33.15,18.79,5.98,14.87,30.57,8.22
7.55,-12.3257,-33.3785,Indian Ocean,10265.5,660.9,39.94,15.58,2.87,12.72,32.57,0.05
7.57,-58.2556,-162.4004,Coral Sea,9165.9,1119.8,31.5,23.35,2.16,40.26,37.17,1.06
8.15,59.3019,144.6088,South Atlantic Ocean,1310.9,1068.0,35.71,9.17,3.27,39.39,22.17,2.11
8.3,48.0879,-161.6098,Southern Ocean,7444.1,2396.2,32.78,15.07,5.62,24.73,23.25,7.53
7.55,58.8657,104.8894,North Pacific Ocean,7392.4,616.4,32.98,34.0,7.37,82.42,47.6,9.52
8.06,8.3244,15.6131,Gulf of Mexico,3055.4,1436.3,30.16,9.14,4.01,70.46,1.62,1.16
8.2,-88.5183,-26.8612,South Pacific Ocean,8490.8,1000.2,33.0,3.66,3.93,26.44,46.88,9.19
7.66,76.278,64.4833,Bay of Bengal,9593.7,2799.2,38.26,-1.46,5.07,53.99,36.23,8.86
7.68,75.4416,-5.8927,North Pacific Ocean,2723.0,2490.7,32.66,6.72,4.53,68.58,22.44,6.23
8.43,7.8646,32.9483,Caribbean Sea,9142.2,2759.5,35.75,0.09,3.71,47.65,18.86,4.84
7.9,72.6904,28.5546,Caribbean Sea,8362.2,1034.2,37.69,21.6,2.88,13.06,27.66,2.15
7.77,-41.9815,36.4483,Baltic Sea,845.4,889.6,37.88,3.16,2.56,44.39,36.46,2.06
7.55,3.0912,176.8291,Bering Sea,7536.5,455.7,39.54,19.8,1.15,25.97,14.73,9.76
7.54,34.0607,-74.4869,North Pacific Ocean,1749.3,333.6,36.38,7.77,2.66,17.22,2.92,1.45
7.76,0.5281,-69.3133,Baltic Sea,2205.9,1051.4,39.65,3.32,9.62,23.95,7.77,4.51
8.12,62.8909,-49.6505,North Pacific Ocean,1246.6,82.6,31.48,24.14,3.06,80.79,41.55,4.97
8.11,7.5511,144.8596,Southern Ocean,8010.8,2986.6,31.58,34.51,6.04,39.51,9.71,2.01
7.73,-59.8882,19.2703,North Atlantic Ocean,10324.5,110.3,35.17,30.02,8.19,81.08,43.75,7.88
8.24,59.2263,154.1424,South Atlantic Ocean,3184.7,2130.3,38.19,27.93,6.3,12.7,14.28,4.44
7.96,37.2634,92.71,South Pacific Ocean,5553.8,2418.6,38.56,26.64,8.51,57.47,46.89,4.52
8.3,2.2742,-89.5486,Red Sea,5457.6,2857.0,34.48,11.28,2.42,59.26,25.83,2.71
8.42,-0.4114,25.4619,Caribbean Sea,77.3,554.9,39.67,4.56,9.16,88.4,17.56,8.83
7.74,34.3682,-150.9087,Norwegian Sea,3417.7,2568.3,39.32,2.52,3.01,49.66,25.35,0.88
7.95,29.5318,21.1389,Baltic Sea,2381.1,516.9,33.81,20.21,8.88,63.19,44.4,9.44
7.55,-42.9463,-111.2836,Baltic Sea,77.7,1266.5,35.07,26.55,3.84,93.31,40.66,5.34
8.26,44.9406,-31.931,Red Sea,1513.0,1522.5,34.71,34.55,7.29,6.33,17.09,5.28
7.82,63.8624,27.4911,Gulf of Mexico,6192.1,1290.5,39.7,16.66,2.65,57.11,19.59,3.72
8.15,-47.4944,-110.746,Coral Sea,7633.5,62.8,38.04,14.27,5.13,7.9,49.24,4.17
7.88,-9.0465,90.8402,Red Sea,10987.1,2962.7,35.19,9.5,7.67,76.54,7.12,0.18
7.64,-35.1713,-7.4597,North Atlantic Ocean,7782.8,100.1,30.26,12.79,6.29,37.35,22.59,1.56
7.51,-57.9808,134.5078,Bering Sea,993.2,-270.8,30.34,10.02,4.65,50.37,40.36,2.56
8.14,-73.4141,-68.4089,Arabian Sea,4881.2,-484.8,32.4,12.01,5.66,45.5,20.75,7.81
8.43,59.2291,95.765,Coral Sea,7318.3,2116.2,37.13,25.49,5.36,3.2,3.94,4.74
8.4,-49.2702,-171.2577,Southern Ocean,5435.7,-322.0,32.92,14.49,6.72,10.11,17.15,0.64
8.44,22.9501,18.8934,Norwegian Sea,3435.7,285.0,30.36,20.52,5.88,12.27,41.15,8.98
8.19,-11.3382,124.5929,Norwegian Sea,605.5,1330.6,36.89,29.91,9.5,64.45,29.3,1.57
7.93,0.8485,119.1502,South Atlantic Ocean,4458.1,268.4,35.68,24.39,2.94,67.97,25.41,2.66
8.03,6.3173,23.7218,Gulf of Mexico,3732.2,2401.7,39.0,1.18,4.22,78.21,0.38,9.95
8.23,21.2995,43.557,Bay of Bengal,9460.2,1166.9,39.07,26.18,7.88,30.38,37.04,4.53
7.8,53.3823,95.9747,Coral Sea,1884.2,2613.5,39.95,34.02,9.39,52.81,40.18,4.81
7.69,-58.1805,15.3635,Bering Sea,10629.3,2606.8,32.98,26.13,9.86,62.85,8.93,9.26
7.57,-33.5346,108.5271,Caribbean Sea,9198.4,1149.4,32.96,22.75,9.97,43.09,28.66,0.11
7.98,-69.5352,36.6417,Coral Sea,2848.0,258.6,39.79,10.99,8.37,80.39,41.87,0.64
7.59,35.3247,-125.6096,Arabian Sea,382.6,777.4,39.73,14.39,7.16,50.09,28.24,5.32
7.96,-33.6402,96.1353,Southern Ocean,5162.6,2598.7,32.02,19.26,1.46,36.77,20.6,2.76
8.31,53.0071,-51.1322,Indian Ocean,7106.8,2385.7,34.66,20.59,3.25,30.66,6.24,3.37
7.65,40.8969,138.293,Southern Ocean,3367.6,336.7,35.56,1.46,8.56,75.99,49.68,7.79
7.62,-82.2395,-41.3748,Red Sea,147.9,1225.0,39.16,2.14,9.09,12.14,28.4,0.25
7.75,-71.6555,-92.4961,Indian Ocean,10497.6,2071.6,31.23,-0.73,8.07,33.42,12.11,0.39
7.58,18.4299,-70.9409,Gulf of Mexico,3743.7,577.9,32.77,16.6,1.5,82.31,38.21,9.05
7.86,36.3148,-114.323,Bering Sea,10254.7,1959.8,32.68,5.2,3.28,56.13,21.75,2.49
8.11,-23.2713,-18.5556,Southern Ocean,3532.3,-163.6,39.29,6.28,4.44,69.21,13.25,8.69
7.97,-54.0957,89.3459,Arabian Sea,7039.7,1356.8,31.6,14.76,7.49,93.26,39.39,9.44
8.22,-61.483,57.6635,South Atlantic Ocean,6485.1,883.9,35.55,7.39,5.16,4.11,45.29,1.6
7.62,-46.7042,133.7422,Red Sea,8939.5,-283.1,36.28,34.78,4.89,48.35,37.65,0.88
7.84,-60.0952,-172.6055,Coral Sea,10012.1,2429.4,34.27,20.15,9.24,1.8,38.85,7.38
7.92,-32.1757,93.5369,South Atlantic Ocean,5066.2,497.6,30.14,3.43,6.32,53.48,2.49,9.29
7.96,-1.7032,39.0621,Gulf of Mexico,4681.8,167.5,30.96,14.44,2.44,0.19,0.33,7.74
7.57,32.0298,167.3064,Bering Sea,8826.6,1517.9,33.5,30.73,5.88,27.6,30.43,4.6
7.56,66.0178,119.1947,Gulf of Mexico,1470.2,2608.9,38.4,16.82,8.37,12.77,10.47,0.64
7.58,40.4243,-78.9557,Baltic Sea,2858.1,2390.8,32.62,27.58,9.14,14.24,43.8,1.39
7.64,27.3775,131.1016,Coral Sea,1306.7,-57.8,32.48,10.92,6.65,20.1,2.44,8.66
7.5,51.7394,135.1496,Southern Ocean,3297.5,950.6,39.94,-0.05,1.51,91.58,14.95,1.03
7.8,72.7612,116.8861,Gulf of Mexico,5979.7,2824.3,38.38,24.93,1.12,74.07,17.23,0.83
7.91,-48.6244,9.2361,Baltic Sea,7566.2,144.8,32.16,27.76,1.27,86.15,36.72,0.24
8.05,22.0493,125.7969,South Atlantic Ocean,3009.8,1390.3,31.81,30.05,5.61,80.41,39.88,3.33
7.53,-83.2114,-66.4947,Red Sea,7706.1,-479.4,36.72,23.74,4.12,13.5,21.18,4.83
7.95,88.4992,-54.4573,South Atlantic Ocean,4585.6,-167.9,35.39,11.64,9.83,17.13,8.5,2.78
8.44,64.4147,53.3325,Arabian Sea,8185.8,439.8,31.01,30.25,8.8,38.72,21.74,5.1
8.25,-23.5686,-170.1682,Coral Sea,5904.4,342.7,31.25,26.45,7.58,26.26,42.59,8.89
7.82,20.7516,54.3851,North Atlantic Ocean,9544.8,1456.0,35.4,8.35,2.68,6.35,5.96,4.31
8.03,8.1508,-64.6275,Red Sea,9334.3,196.2,35.42,24.95,6.87,67.91,4.7,2.77
8.2,61.9493,142.4954,Baltic Sea,4688.1,1677.4,37.4,9.58,1.37,55.47,49.76,6.17
7.65,-3.8873,-31.2897,Southern Ocean,8870.5,2564.1,32.74,29.62,9.82,48.41,12.54,0.05
7.57,-66.3363,89.4912,Bay of Bengal,6356.7,2355.3,34.14,19.08,3.59,76.49,38.36,3.97
8.12,-3.5556,-81.8528,Arabian Sea,2647.7,2032.2,39.79,-0.83,5.66,79.83,23.96,3.51
8.24,-68.6963,-61.4691,Caribbean Sea,1281.3,-115.2,39.22,28.29,8.94,40.19,40.14,2.27
8.01,55.3701,-113.2248,Gulf of Mexico,520.0,341.9,36.19,0.41,1.21,14.38,40.17,5.04
8.2,-60.0654,-93.2127,Indian Ocean,2734.4,663.8,37.53,-1.75,1.38,37.55,6.16,1.02
8.22,-23.5461,-141.1146,South Pacific Ocean,913.3,1811.3,38.91,12.15,1.23,14.65,42.25,5.22
8.14,-70.9228,42.1068,Gulf of Mexico,2071.3,555.4,35.66,4.14,1.98,95.66,8.59,7.18
8.44,-21.8551,122.4803,North Atlantic Ocean,4640.7,-417.0,39.74,6.64,1.22,65.8,16.41,9.96
8.04,83.4005,-77.8049,Gulf of Mexico,1737.7,2208.9,32.67,12.36,6.84,36.55,11.04,1.55
7.56,77.3323,-71.2852,Norwegian Sea,8020.6,2636.8,31.71,0.64,9.83,96.17,33.84,1.0
8.07,11.3811,147.2591,Baltic Sea,147.6,1934.4,35.26,11.47,8.72,16.86,41.34,8.79
8.14,24.8982,-147.2984,Red Sea,10192.6,669.4,34.26,7.49,9.5,99.54,38.87,4.42
7.84,-26.6209,-147.0039,Bay of Bengal,4233.7,1761.2,34.77,3.85,4.92,12.77,10.97,3.13
7.97,-52.1166,97.4258,Bay of Bengal,1172.9,2011.1,30.96,21.92,9.94,25.01,14.5,9.22
8.27,-39.9459,-89.7462,Bering Sea,97.6,57.9,39.7,25.13,2.29,99.42,9.58,2.22
8.22,-75.7343,11.1846,North Atlantic Ocean,10097.7,2442.0,35.58,18.56,7.94,53.7,26.17,8.91
7.68,-9.8595,-15.1735,Caribbean Sea,5054.9,2092.5,38.51,13.29,8.41,27.37,27.24,8.21
7.74,-74.641,19.8295,Baltic Sea,9581.8,1326.3,36.83,19.64,7.15,88.0,28.37,4.74
8.07,-22.967,-149.2474,Baltic Sea,5979.3,-41.5,31.8,2.81,2.98,85.29,24.71,1.28
7.89,63.1903,-43.3298,South Pacific Ocean,1306.1,2385.0,34.15,19.54,5.17,86.82,41.06,5.13
8.25,-19.6425,50.5117,North Pacific Ocean,7167.2,730.5,30.4,16.93,2.59,16.63,17.01,5.39
7.6,-11.6074,-99.4271,Bering Sea,8103.2,130.8,34.98,3.33,8.31,46.64,20.4,2.26
7.83,4.8523,-125.9049,Indian Ocean,5783.2,2972.3,31.75,23.97,5.91,80.25,31.06,3.06
7.87,-33.4143,-21.9603,North Atlantic Ocean,3078.7,1636.6,30.11,24.78,9.87,36.39,15.92,2.33
7.93,-75.2074,159.7148,Arabian Sea,9177.1,2274.7,37.24,18.18,5.82,49.56,18.2,7.36
8.27,47.0818,161.4453,Norwegian Sea,1043.7,-22.0,38.77,7.13,3.31,36.38,32.04,9.44
7.52,-46.5987,125.9898,Norwegian Sea,5901.1,1664.4,36.31,33.38,3.73,4.67,28.45,5.96
7.64,-63.8506,-87.2483,Bering Sea,9190.7,2069.2,31.7,27.82,8.44,42.53,25.89,8.97
8.05,-74.2682,69.7372,Norwegian Sea,4372.3,466.0,33.57,7.18,2.28,92.02,3.84,7.12
7.99,32.4481,166.3236,Coral Sea,4398.3,23.8,31.52,14.73,1.32,15.46,34.02,1.08
8.45,-86.9086,64.6406,Southern Ocean,3171.2,2150.9,32.95,7.87,5.78,47.91,42.87,5.42
7.56,16.8154,40.0345,South Pacific Ocean,3994.8,449.6,34.84,20.41,4.07,28.17,48.31,4.8
7.8,-27.2863,-137.7857,North Atlantic Ocean,3739.4,1562.2,33.54,32.0,7.42,74.63,43.96,3.25
8.28,1.2312,89.3549,North Atlantic Ocean,3999.6,2226.9,37.64,15.91,5.24,81.19,3.93,2.35
8.46,73.3286,96.331,Gulf of Mexico,844.9,-77.8,34.25,1.05,6.45,82.26,48.49,7.88
8.49,-89.8669,-118.3713,Southern Ocean,3515.3,1354.9,31.19,26.36,4.94,46.75,4.53,9.3
7.79,24.3354,-36.5298,South Pacific Ocean,10365.7,2176.1,35.76,26.92,1.4,30.81,37.95,9.04
8.1,70.8701,24.4297,Bering Sea,4170.6,18.3,34.72,29.62,1.64,53.56,3.79,0.15
8.46,-46.008,-90.8109,Norwegian Sea,10274.0,-290.7,32.47,19.87,5.5,80.71,5.12,8.66
8.48,-69.0501,173.8347,Red Sea,400.4,674.6,36.02,31.04,9.18,60.19,12.02,6.37
7.62,-19.8868,-120.0089,Norwegian Sea,6991.4,2412.3,32.8,25.22,3.05,3.37,25.53,5.42
7.85,81.2113,167.3804,North Atlantic Ocean,4327.2,281.5,36.41,25.82,3.15,51.63,16.1,1.36
8.23,15.048,-120.5083,North Pacific Ocean,3809.4,410.9,32.41,11.52,7.36,14.55,36.67,8.75
8.06,80.4649,-1.8176,Southern Ocean,6299.3,-308.4,30.14,18.85,9.62,74.27,37.23,0.05
8.08,-41.3433,175.367,Bering Sea,1238.2,401.5,38.19,28.11,8.65,33.27,28.69,2.44
7.93,39.8323,-109.7754,Coral Sea,8031.1,1390.4,35.63,9.07,5.26,24.58,15.47,4.16
8.34,-40.4619,85.5331,Baltic Sea,9054.8,2344.0,35.72,21.71,5.12,92.0,3.93,0.69
7.56,2.8757,3.7203,Norwegian Sea,427.0,129.2,30.04,32.72,2.41,27.44,30.73,8.7
7.73,72.7884,-28.0711,Norwegian Sea,1700.7,506.5,31.57,28.22,3.91,63.09,2.56,3.17
8.2,-74.1241,-30.0239,North Pacific Ocean,1280.9,467.4,34.12,24.63,2.16,82.52,24.0,1.83
8.32,-36.7163,20.7073,North Pacific Ocean,10329.7,1500.8,39.65,6.17,5.14,49.72,22.72,0.48
8.47,-26.1689,96.0761,Bay of Bengal,7606.0,1398.6,37.23,15.85,9.38,46.3,46.13,5.78
7.8,-79.4772,-62.6223,Arabian Sea,3158.4,796.4,31.4,15.78,5.13,98.91,39.56,1.94
7.72,-47.3395,178.4845,Baltic Sea,1070.2,2616.7,34.51,22.55,9.74,23.57,40.16,4.27
7.76,-78.6631,146.4811,Arabian Sea,7337.0,2161.7,35.42,10.19,5.06,49.36,1.19,2.04
7.75,-37.0141,-3.0295,Bay of Bengal,973.6,1326.6,34.01,17.06,5.22,36.94,37.47,4.76
7.98,-84.9895,12.4993,South Pacific Ocean,10139.8,1600.1,31.7,-0.04,7.73,27.87,14.0,7.21
7.78,-83.0443,80.6663,North Atlantic Ocean,2914.1,540.1,36.53,0.76,4.32,5.18,14.01,7.78
7.64,-47.713,-73.944,North Atlantic Ocean,2926.6,2911.8,34.89,5.76,4.41,51.87,3.72,6.12
7.55,-21.8186,-0.4191,South Pacific Ocean,5051.1,537.2,39.43,25.1,8.17,68.67,4.56,4.82
7.76,-18.3031,-56.191,South Atlantic Ocean,10386.3,1707.8,37.05,9.93,8.1,46.76,18.66,8.72
8.32,-26.8427,-26.9765,Coral Sea,4289.8,2398.6,31.32,-0.0,7.69,11.23,49.56,4.65
8.34,2.4497,108.7415,Norwegian Sea,3786.8,2934.8,32.82,20.58,6.12,15.23,17.46,4.83
8.09,74.3894,2.4202,Bay of Bengal,6430.7,2111.5,34.54,19.49,8.72,36.17,4.22,8.24
7.9,-7.5714,120.4897,Baltic Sea,10749.0,-313.5,35.59,30.8,8.58,69.27,27.59,4.44
7.77,-72.0097,-110.6621,Norwegian Sea,2690.3,183.0,35.67,24.44,9.91,69.83,38.85,1.49
7.54,32.7101,58.8377,Baltic Sea,9545.6,1710.3,34.53,2.26,9.34,71.88,37.08,7.71
8.49,81.9916,130.2715,Indian Ocean,5453.8,77.0,38.76,25.97,9.81,49.69,45.41,1.78
7.88,-54.8054,-112.7685,Baltic Sea,8667.7,1442.2,33.91,20.19,9.43,86.45,25.8,9.36
7.87,-55.1481,-7.3538,South Atlantic Ocean,4053.3,2025.5,37.74,12.12,8.18,23.42,42.47,0.86
7.9,-44.7579,145.9926,Red Sea,4957.2,2108.9,33.5,27.16,6.56,86.71,1.76,0.57
8.28,-81.1231,162.5816,Gulf of Mexico,4278.9,1127.4,32.86,30.35,5.1,62.3,45.26,5.42
8.16,55.0932,95.2058,Bay of Bengal,5641.6,-199.2,33.46,10.12,5.7,41.79,10.32,6.76
8.44,-21.4173,56.9507,Bay of Bengal,1767.4,887.0,36.77,23.75,9.65,78.28,6.54,6.96
7.57,49.4275,-117.4934,South Atlantic Ocean,9108.4,365.0,33.82,18.62,8.98,69.05,44.75,1.39
8.46,22.707,171.4629,Arabian Sea,4283.6,2447.3,31.94,1.15,8.34,52.58,3.63,2.6
8.09,-69.8032,-174.345,Indian Ocean,3633.3,2745.8,35.7,26.25,3.59,69.23,30.36,3.39
8.43,8.24,14.3043,Caribbean Sea,9221.4,2640.9,31.52,28.6,8.03,33.09,27.2,2.2
8.26,38.9207,-112.8697,Caribbean Sea,2376.3,1134.7,35.83,24.9,4.47,24.02,0.73,4.24
8.49,-81.2562,160.5244,Coral Sea,8002.2,615.7,35.61,22.59,8.76,8.26,37.18,0.78
7.71,-14.216,58.0602,North Atlantic Ocean,3745.6,2360.9,39.77,19.16,8.03,32.62,16.27,4.15
8.02,55.8172,136.1836,Red Sea,6284.3,1137.3,31.8,15.9,2.58,29.17,2.16,3.19
8.44,86.8553,-24.1858,Baltic Sea,5682.8,2109.4,39.97,24.58,6.2,11.72,4.39,5.69
7.64,35.6654,85.6745,Bay of Bengal,6377.7,630.9,31.48,2.65,6.7,42.76,14.24,2.45
8.28,-34.2424,73.5584,Bay of Bengal,6412.4,2670.9,38.47,-1.84,6.38,80.71,32.97,8.3
8.41,-39.4599,130.2573,Gulf of Mexico,7566.8,2769.6,38.49,6.92,5.39,82.31,36.8,7.51
7.87,15.5833,-164.2382,South Pacific Ocean,5146.3,262.1,32.35,-1.77,7.97,8.83,44.71,0.09
7.94,77.9945,13.5558,South Pacific Ocean,5412.0,1377.8,30.77,14.61,7.54,70.92,27.33,0.87
8.33,-48.9866,91.6107,Red Sea,8343.8,1907.8,32.08,18.79,1.62,89.91,20.49,1.6
8.07,-48.4771,174.0529,Norwegian Sea,2299.2,426.2,33.64,19.7,4.65,1.15,43.98,7.56
7.98,2.2615,74.5203,Gulf of Mexico,8568.0,105.5,34.37,27.52,8.59,67.3,19.4,7.66
7.77,13.6265,35.25,Gulf of Mexico,92.6,269.6,36.4,30.83,3.06,99.69,23.86,1.84
8.04,78.6335,5.3106,Baltic Sea,6349.4,2432.2,36.03,31.44,5.87,62.17,20.26,5.49
7.88,-31.8453,-65.8079,Coral Sea,4791.7,607.9,37.5,-1.63,8.33,16.2,34.47,3.04
7.97,-13.0172,-131.0216,Norwegian Sea,6958.6,1250.3,36.98,15.04,8.74,40.64,35.04,9.32
8.35,-25.7596,152.0964,Red Sea,5377.5,-433.9,30.24,11.53,6.45,1.51,27.7,6.65
8.35,42.0598,-113.4958,Red Sea,8688.4,366.3,37.65,0.81,2.87,61.84,32.13,4.47
7.52,-25.9557,78.6945,South Atlantic Ocean,2177.9,1333.8,35.53,8.96,9.35,93.3,6.77,2.29
8.05,-11.6411,104.1467,Bay of Bengal,2971.9,714.4,39.44,4.07,5.3,64.33,40.25,6.86
8.45,-24.361,129.0376,North Pacific Ocean,6356.6,2578.8,32.84,29.38,5.31,47.69,37.35,2.7
7.95,-84.9751,-65.0764,South Pacific Ocean,2594.2,1385.8,33.41,31.25,3.67,24.9,4.67,9.93
7.61,7.5584,138.8605,North Atlantic Ocean,10393.9,2090.8,33.67,30.19,5.27,36.36,29.4,8.48
7.51,-19.0405,2.3562,Coral Sea,9460.2,1656.7,36.41,-1.17,5.64,1.86,14.91,4.92
7.91,-66.6996,-116.51,North Pacific Ocean,8362.8,2905.5,33.37,28.38,2.23,40.67,36.33,8.08
8.38,18.1177,-142.9091,Caribbean Sea,8272.4,1151.1,33.08,32.81,3.42,14.78,48.88,4.75
8.39,34.0827,-146.8845,Gulf of Mexico,7112.2,395.8,31.83,29.21,3.55,60.02,4.19,5.74
8.16,2.1239,54.4306,Caribbean Sea,8080.4,-109.8,33.48,21.86,9.88,59.88,32.13,7.73
8.45,-45.2649,80.1366,North Pacific Ocean,369.4,2834.1,37.1,33.76,1.41,35.51,40.58,8.95
7.57,6.0919,-14.3055,South Pacific Ocean,6388.6,-277.5,33.16,23.16,6.27,77.66,10.31,0.32
7.87,-40.0136,-115.4699,Norwegian Sea,2887.1,790.3,37.27,31.2,8.47,81.02,9.68,4.31
8.29,-62.9747,161.6301,Gulf of Mexico,1074.1,-296.3,34.19,16.25,6.04,40.85,27.37,8.56
8.34,-72.6541,-29.9814,Caribbean Sea,10690.0,1234.4,37.14,24.88,4.46,12.78,8.64,3.38
7.59,-59.5821,-152.3054,Gulf of Mexico,10404.9,-146.9,38.86,10.21,9.1,74.9,21.09,3.45
8.09,79.314,-92.6999,Caribbean Sea,9965.6,115.6,30.36,22.78,5.69,49.59,19.47,4.8
8.17,-37.8304,37.2504,South Pacific Ocean,7116.9,2079.1,33.54,27.41,5.94,80.06,23.69,7.4
7.72,25.409,-8.9572,Red Sea,29.3,-262.1,33.76,-0.88,2.71,24.27,42.6,6.56
7.53,47.4754,1.3349,Bering Sea,3272.2,1750.2,35.74,6.98,9.59,55.29,46.15,9.67
7.52,11.7837,-81.9438,Gulf of Mexico,195.5,2753.3,35.05,11.5,4.7,12.53,43.98,0.58
7.86,1.2467,-179.3679,Coral Sea,3628.9,2417.1,36.85,16.76,2.52,63.45,15.51,5.39
7.63,-27.2134,-129.1071,Indian Ocean,3263.5,1419.1,30.06,24.07,5.27,68.3,37.86,3.49
8.07,-53.0933,158.0806,Norwegian Sea,6292.8,-425.7,39.21,0.18,8.12,94.94,18.59,4.01
7.75,71.7744,31.7265,South Pacific Ocean,1566.9,2829.3,35.77,2.4,2.03,82.2,46.54,8.63
7.84,17.8481,-120.6002,Bay of Bengal,3559.0,216.2,36.71,12.77,5.0,18.64,15.46,8.43
7.84,-64.2075,-112.5941,Bering Sea,9881.0,2259.5,33.55,10.34,4.87,50.98,9.98,9.6
8.43,44.0821,149.8841,Bering Sea,2543.2,570.2,32.36,3.6,8.48,96.45,41.46,8.68
8.36,-72.8378,-102.6503,Coral Sea,5427.3,1120.0,36.87,27.24,2.13,19.96,14.74,0.44
8.15,3.5357,-148.9532,Caribbean Sea,1305.7,950.4,38.84,6.84,8.96,15.23,32.75,4.2
7.66,-78.9418,158.4899,Indian Ocean,8278.5,2339.0,31.92,11.47,4.11,31.65,25.9,3.11
7.58,-4.2917,-92.4046,Arabian Sea,886.0,563.4,39.58,22.26,3.9,86.6,9.68,1.28
7.86,7.3661,133.1234,Arabian Sea,1848.2,86.0,31.89,21.4,5.17,35.19,34.8,7.81
8.07,0.4984,101.2175,Baltic Sea,10847.2,-489.8,34.96,-1.14,2.43,73.94,29.63,3.75
8.22,-10.9556,-61.4233,Gulf of Mexico,3263.8,-292.7,32.91,22.93,9.6,42.33,21.26,6.39
7.52,-46.0942,171.7868,Baltic Sea,115.6,1582.9,36.3,34.9,3.32,63.25,25.42,9.07
7.69,-73.5195,156.3549,North Pacific Ocean,2615.7,2756.5,31.12,1.12,1.69,23.8,2.19,0.47
7.94,22.7546,-70.0478,Caribbean Sea,4737.8,764.7,30.01,22.83,4.58,50.6,23.12,1.25
7.86,-62.1945,-99.9666,Bay of Bengal,5176.4,805.6,37.75,21.39,1.71,9.52,8.12,4.85
7.96,-21.4727,-161.5792,Norwegian Sea,4479.1,789.6,38.28,4.06,2.32,62.05,0.0,0.86
7.83,42.4639,151.4019,Red Sea,1490.9,2063.7,35.07,29.04,2.53,45.6,9.0,6.99
8.09,19.1767,137.3078,South Atlantic Ocean,2055.4,2505.7,34.79,14.37,1.85,18.96,27.95,6.8
8.37,67.1224,66.373,North Atlantic Ocean,7337.5,304.8,30.66,11.29,6.43,54.14,26.08,6.97
7.58,32.5604,149.6292,Norwegian Sea,10703.2,705.6,38.42,33.62,5.1,29.45,7.28,4.29
7.79,79.1462,-76.1975,North Atlantic Ocean,8241.2,347.2,37.97,14.52,5.21,28.07,0.32,7.33
7.77,-51.2794,-142.1642,Red Sea,8475.0,2060.1,38.28,12.53,3.1,21.04,19.51,1.78
8.04,-82.5721,101.0058,Southern Ocean,4809.9,564.9,32.35,-1.17,7.07,81.47,8.66,6.59
8.39,-75.7339,171.5755,Southern Ocean,3942.6,733.4,35.55,26.91,8.89,86.32,29.76,5.89
8.32,-53.3653,-88.4242,Arabian Sea,8812.2,2914.7,38.26,34.63,6.78,63.55,24.6,0.03
8.4,-80.4727,-100.2001,Coral Sea,7629.1,1551.7,32.93,22.48,8.09,62.88,31.87,2.79
7.71,-42.3213,158.2607,Coral Sea,4931.5,1152.0,38.68,11.89,9.67,38.77,11.6,7.84
7.84,63.5327,79.0494,Southern Ocean,8336.7,397.9,36.35,-1.27,8.06,91.73,37.55,8.48
7.78,-42.757,-78.153,Bering Sea,787.5,777.0,34.32,16.62,4.61,94.5,1.23,4.16
8.05,56.8917,21.8477,Caribbean Sea,720.3,159.5,33.94,21.34,6.94,68.26,22.1,1.08
8.17,-32.4554,-8.0645,Bering Sea,7803.1,207.4,37.95,12.22,6.9,33.44,21.39,9.62
7.92,-11.2193,84.2463,Coral Sea,10786.1,2641.6,39.31,34.05,6.32,70.13,46.57,0.3
7.81,63.4683,-27.3121,Coral Sea,1755.9,2721.8,30.24,1.47,6.45,48.95,30.74,5.84
8.13,-1.3277,-33.6463,Caribbean Sea,10444.2,2646.8,30.81,17.4,4.47,18.37,43.76,7.66
8.0,-67.8741,126.311,Southern Ocean,10677.8,917.0,39.3,9.91,6.02,17.71,32.33,5.03
8.33,-25.2291,74.5668,North Pacific Ocean,1066.3,1542.4,39.09,15.31,9.32,20.14,20.33,3.62
7.55,56.4889,78.9954,North Atlantic Ocean,5002.2,1600.3,39.05,-0.31,9.87,68.86,45.6,5.17
8.24,-77.2489,-82.1304,North Pacific Ocean,4786.6,1267.9,39.85,33.61,1.65,64.56,46.46,2.54
8.19,42.9371,-15.9839,Bay of Bengal,2359.5,634.3,38.51,13.62,2.75,24.69,48.81,0.28
8.37,42.7144,34.0336,Gulf of Mexico,4848.7,695.6,30.8,0.14,9.33,75.95,17.61,8.75
8.34,-10.0044,-86.6769,Bay of Bengal,9201.5,2882.7,34.96,34.5,4.52,95.62,4.52,4.04
7.65,-86.3511,177.495,South Atlantic Ocean,10079.3,2391.9,35.48,34.39,1.99,1.01,5.57,8.83
8.14,-46.0196,-18.5459,South Pacific Ocean,3652.9,1535.1,38.57,17.7,5.13,16.96,21.47,2.92
8.1,-40.6298,-47.1134,Southern Ocean,2435.8,-181.2,37.44,23.7,3.38,71.99,6.9,1.95
8.19,47.2659,126.4965,Bering Sea,5742.8,1049.8,39.45,-0.66,9.97,68.98,46.21,9.94
8.48,6.7836,-90.8555,Indian Ocean,3246.4,992.6,30.5,5.77,7.14,22.35,12.91,7.91
7.61,-29.6028,108.8495,Red Sea,5894.6,1253.8,30.4,2.57,9.77,78.89,36.32,7.81
8.13,20.8781,159.4505,Coral Sea,6868.0,735.1,39.33,21.15,6.73,11.57,26.29,5.26
8.1,-71.1132,79.3497,Indian Ocean,8751.8,2378.5,38.25,30.77,5.9,57.3,45.68,2.2
7.51,89.211,-0.8176,Norwegian Sea,7179.8,1286.3,38.73,8.24,1.5,56.69,28.38,0.61
8.16,-76.2301,-135.3616,Coral Sea,5872.5,2680.7,39.23,26.3,6.78,72.18,49.26,2.1
8.0,58.1931,72.2029,Southern Ocean,7414.0,2802.0,37.3,0.35,5.59,85.51,4.07,9.04
8.27,-10.506,120.5495,Baltic Sea,2465.4,1014.4,36.73,13.95,8.69,86.07,33.27,9.55
8.26,69.7729,-30.7049,Bay of Bengal,10270.8,376.3,31.99,1.76,4.13,71.52,30.74,5.03
7.54,-54.2088,95.5163,Indian Ocean,7134.2,2273.2,34.68,14.8,6.14,85.02,33.82,6.18
8.28,9.1437,14.4294,North Atlantic Ocean,9306.6,2578.6,39.36,26.81,3.76,81.57,15.86,9.15
8.4,16.9571,99.4041,South Pacific Ocean,2389.3,43.4,33.32,7.03,1.75,90.1,4.43,1.81
8.13,-6.3054,-83.4502,Southern Ocean,7501.3,1378.2,33.79,19.57,9.61,14.33,10.71,8.12
8.37,-39.5134,-178.0587,Indian Ocean,264.3,-451.6,31.44,2.37,1.21,8.78,43.06,9.84
7.71,55.8456,178.5906,Baltic Sea,1615.9,401.8,35.66,10.5,4.42,73.28,41.44,9.87
8.4,-52.7863,-119.6553,Gulf of Mexico,1492.2,2486.6,32.0,24.77,3.83,45.39,11.18,8.99
8.44,-42.9446,136.4049,North Atlantic Ocean,9745.8,1602.0,37.08,26.35,8.74,83.37,1.42,6.22
7.78,-15.7389,-148.0429,Southern Ocean,5104.6,1126.7,38.95,33.63,2.46,52.89,33.18,6.1
7.85,59.4832,54.8616,Bering Sea,7475.0,876.6,39.58,7.73,9.13,98.66,10.98,7.13
8.21,-88.5454,-159.7923,Caribbean Sea,10722.4,-273.2,35.84,26.22,6.74,9.53,24.65,9.68
7.84,70.9562,61.4175,Bering Sea,9621.7,1313.5,32.01,30.24,6.54,58.94,21.95,7.62
8.49,7.9934,-141.7351,Coral Sea,6712.7,2722.4,37.91,13.09,7.7,49.06,33.22,4.31
7.79,-72.9594,37.645,Arabian Sea,2829.0,1757.3,30.75,18.79,5.32,19.59,17.59,2.75
7.53,-49.9256,-49.8065,Southern Ocean,1725.8,778.5,37.04,15.55,3.25,83.39,21.85,0.37
8.32,-77.1319,9.1278,North Pacific Ocean,7502.2,2008.6,36.35,21.96,3.57,71.81,41.46,7.75
7.54,-9.1552,-161.9999,North Atlantic Ocean,3737.9,1603.2,32.99,16.28,3.24,28.56,15.7,8.21
8.47,-86.6127,-52.7794,Red Sea,4673.6,859.9,38.41,18.2,5.7,15.69,9.34,4.67
8.1,31.6675,100.8714,Southern Ocean,7434.7,290.6,31.7,25.12,9.93,47.32,19.17,0.12
7.94,-68.6668,99.1445,Baltic Sea,8837.2,781.5,39.19,21.21,3.61,9.71,13.15,3.03
8.23,-53.1976,57.9566,Baltic Sea,6130.1,1579.2,31.95,7.38,8.21,14.08,45.21,5.89
8.22,-87.3696,162.0895,South Atlantic Ocean,9431.6,1691.1,34.82,16.69,3.7,19.51,0.54,9.44
7.89,-47.8075,58.6774,Baltic Sea,9264.4,1039.2,38.49,2.42,8.66,14.02,41.23,8.6
7.71,-83.2412,-55.7211,Gulf of Mexico,6081.8,1207.2,33.4,-1.62,7.7,73.25,12.15,4.28
8.34,-72.741,63.0097,Caribbean Sea,913.0,2988.8,39.62,13.01,3.23,34.75,13.62,6.51
8.42,83.1893,-51.7981,North Pacific Ocean,7560.7,2073.3,35.12,-0.0,5.56,22.37,5.4,6.07
8.49,-73.8021,37.6523,Indian Ocean,4150.4,767.5,33.87,12.56,7.16,17.91,26.07,6.04
7.86,51.4818,60.9506,Gulf of Mexico,8576.5,1465.4,34.21,7.65,7.29,95.42,2.28,7.0
8.08,26.0381,-16.0022,Gulf of Mexico,812.0,2694.1,30.92,4.34,2.7,36.43,21.84,3.35
8.48,-37.3211,174.0611,North Atlantic Ocean,5011.9,872.2,33.39,9.58,9.23,69.69,36.65,2.48
7.91,64.8958,-144.4579,Bering Sea,4585.7,1659.6,32.66,22.0,3.6,3.33,35.89,6.74
8.29,-4.5241,2.4689,Coral Sea,2064.7,-125.1,30.4,31.42,8.04,64.89,6.61,9.97
8.44,-36.8943,142.5159,Bering Sea,6074.0,1870.6,39.51,32.44,5.78,50.19,16.94,4.38
7.69,53.5825,-21.7317,Bering Sea,5823.0,1286.7,33.37,22.29,7.35,74.85,39.43,5.57
8.22,35.2525,40.7001,Norwegian Sea,5261.1,1702.7,32.45,14.56,7.68,50.66,7.24,8.06
8.2,-75.6021,-32.1986,Bering Sea,3635.1,-312.3,38.21,32.11,6.16,42.37,10.64,8.19
7.89,-30.6778,164.3847,South Atlantic Ocean,10094.9,-160.7,31.3,11.86,7.09,94.04,9.32,6.86
8.48,29.682,171.5645,Red Sea,8652.6,1078.6,37.59,7.49,9.46,11.85,46.29,7.67
8.37,-43.923,-112.3382,Red Sea,9293.6,322.3,38.93,10.92,1.64,87.8,1.61,1.69
8.49,20.7054,156.0931,Red Sea,3106.3,1829.8,33.06,5.16,2.44,89.87,5.49,0.66
8.05,-35.5756,4.8174,Red Sea,10551.8,223.4,36.47,29.32,7.1,80.23,49.39,2.7
7.72,-52.6659,26.6525,Norwegian Sea,3586.2,140.9,33.16,10.48,6.46,77.34,35.97,2.84
7.78,-26.1905,159.7009,Arabian Sea,1135.5,1995.6,35.19,27.67,3.39,93.85,35.49,9.31
8.29,-25.0402,85.1328,Bay of Bengal,9017.0,-201.6,32.85,27.25,6.36,85.84,14.18,0.43
7.86,28.0845,46.7446,Bay of Bengal,412.5,94.5,34.15,16.48,6.35,8.3,31.7,1.21
7.71,16.363,136.1666,Baltic Sea,10687.8,-91.3,36.57,15.56,2.91,69.56,23.06,3.45
8.42,-11.9039,56.9272,Southern Ocean,1261.7,813.2,36.0,32.4,4.23,90.72,16.12,8.98
7.84,44.4964,-152.5376,South Atlantic Ocean,1532.8,-171.7,30.51,34.92,3.48,22.05,3.52,0.89
7.58,65.3747,70.5518,Baltic Sea,280.5,1681.4,34.66,34.14,5.26,78.36,49.8,3.06
8.07,-75.1879,159.3068,North Pacific Ocean,1219.2,2776.0,31.17,30.71,5.53,13.44,3.65,6.55
8.05,24.7928,11.6064,Coral Sea,2554.8,525.2,33.47,21.57,2.44,24.84,25.86,3.73
7.92,38.2706,13.9408,Bay of Bengal,8739.8,-369.8,38.94,7.29,3.56,15.57,25.52,6.37
7.95,-11.0885,-79.9633,South Pacific Ocean,123.6,1740.1,30.11,15.56,9.3,2.56,36.48,5.23
7.72,-79.7805,22.5098,Baltic Sea,9398.2,667.9,32.71,16.62,6.76,0.51,8.97,8.03
7.8,-10.9921,157.6064,Caribbean Sea,3330.1,1352.0,35.58,7.27,4.27,71.33,43.71,0.56
7.99,67.133,-78.0344,North Pacific Ocean,9784.6,-207.3,33.2,30.35,9.13,65.17,39.33,7.93
8.47,-60.9637,168.5236,Bering Sea,4589.4,813.2,36.04,13.22,2.91,60.73,29.08,9.84
8.48,-24.3997,75.175,Indian Ocean,7763.5,2506.8,34.74,20.92,6.15,16.24,30.51,1.94
7.59,43.7185,-101.2935,Gulf of Mexico,1608.4,545.9,34.42,26.27,1.78,38.28,17.29,6.12
8.41,67.4916,73.6202,Red Sea,5975.6,1799.6,37.76,24.68,4.76,95.12,4.26,5.03
7.94,74.5468,-27.5313,South Pacific Ocean,3614.9,2089.2,31.66,19.97,7.7,95.75,10.97,9.43
7.96,50.0322,31.1822,South Pacific Ocean,2876.1,503.6,36.89,13.83,1.76,70.21,36.54,2.54
7.86,16.9894,130.0177,Baltic Sea,7456.6,2159.4,36.6,13.07,8.21,31.68,1.32,7.89
8.38,-27.1004,-102.5423,Caribbean Sea,9950.8,1342.0,38.47,9.66,2.53,53.63,6.48,6.0
7.96,-2.2788,-18.7187,Southern Ocean,6978.1,666.5,33.27,10.69,9.91,3.22,43.52,1.67
7.51,-88.5216,-22.2474,Arabian Sea,9723.8,285.5,36.89,32.32,7.63,82.29,41.11,2.9
8.44,-26.9516,68.3081,Southern Ocean,4131.2,412.8,36.97,7.67,8.43,67.5,39.73,2.91
8.47,40.5078,-155.4218,Gulf of Mexico,7312.3,478.7,34.78,31.66,4.38,47.59,27.09,1.04
7.93,27.9706,-112.8344,Southern Ocean,1088.7,777.8,34.4,24.38,2.09,26.09,40.65,8.03
7.94,-88.5156,-21.4121,Bay of Bengal,10458.9,2348.2,37.07,9.37,6.93,84.11,27.57,9.63
7.52,8.5064,16.0707,Baltic Sea,7813.9,2052.6,34.68,33.06,6.49,90.13,21.91,5.77
7.7,-88.679,-164.3856,Coral Sea,5842.5,2588.9,31.76,34.52,6.53,9.41,48.56,0.03
7.62,-24.6044,-20.3829,Bering Sea,9536.7,30.5,38.15,20.98,7.83,95.61,49.01,0.09
8.3,88.313,43.4839,Arabian Sea,7839.4,1660.5,32.04,6.74,2.24,26.27,11.0,1.32
8.02,-16.2856,-131.1281,Caribbean Sea,4900.5,645.8,31.85,12.83,3.3,54.4,13.81,3.93
7.79,70.719,-20.9875,South Pacific Ocean,6260.1,2592.3,37.37,33.39,1.65,72.02,14.02,8.37
8.42,-87.1306,86.1577,Coral Sea,6155.1,616.5,32.31,13.89,6.87,27.98,0.99,1.03
8.15,39.5456,-147.7278,Bering Sea,7279.5,2313.0,32.32,9.75,6.43,68.22,33.21,4.27
8.44,-7.76,43.1995,South Atlantic Ocean,8390.8,2860.4,36.76,25.74,3.25,34.76,37.14,6.46
7.75,8.4453,-42.0114,Bay of Bengal,4231.2,2637.1,30.58,17.98,1.31,97.67,6.08,4.03
8.37,88.6869,-17.748,North Atlantic Ocean,8428.7,2728.3,32.22,20.33,1.94,77.68,44.95,5.53
8.35,-35.0524,-50.2428,Red Sea,3083.9,1773.3,34.38,21.48,2.74,80.03,8.14,1.05
8.4,65.1563,-149.7238,Indian Ocean,4175.0,907.7,32.86,31.98,8.96,60.67,31.96,5.81
8.32,74.8871,35.3837,Gulf of Mexico,4102.3,696.3,36.43,16.9,8.9,96.34,40.88,0.8
8.31,-36.4256,-27.007,Bering Sea,894.5,-11.8,30.87,13.71,5.03,64.14,24.26,0.87
8.35,-81.4517,122.4273,Baltic Sea,2128.1,121.6,34.04,33.25,6.72,27.25,10.27,4.91
8.4,51.5003,83.6524,Coral Sea,10801.5,15.4,36.87,-0.26,7.5,23.99,2.74,0.41
7.92,78.0225,28.6978,Indian Ocean,5553.9,648.6,37.72,28.45,3.5,89.66,28.61,6.33
7.72,-4.0307,-94.721,Gulf of Mexico,2429.3,1404.7,37.8,14.17,7.56,24.88,19.56,8.49
7.57,67.4644,-5.2517,Indian Ocean,4219.7,2352.1,34.33,29.42,5.21,95.73,4.73,7.79
7.78,-50.2643,99.9799,South Pacific Ocean,4907.7,417.2,33.13,16.06,8.21,70.85,42.88,3.02
8.36,46.2422,-137.7199,Bering Sea,5183.2,472.2,36.78,0.74,4.22,4.1,1.72,6.47
8.5,36.6108,-137.2825,Baltic Sea,4819.6,1006.9,32.44,4.12,6.24,5.33,38.9,5.07
7.92,4.9384,-101.1008,Caribbean Sea,8674.3,-449.6,39.1,9.33,8.56,13.29,38.42,8.15
7.97,-32.569,139.0858,North Atlantic Ocean,3946.5,53.3,32.0,2.21,1.25,61.8,0.16,9.33
7.89,-44.8912,3.2058,Caribbean Sea,6518.2,2048.4,33.44,30.12,4.3,7.27,7.26,2.04
8.05,39.376,171.3813,Caribbean Sea,4989.6,669.7,30.44,6.58,6.52,54.87,34.39,0.21
7.98,12.7838,138.865,North Atlantic Ocean,5099.7,24.4,30.27,34.77,4.87,81.1,22.51,5.99
8.18,65.3861,-96.9908,South Atlantic Ocean,10361.0,2496.2,37.22,9.04,6.96,2.01,29.39,8.59
7.77,57.6812,174.923,Norwegian Sea,3585.1,1845.3,38.02,14.54,2.79,34.68,13.88,8.71
7.9,-58.3585,-3.4902,North Atlantic Ocean,1444.2,457.9,31.39,31.15,1.45,44.23,12.35,6.04
7.9,-51.4035,133.3149,South Pacific Ocean,4184.1,2722.4,32.74,20.95,2.6,56.79,28.23,8.97
7.82,79.9088,-8.7128,North Atlantic Ocean,1446.2,2831.7,31.63,30.88,4.93,74.8,15.7,0.25
8.3,-22.2489,160.62,Red Sea,9022.3,256.2,32.46,21.13,7.32,35.05,0.41,8.06
8.04,8.5051,87.6879,North Pacific Ocean,2576.3,2522.7,32.67,8.95,3.52,61.99,12.62,3.6
8.06,-13.9041,10.0041,North Pacific Ocean,6187.9,405.0,37.92,12.81,2.25,16.57,11.98,1.48
7.74,11.5512,71.9471,Indian Ocean,2152.7,1899.1,31.22,13.98,5.29,29.58,13.16,0.5
7.92,31.5623,-98.3577,Arabian Sea,613.9,470.5,36.0,5.52,9.72,90.25,35.74,9.31
7.84,-24.4346,127.7732,Coral Sea,3543.8,2436.6,32.69,10.9,6.23,33.71,3.41,0.93
8.41,-30.2769,-81.6642,Caribbean Sea,10914.6,272.4,34.83,33.79,9.06,6.5,2.03,1.02
7.54,62.1041,33.6973,Arabian Sea,10721.9,-401.0,32.87,1.71,8.23,29.36,22.01,3.38
7.68,21.1889,176.8509,South Atlantic Ocean,5204.7,66.4,36.83,29.96,2.59,51.54,19.1,1.86
8.16,63.6363,-160.9373,North Atlantic Ocean,4193.7,1108.9,36.42,26.04,3.33,92.96,39.52,3.0
8.1,66.3652,-117.808,Coral Sea,10728.7,119.0,32.76,32.06,5.55,0.68,41.89,5.21
8.21,-60.9016,67.2693,North Atlantic Ocean,4763.5,966.8,35.79,27.72,5.42,16.08,23.27,2.16
7.55,54.1083,49.2526,Indian Ocean,184.2,246.1,31.33,31.35,4.72,79.0,10.44,7.07
8.38,72.0508,80.7233,Gulf of Mexico,10520.0,614.0,39.19,1.28,7.98,27.57,14.65,3.72
8.43,-11.0013,-172.9827,Arabian Sea,9282.9,2833.3,39.51,12.93,5.02,24.25,38.35,1.31
8.28,0.8951,65.7187,Southern Ocean,7571.0,-211.1,39.63,32.36,3.28,54.95,5.41,8.84
7.67,-22.4402,158.8697,South Atlantic Ocean,9524.1,1213.9,36.98,5.88,4.48,73.44,24.53,4.46
8.29,-62.8827,-35.6595,Baltic Sea,1611.1,2523.3,34.8,5.55,1.98,67.22,45.53,2.16
7.82,6.0573,-3.5363,North Atlantic Ocean,2519.1,855.5,39.4,33.63,1.76,53.59,9.98,6.18
7.65,-18.4093,72.1596,Norwegian Sea,901.3,2935.9,30.48,10.42,6.0,4.31,0.27,6.03
7.58,58.1074,136.9662,Red Sea,10172.1,133.5,34.75,10.14,8.37,6.55,24.32,5.69
7.55,-2.605,91.2556,North Pacific Ocean,3634.2,-347.4,38.19,20.72,3.78,12.01,16.82,3.76
8.34,82.1861,166.2565,Coral Sea,10220.6,-353.3,34.53,21.4,1.54,46.46,35.76,4.0
8.34,42.6026,86.1343,Gulf of Mexico,5304.9,1695.8,38.29,31.28,2.71,45.38,41.89,1.39
7.53,-48.1038,-76.8341,Baltic Sea,7952.0,831.4,39.67,-0.69,5.83,90.48,11.93,4.87
8.22,-17.5377,142.4199,North Pacific Ocean,8277.8,1735.5,32.48,25.79,7.04,38.2,15.59,7.93
7.75,20.3524,2.9438,Caribbean Sea,3347.9,2759.9,31.81,17.16,8.29,26.32,1.3,2.23
7.72,-65.7591,150.6065,Bay of Bengal,5007.1,1954.6,39.48,22.67,3.66,16.9,30.59,6.59
8.06,1.5298,-156.3478,Red Sea,9910.7,2334.3,32.24,16.84,8.8,79.83,28.21,4.41
7.96,66.3387,53.0184,South Pacific Ocean,8628.2,361.6,36.28,26.7,3.28,66.09,24.42,2.36
7.69,-58.5682,-175.154,Bering Sea,6229.3,509.9,34.41,26.36,7.48,71.78,11.93,0.0
7.51,-74.7916,-126.0916,Red Sea,4506.0,1108.1,33.58,31.3,1.79,74.83,29.65,5.99
7.82,-0.5528,-70.9169,Caribbean Sea,10746.1,-409.8,31.3,32.77,1.86,5.91,30.8,1.31
7.91,70.374,86.1799,North Pacific Ocean,452.8,1107.6,35.71,6.2,7.92,96.67,41.33,2.76
7.98,36.5347,-29.0037,Southern Ocean,8445.5,2103.4,33.1,34.45,5.22,31.19,17.45,7.6
7.91,13.4128,-20.4604,Baltic Sea,6436.7,820.8,34.5,19.85,2.62,23.82,42.29,4.61
7.88,-58.5174,-73.6524,Bay of Bengal,10172.4,1755.8,36.48,24.02,9.73,15.31,39.27,4.4
8.46,43.7074,123.6078,Baltic Sea,8174.0,348.3,39.88,22.7,4.73,38.2,41.52,4.6
8.42,31.3856,166.8807,North Pacific Ocean,1598.2,1358.7,33.47,29.87,8.33,2.58,7.9,6.7
7.89,82.4259,173.9584,Southern Ocean,8667.7,1332.9,33.91,22.77,6.45,45.14,9.19,8.35
8.44,-67.725,7.8527,Gulf of Mexico,3584.8,1142.1,33.87,28.32,8.0,42.91,41.85,4.25
7.59,-30.5606,-164.1118,Southern Ocean,3751.4,1809.2,34.52,11.42,2.81,3.69,28.22,5.66
7.51,-2.9834,-144.6628,Baltic Sea,5371.6,2572.8,35.35,30.22,1.12,66.3,31.94,9.65
7.83,25.2665,134.1056,South Atlantic Ocean,6982.2,2513.3,30.31,17.2,2.83,37.61,24.31,3.58
7.69,-5.4239,34.8843,Baltic Sea,132.9,-364.5,38.42,7.7,1.33,90.6,35.47,8.41
8.2,-19.9774,-114.9748,South Pacific Ocean,10516.0,-308.0,35.86,25.34,5.96,56.5,28.51,6.97
8.13,-23.4739,13.2554,Arabian Sea,6958.0,-111.4,34.25,4.09,3.37,12.14,5.07,5.08
8.47,-72.7439,41.5135,Bering Sea,4531.5,2658.4,30.02,33.67,8.67,55.51,13.78,2.24
8.25,-16.3639,128.6251,Arabian Sea,7213.3,-253.5,32.91,30.64,6.33,63.45,46.02,8.95
7.89,-44.7197,57.6834,North Atlantic Ocean,7492.8,1554.3,32.91,5.19,1.04,78.46,22.38,3.97
7.77,-37.5488,-5.8652,Arabian Sea,215.4,1726.8,36.93,12.34,5.28,5.88,9.93,8.34
7.55,-89.4072,37.088,Norwegian Sea,1138.9,1584.2,31.6,12.22,5.47,28.95,18.26,3.92
7.76,-83.5004,-131.8074,Southern Ocean,6148.4,2067.4,30.97,2.22,4.98,8.21,14.1,6.08
7.68,-38.7379,-92.0195,Coral Sea,4478.2,725.7,37.35,23.59,6.96,53.44,32.07,3.21
8.34,-55.5934,10.5778,Indian Ocean,5182.5,2012.8,34.81,25.99,7.49,75.22,27.66,7.07
7.83,10.4388,-103.0247,Bay of Bengal,2329.9,1849.3,37.64,9.45,1.24,90.84,5.59,2.54
8.18,2.3153,174.7383,Bay of Bengal,10305.9,63.4,32.13,17.1,6.92,46.01,44.31,0.46
8.15,63.7419,17.5326,Bering Sea,3852.9,1207.0,31.49,23.3,9.8,17.6,17.41,2.75
7.56,-78.956,-128.4938,North Pacific Ocean,648.7,2356.8,30.68,25.01,3.51,89.45,35.2,5.79
7.52,33.7144,152.2033,Southern Ocean,7031.0,1203.1,34.04,33.29,7.73,2.84,22.58,1.38
7.95,73.6731,75.4095,South Pacific Ocean,6398.8,1274.2,35.05,23.68,4.38,28.74,48.67,0.63
8.43,21.4243,-166.003,Southern Ocean,6400.8,2886.7,34.61,22.14,1.83,13.39,32.31,2.94
8.14,63.0126,-49.1743,Bering Sea,799.5,346.8,37.55,18.58,7.28,96.02,48.48,1.19
8.36,13.2814,-26.695,Coral Sea,8478.1,1990.2,36.37,7.49,9.64,32.19,40.01,8.65
7.54,49.9636,10.5744,South Pacific Ocean,3672.2,1733.0,33.37,21.96,7.94,27.13,29.36,8.99
7.88,-77.9582,-66.2435,Norwegian Sea,10481.3,2881.0,34.97,23.32,7.36,20.44,31.59,4.34
7.56,-60.0782,79.8282,Caribbean Sea,6843.1,1490.3,32.59,20.86,9.22,35.19,34.85,0.22
7.84,-73.8247,16.6064,Bay of Bengal,7424.2,-126.1,35.77,34.51,7.18,65.47,33.45,7.84
7.78,74.1068,-163.0506,Arabian Sea,6422.9,2930.9,31.12,3.67,8.31,33.46,4.1,6.18
8.42,12.4367,-151.6648,Arabian Sea,4973.5,346.9,30.63,27.32,8.4,17.75,30.88,1.93
8.32,-28.4654,-61.5764,South Pacific Ocean,3731.6,511.3,37.18,17.74,9.93,40.49,14.78,9.23
8.31,5.8078,54.4621,Gulf of Mexico,1747.5,882.8,37.04,30.05,1.25,19.89,18.08,3.56
7.52,-88.3517,53.3488,Coral Sea,6796.3,2235.0,35.88,8.19,2.32,2.62,3.9,5.21
8.01,34.7396,-112.7746,Red Sea,10954.8,-474.5,33.01,17.2,9.13,48.68,38.08,0.66
7.6,-42.6859,141.3696,Norwegian Sea,4518.6,2453.0,31.65,28.86,9.51,55.39,14.99,5.36
8.37,-45.6264,5.0746,Arabian Sea,2704.8,2871.1,34.49,-1.29,2.83,36.65,19.64,5.84
7.95,-46.0863,28.9581,South Pacific Ocean,8777.0,2105.9,31.12,32.79,1.52,17.95,32.83,2.73
7.6,-34.1879,104.1668,Indian Ocean,10285.8,-454.0,36.44,0.25,6.71,22.04,49.09,7.22
8.48,29.5197,-138.6016,South Atlantic Ocean,10843.0,2846.5,35.31,7.38,8.95,54.3,2.17,6.55
7.79,22.0763,8.6277,Indian Ocean,9403.1,-471.9,34.37,26.74,5.1,31.83,2.61,3.81
7.7,17.0421,70.349,South Pacific Ocean,5600.5,1865.1,30.3,-1.94,8.65,50.55,16.23,4.37
8.06,-35.3419,-106.4276,Norwegian Sea,9384.2,-496.4,37.01,17.15,7.88,97.06,37.86,4.8
7.98,44.8871,-117.6291,Coral Sea,810.4,563.6,38.77,7.31,7.45,19.3,44.65,1.17
7.77,86.8806,157.0371,South Pacific Ocean,8893.8,2124.2,36.96,23.28,6.54,83.73,5.24,7.16
8.24,23.0972,100.6077,Bering Sea,1042.7,2792.6,35.41,6.76,2.78,63.89,16.97,0.58
7.79,6.1975,-170.4149,North Atlantic Ocean,6692.8,-408.7,37.47,1.99,8.13,69.94,16.77,3.75
7.85,-58.6296,-35.0612,Bering Sea,3684.4,2390.7,37.35,1.53,8.9,26.52,12.46,4.14
8.2,-75.7907,-113.9105,Baltic Sea,6166.0,1153.9,37.41,29.53,8.59,8.35,35.65,2.98
8.07,-49.3716,-66.0594,North Atlantic Ocean,3360.2,1542.7,32.24,22.4,3.97,44.95,25.8,1.4
7.79,-2.467,-76.645,Bay of Bengal,627.8,928.5,31.32,11.26,5.9,33.57,1.59,7.82
8.42,-38.5895,179.7588,Gulf of Mexico,8725.8,676.0,31.23,6.32,1.89,6.0,2.27,5.8
8.22,87.2271,171.1981,Bay of Bengal,1336.6,140.5,30.86,16.82,7.45,73.51,23.38,0.81
7.8,21.1183,-147.8748,South Atlantic Ocean,6785.3,764.2,38.81,33.11,8.88,99.63,13.5,9.72
8.36,-29.2969,-93.3423,Southern Ocean,3324.4,2608.4,35.04,28.58,7.38,34.47,2.39,5.15
7.81,42.7048,100.6931,South Atlantic Ocean,6934.7,-196.1,31.84,17.44,3.1,98.41,10.49,8.59
8.48,-50.3495,47.93,Bering Sea,4691.5,2875.5,34.21,11.5,2.19,88.69,4.91,2.68
8.41,73.8488,-151.8044,Coral Sea,9630.1,10.7,30.74,32.38,6.6,30.1,43.65,7.87
7.9,-2.2839,-162.0664,South Pacific Ocean,7998.6,-333.0,31.87,10.37,8.73,4.06,12.02,7.53
8.16,2.1731,-120.6702,Indian Ocean,2729.1,1408.2,37.5,2.74,7.09,99.83,27.32,2.11
8.04,-49.3286,-24.0872,Bering Sea,10608.8,2998.1,35.88,24.38,4.35,73.94,2.55,0.77
8.32,-86.9817,131.457,South Atlantic Ocean,2802.6,2278.8,31.59,21.69,3.54,57.75,39.01,0.52
8.36,88.4242,-45.9824,Gulf of Mexico,1731.8,967.4,35.87,9.99,9.48,31.6,3.07,5.92
8.13,45.1058,-77.777,Bay of Bengal,10727.6,2282.8,35.47,6.97,2.48,49.86,10.04,0.24
8.06,51.4196,-72.1142,Indian Ocean,909.2,2419.0,36.61,16.67,4.18,50.24,33.32,5.16
7.84,-30.5436,46.0919,South Pacific Ocean,3936.8,328.9,39.47,16.96,3.02,67.21,48.76,0.52
8.4,17.4851,-47.0373,South Pacific Ocean,6958.9,-336.1,31.47,24.48,4.02,65.06,10.3,2.76
8.11,-20.8017,-15.8236,Bering Sea,10489.8,2676.8,38.94,11.69,8.06,93.86,2.63,9.68
7.57,-87.2368,-33.1873,North Atlantic Ocean,3187.5,247.0,32.73,9.07,1.42,70.83,19.36,6.76
8.17,53.6242,-41.6307,Norwegian Sea,7225.9,1219.0,33.29,6.34,1.83,78.2,24.58,4.83
7.71,-88.5859,-120.8164,Gulf of Mexico,266.9,281.4,34.71,20.34,5.24,63.12,34.59,0.21
7.64,7.0477,153.1673,Norwegian Sea,7863.5,747.7,37.71,9.12,7.36,40.53,42.26,3.62
8.49,3.7664,-131.1401,Bay of Bengal,10075.8,1736.8,37.12,4.85,4.59,86.76,21.65,0.88
8.4,-26.0816,32.8932,Southern Ocean,1783.1,1421.7,34.8,34.94,8.56,98.4,34.93,7.6
8.23,-87.0148,-158.5817,Red Sea,8566.1,2770.2,38.14,3.25,1.04,5.99,10.17,5.46
8.09,23.2372,-114.7718,North Pacific Ocean,5504.9,822.3,36.14,34.01,4.2,85.35,46.48,4.77
7.89,37.2704,-62.1575,North Pacific Ocean,6589.2,1054.4,39.41,16.17,2.6,90.32,18.78,9.86
7.82,-88.2638,-109.2822,North Atlantic Ocean,7762.0,-480.3,34.64,7.69,9.79,74.44,7.16,7.2
7.84,-31.5188,-41.8562,Baltic Sea,7753.2,502.6,37.54,16.49,9.25,23.05,19.01,7.95
7.95,6.2633,69.7116,North Atlantic Ocean,5233.4,2043.3,30.65,29.93,9.04,64.25,8.64,7.19
7.84,85.3451,53.1304,Indian Ocean,5050.3,2009.7,33.21,32.15,7.77,66.25,16.88,6.23
7.72,9.361,17.8382,Bay of Bengal,3205.3,117.7,39.16,18.44,1.68,60.23,38.69,7.12
8.41,59.0231,-70.7763,Bay of Bengal,1792.6,2948.2,35.17,30.3,8.84,35.75,5.26,0.07
8.26,-10.9992,124.2493,Bay of Bengal,9374.9,1079.2,39.51,21.61,1.33,89.67,3.79,9.58
8.14,-84.3067,129.1437,Red Sea,9090.0,408.3,30.06,9.57,6.05,71.21,7.45,3.52
7.94,-31.4674,-100.8887,Caribbean Sea,9441.2,2046.0,34.71,31.99,9.79,52.71,21.44,9.2
8.3,-11.8117,168.5309,Gulf of Mexico,10728.7,1612.5,37.27,19.08,1.36,21.49,7.2,2.22
7.66,1.095,-120.922,Indian Ocean,3938.0,1088.0,33.28,-1.79,2.63,18.76,38.24,0.86
7.64,-43.2424,-86.906,Norwegian Sea,4892.6,2323.7,34.64,6.73,9.2,88.32,33.7,9.04
8.45,-11.09,81.8506,Arabian Sea,10105.7,1670.6,31.67,3.79,5.55,34.51,45.8,8.02
8.44,-19.6694,80.1985,Indian Ocean,2100.1,2886.7,34.33,13.88,3.09,94.12,47.21,7.13
8.17,-62.7997,-94.9822,Southern Ocean,6619.2,2406.3,35.07,19.71,4.19,18.07,19.12,4.47
7.97,39.189,6.8116,North Pacific Ocean,7559.1,1419.0,36.0,1.17,6.51,1.82,27.72,3.51
8.39,-30.3317,-170.3454,Indian Ocean,8250.6,1754.2,34.62,32.09,9.6,44.35,35.16,9.66
8.24,-33.4236,27.0482,Caribbean Sea,9243.2,1325.8,32.12,33.55,2.61,33.72,32.88,1.68
8.27,-76.2484,152.9233,Bering Sea,2892.6,1081.8,39.61,3.89,3.67,97.18,2.14,6.2
8.15,76.2557,-116.4155,Red Sea,6590.9,1837.6,37.75,6.92,5.31,76.41,26.12,6.5
8.42,30.253,-174.7763,Baltic Sea,10302.0,301.4,38.12,14.94,8.06,18.45,26.37,0.63
7.81,43.6407,100.9454,Indian Ocean,9901.0,496.3,36.37,13.64,8.1,65.52,18.0,2.66
7.77,36.1392,159.8813,Norwegian Sea,6512.8,227.3,38.4,27.09,5.65,81.15,16.96,1.63
8.09,-61.3508,-80.7205,Gulf of Mexico,2990.8,1559.4,35.87,33.55,1.51,37.46,23.85,0.54
7.85,-66.7459,139.7896,South Atlantic Ocean,5813.2,2670.8,38.13,25.55,8.12,83.77,10.85,5.89
7.56,80.1942,-16.0394,North Atlantic Ocean,3908.2,2865.8,39.32,4.47,8.63,2.84,39.83,6.06
8.46,-87.1737,104.9337,Coral Sea,7503.8,154.2,30.91,27.69,7.31,95.45,20.03,1.8
8.4,69.167,-71.4212,Arabian Sea,6392.3,285.4,37.08,29.37,9.45,48.1,48.61,6.63
7.51,75.1819,154.5136,Southern Ocean,1666.7,1175.9,33.54,24.68,5.97,33.16,11.31,2.79
8.37,9.6802,-154.0382,South Atlantic Ocean,4401.2,1585.4,33.36,28.83,6.34,68.8,28.15,9.23
8.02,-22.8301,136.0824,Norwegian Sea,10462.7,1229.6,31.44,13.97,9.43,90.08,20.1,3.75
8.01,16.9022,-59.3387,Gulf of Mexico,8698.1,541.0,39.63,4.0,9.99,93.55,24.41,1.37
7.67,7.7453,-178.4093,Red Sea,4579.8,1985.4,37.46,32.27,8.49,27.07,34.04,7.88
7.7,85.7266,-72.9516,Red Sea,9506.6,128.5,30.65,16.88,1.31,20.36,26.66,5.44
7.78,-26.8396,112.0329,Southern Ocean,5291.3,-184.5,34.56,10.61,5.81,11.44,22.71,8.79
8.06,17.1127,-145.4869,North Atlantic Ocean,5385.8,235.7,34.36,4.97,9.96,52.26,37.6,6.47
7.98,4.4162,59.1023,Red Sea,8984.4,2627.5,30.95,10.51,7.78,13.99,44.27,9.3
7.78,-59.2869,127.4879,South Pacific Ocean,8052.4,211.7,36.72,32.95,6.05,95.93,5.59,6.58
8.31,67.4683,-68.7535,Baltic Sea,133.2,1108.8,31.63,12.8,7.15,38.25,36.69,9.93
7.85,-52.713,-22.1912,Bay of Bengal,4310.4,372.7,31.45,22.73,6.19,62.34,2.44,4.89
7.7,18.9268,-175.5977,Southern Ocean,73.6,2717.8,33.87,14.75,6.39,72.83,8.61,9.75
7.91,-25.9987,-101.7943,South Atlantic Ocean,6048.8,2312.4,32.15,31.22,9.17,64.46,18.75,1.34
8.21,62.4774,-108.6303,North Pacific Ocean,4877.6,821.7,38.84,29.68,7.76,44.41,2.79,4.5
7.82,62.7305,121.0502,Gulf of Mexico,2754.4,2336.1,37.67,9.16,4.03,41.65,6.73,0.93
7.82,-64.4308,141.1754,Bering Sea,10854.8,2915.0,37.57,15.83,1.66,84.26,39.02,2.21
7.62,81.5015,13.7497,South Atlantic Ocean,1425.9,1565.8,35.39,17.08,8.72,17.97,15.6,0.63
7.6,-63.8346,29.5663,Southern Ocean,9768.1,265.2,35.01,34.01,1.08,63.49,16.69,8.65
7.79,-8.1822,-155.981,South Pacific Ocean,10317.3,721.1,37.62,33.66,3.41,99.77,45.53,9.83
8.22,35.6971,19.8937,Bering Sea,9734.2,1326.3,37.55,7.5,7.08,19.33,43.0,6.87
8.04,-16.9026,-87.727,North Pacific Ocean,4974.2,1551.4,33.19,12.78,4.97,23.81,31.33,2.57
8.32,9.8318,-42.5429,Indian Ocean,10697.0,2358.5,32.73,-0.12,4.12,97.62,30.27,6.53
8.22,89.3326,-11.3403,Bay of Bengal,133.4,1147.5,32.43,21.79,4.15,26.2,2.8,8.48
8.14,-43.5466,30.2144,Arabian Sea,3291.9,-347.3,38.35,8.49,8.89,6.92,26.29,4.23
7.64,47.199,4.9023,Coral Sea,1554.6,-272.9,33.72,19.66,8.3,45.46,6.21,0.55
8.41,28.6079,-135.3489,North Pacific Ocean,1701.3,2679.4,37.31,28.46,3.47,0.47,12.29,8.62
7.53,80.5029,-4.2405,North Pacific Ocean,8177.2,1702.6,34.11,-0.19,9.83,83.65,34.02,0.23
8.46,-71.9325,-80.1735,South Atlantic Ocean,2969.8,2312.8,34.22,11.59,6.75,46.38,0.39,5.41
8.3,-41.7298,135.1522,Gulf of Mexico,4332.8,1899.0,35.77,5.26,7.01,36.88,5.98,5.72
7.75,47.9057,-121.7423,Red Sea,6634.5,2657.6,37.22,12.78,7.25,53.74,8.99,0.53
8.49,57.2636,55.2028,North Pacific Ocean,8628.4,-436.7,32.81,14.7,9.8,16.33,18.39,4.43
7.95,38.8805,108.656,Bay of Bengal,3169.9,1091.5,38.63,32.13,8.12,23.01,14.55,8.42
8.3,-62.67,-150.6091,Baltic Sea,9128.8,-30.6,34.31,8.87,9.78,31.48,25.51,8.57
8.43,-30.5182,20.4464,Bay of Bengal,5893.1,1248.1,33.56,3.2,7.61,11.64,42.79,4.04
8.0,-49.5528,-94.9878,Norwegian Sea,7784.9,2659.7,32.57,3.12,8.9,43.1,11.41,2.61
8.12,47.6899,-113.407,Bay of Bengal,7628.0,901.8,33.18,26.18,9.49,49.8,27.2,3.29
8.15,70.8673,-94.1812,Norwegian Sea,9836.9,-106.9,37.89,15.22,6.65,28.74,18.32,0.32
8.08,20.3079,-58.9517,Gulf of Mexico,9034.4,280.6,30.83,33.59,2.28,18.58,47.94,1.05
7.69,-61.8725,121.486,Indian Ocean,9620.0,1271.5,31.53,14.05,5.55,94.32,43.87,0.89
7.79,66.3092,-68.1296,Gulf of Mexico,7408.8,1772.5,33.66,34.07,5.5,63.49,24.26,3.12
7.61,-11.5476,175.0891,Coral Sea,1336.6,-496.3,31.66,20.21,4.15,19.59,31.09,6.79
7.94,-58.5664,-176.893,North Atlantic Ocean,1713.9,857.4,35.9,29.69,4.27,14.6,11.72,8.4
7.69,21.6907,115.8107,Baltic Sea,9051.4,1764.2,37.66,21.82,5.32,69.83,24.18,2.13
7.68,-74.9206,-125.2123,Norwegian Sea,6897.3,1776.4,31.55,11.1,4.64,63.95,39.01,7.51
7.62,17.8576,97.4297,Baltic Sea,341.0,1641.3,33.57,0.01,7.24,77.13,7.23,7.42
7.92,84.8787,48.0743,Bay of Bengal,1756.1,-439.4,39.71,0.8,1.61,70.25,16.07,6.43
7.59,16.838,33.0887,Gulf of Mexico,9651.5,2421.0,32.58,6.95,4.32,37.07,46.47,2.09
8.23,64.2393,-104.0489,Arabian Sea,6202.5,2129.0,32.57,15.52,9.05,96.4,6.04,9.66
8.4,65.7387,74.0996,North Atlantic Ocean,1249.3,339.8,31.38,16.26,4.9,79.5,16.8,3.79
7.81,-59.965,-1.0701,Southern Ocean,610.8,1097.0,30.32,21.4,1.68,50.79,7.73,2.62
8.34,30.6307,152.0456,South Pacific Ocean,10993.8,2788.8,31.47,7.03,2.7,47.76,8.6,5.66
8.09,6.1327,-102.2338,Arabian Sea,3250.3,1635.3,32.9,23.16,8.15,19.03,22.0,0.41
7.91,-81.7328,131.8199,Bering Sea,7260.9,2105.2,37.37,32.89,5.68,77.13,24.39,0.29
8.31,-56.6353,87.4076,Red Sea,3615.8,2051.6,36.18,26.51,2.96,14.16,31.75,0.75
8.29,-59.3782,-145.8911,Bering Sea,8383.3,1451.8,31.49,30.73,5.26,10.15,49.56,4.62
8.44,21.6037,11.1206,Bay of Bengal,9997.8,1316.9,35.61,16.55,1.11,32.02,47.99,1.69
8.44,-61.6265,71.3039,Gulf of Mexico,5218.0,2757.0,36.98,23.49,1.96,11.09,37.31,7.44
8.2,-35.2109,-150.9516,Caribbean Sea,9971.1,1248.2,38.58,22.73,3.54,24.82,45.88,9.31
8.41,-70.5511,-47.9598,Red Sea,3253.2,-36.6,39.62,25.87,4.65,46.19,47.94,9.43
7.55,-78.9753,93.2071,Indian Ocean,7475.8,1684.1,37.02,3.7,1.53,22.5,0.43,0.16
7.69,89.5089,-20.8151,Bay of Bengal,1780.4,740.3,38.98,10.3,4.38,92.63,33.52,2.03
7.81,-18.6969,-104.4007,South Atlantic Ocean,2792.3,-339.3,33.03,10.83,2.02,87.18,13.79,3.6
8.29,0.3077,-123.8767,South Pacific Ocean,9011.2,710.0,36.56,-0.57,8.16,91.42,7.98,6.51
7.54,-83.4413,118.0462,North Pacific Ocean,10300.6,2882.4,35.85,12.4,5.8,24.0,1.01,8.75
8.26,-61.1573,-155.9411,Arabian Sea,7939.4,2008.9,33.38,-0.63,3.55,3.37,31.34,9.64
8.17,17.7996,-136.2484,Red Sea,1719.1,1080.1,32.28,10.64,3.1,84.54,35.58,1.31
8.38,-17.9513,121.1926,Indian Ocean,269.2,2624.3,30.16,2.65,1.84,58.84,28.62,1.65
7.55,20.1938,61.6756,Arabian Sea,915.4,950.3,30.96,-0.76,8.26,38.01,26.34,0.06
8.12,-34.1836,-95.2072,Indian Ocean,3603.9,2010.7,32.69,22.9,4.02,79.47,27.6,8.25
7.6,-1.5188,-120.2137,North Atlantic Ocean,3659.2,2788.3,39.36,1.12,8.31,84.15,28.23,8.51
7.56,73.8963,-139.6505,South Atlantic Ocean,472.3,-373.7,32.97,24.39,9.99,55.46,9.7,9.43
8.45,21.0294,-162.5842,South Pacific Ocean,10851.1,2552.9,36.14,26.91,6.37,77.76,40.55,2.63
7.72,38.1683,-103.9921,Caribbean Sea,6062.6,518.4,30.04,33.79,2.76,48.9,34.61,5.4
7.69,76.5511,96.3375,Southern Ocean,559.5,1286.0,36.37,-1.28,6.8,35.7,8.82,5.74
8.37,38.7945,41.2998,Caribbean Sea,7432.7,1640.0,37.66,7.47,4.89,15.06,24.15,8.5
7.81,26.5031,78.785,Southern Ocean,9531.7,915.6,38.62,20.1,6.79,59.97,21.78,5.1
8.35,63.6277,170.5611,Bay of Bengal,2828.2,1085.7,31.99,-0.22,8.08,26.03,13.79,4.28
8.17,34.7088,-26.4593,Bering Sea,8797.5,493.8,31.14,15.45,7.08,72.52,31.45,3.19
7.69,18.4013,153.1891,Norwegian Sea,9748.0,2257.7,34.76,32.18,6.83,25.33,43.77,8.62
8.02,-46.8048,-152.3022,Red Sea,1508.9,205.3,36.19,34.98,6.61,69.36,32.31,0.83
8.16,-85.2977,103.7725,Bay of Bengal,4552.4,1451.6,33.86,30.7,2.82,57.96,14.95,0.94
8.22,-14.2531,43.8191,Bay of Bengal,1015.4,1012.3,31.7,29.69,8.0,61.37,2.87,7.77
7.98,57.5258,50.1022,Caribbean Sea,235.8,1539.8,37.91,28.71,4.83,96.26,4.12,9.5
7.86,4.1539,-179.3374,Coral Sea,8406.9,1421.8,35.91,32.92,6.81,58.37,17.86,7.09
8.45,-74.9011,-106.7865,Indian Ocean,900.2,786.6,37.72,14.34,2.83,22.94,30.07,2.68
7.92,-10.699,163.3687,Bay of Bengal,6048.5,1548.4,38.08,28.54,7.23,62.7,46.9,2.56
8.19,18.8559,54.4213,Caribbean Sea,5364.5,608.7,37.55,16.98,4.65,61.55,22.81,5.05
8.34,-47.3159,149.3982,Caribbean Sea,5340.0,693.0,31.78,20.81,2.91,0.36,37.42,5.85
7.67,-74.8721,-128.9862,Norwegian Sea,9824.3,1282.0,30.25,0.36,1.8,97.22,0.42,1.75
7.98,10.4211,15.7007,Arabian Sea,6435.8,990.7,31.96,1.59,9.44,91.11,31.21,7.47
8.05,-74.1864,-88.6251,North Pacific Ocean,10529.4,2342.3,39.73,7.13,1.05,19.27,13.05,1.68
8.07,-87.8675,168.6143,Coral Sea,8110.2,1926.5,36.71,27.21,1.77,62.7,44.71,7.4
7.65,43.277,95.8323,Coral Sea,5260.4,-210.4,39.92,6.33,1.77,2.89,23.38,6.61
7.53,-7.503,167.7132,Norwegian Sea,1390.0,-401.5,31.37,25.9,9.45,55.39,36.19,7.02
8.17,-82.5233,-168.1464,North Pacific Ocean,6462.8,1163.8,38.4,18.31,9.69,86.89,25.1,9.62
8.12,17.479,-98.9728,Gulf of Mexico,7610.5,859.7,35.3,32.41,9.78,70.65,22.1,9.56
8.2,-87.6171,149.5167,Bering Sea,10470.5,78.9,38.84,16.26,6.98,60.42,0.65,9.54
7.72,-31.2408,-122.823,Gulf of Mexico,3309.3,193.8,35.76,12.94,9.58,29.26,31.74,5.2
7.84,-59.1766,62.1242,Gulf of Mexico,10978.6,-200.8,36.63,-0.15,4.18,56.03,7.14,1.76
8.07,-18.8217,152.8528,North Atlantic Ocean,681.6,-477.5,36.63,19.61,9.47,35.43,39.58,9.89
7.56,-87.409,-175.6961,South Atlantic Ocean,2358.2,1683.6,39.02,3.42,2.72,77.11,32.61,2.19
7.71,84.8815,12.6558,Southern Ocean,10711.5,112.7,32.84,24.42,2.97,95.25,37.6,0.61
8.38,-63.3381,38.7946,Red Sea,4546.9,2952.8,33.52,20.99,7.09,83.14,42.88,3.25
7.65,82.4591,98.8911,Indian Ocean,10853.1,718.1,30.74,29.07,9.33,29.44,27.88,4.59
7.66,1.1135,99.0932,Arabian Sea,10877.9,156.2,35.34,3.13,3.12,24.27,17.22,6.41
8.22,-77.8313,18.051,Norwegian Sea,3278.9,279.7,33.93,23.44,9.26,99.42,18.66,1.82
8.38,68.3728,138.9338,Baltic Sea,5211.4,1781.9,35.82,21.25,8.93,23.26,9.93,1.96
8.47,-15.4687,-85.0081,Norwegian Sea,2289.9,1024.3,39.39,28.97,1.49,1.54,4.04,7.07
8.34,-63.5538,-31.3966,South Atlantic Ocean,9068.2,-437.3,32.04,11.52,9.74,45.97,42.96,1.95
8.21,-41.2964,58.8676,North Atlantic Ocean,1529.0,-193.1,35.99,26.78,8.12,25.68,22.96,4.94
8.39,-37.1753,109.9864,North Pacific Ocean,1813.9,642.5,31.62,30.36,6.01,30.32,11.01,7.5
8.0,19.5305,-58.6652,Coral Sea,8861.9,-33.3,32.89,7.07,2.79,50.29,35.69,5.07
7.79,84.9383,-55.6437,North Atlantic Ocean,8575.6,-390.8,35.92,-1.08,6.55,3.23,30.49,3.01
8.22,-56.516,-12.5707,Baltic Sea,8708.4,2620.4,33.83,13.29,7.28,56.73,12.22,3.86
7.91,-51.6941,-76.3221,South Atlantic Ocean,2286.5,1718.3,33.47,19.39,4.87,59.37,7.41,4.65
7.88,84.4724,-58.8884,South Pacific Ocean,7865.0,819.9,38.59,8.45,7.26,72.6,37.91,6.46
7.93,-50.4314,46.3911,Norwegian Sea,4370.2,2962.9,38.7,3.08,7.52,43.34,9.26,4.61
8.13,-48.5879,-100.9923,Norwegian Sea,7193.6,2985.6,35.54,4.83,5.37,63.93,35.89,3.96
8.4,88.4857,5.4161,Indian Ocean,2229.7,1982.3,38.78,23.3,1.62,49.65,1.73,7.86
8.45,27.8643,167.0379,Baltic Sea,10100.6,1374.1,34.92,5.44,2.43,89.53,16.63,2.93
8.15,-34.6732,149.2959,Gulf of Mexico,6524.9,1636.1,38.24,27.02,3.83,76.43,18.43,0.35
7.54,-46.4209,-40.2807,Norwegian Sea,8343.3,1614.8,39.29,14.06,1.09,10.34,21.88,9.34
7.91,-3.9427,-85.3691,Indian Ocean,4813.2,417.7,34.05,33.22,2.22,68.84,26.75,7.59
7.63,-32.314,176.7849,Bay of Bengal,9368.6,1456.7,31.46,13.47,9.09,89.58,7.6,9.0
8.06,-88.3545,-101.8468,Arabian Sea,4239.2,-117.9,30.87,21.68,9.12,7.96,25.58,6.96
7.9,-77.4337,114.8804,Norwegian Sea,3217.4,-246.7,34.04,-1.57,3.59,44.95,34.39,1.69
8.24,7.1029,164.0315,Gulf of Mexico,10806.2,532.8,37.19,7.23,8.19,72.42,38.68,5.34
8.1,-42.71,179.6148,Bay of Bengal,5378.1,462.9,30.32,23.47,7.49,87.04,17.55,0.88
7.68,79.5632,-23.9603,Baltic Sea,3860.7,2256.5,33.33,30.95,3.76,32.01,24.02,8.67
7.65,35.1461,-27.413,Caribbean Sea,6168.0,-267.6,37.52,31.18,5.57,50.29,42.17,5.91
7.6,86.0043,61.8371,Indian Ocean,9063.4,-350.1,33.3,7.25,7.44,20.71,45.66,9.9
8.24,54.9166,-36.9909,South Atlantic Ocean,5681.2,990.0,34.21,20.18,8.62,23.6,21.22,5.16
7.83,-33.5593,-95.2609,Bering Sea,5741.7,1975.3,30.27,-0.1,1.46,42.78,4.38,3.05
7.94,44.0209,-70.4445,South Atlantic Ocean,5773.6,2893.0,38.2,21.78,5.47,70.22,18.62,7.47
7.93,-6.3604,-149.4722,South Atlantic Ocean,5378.9,532.5,36.07,0.47,2.66,5.68,49.33,7.42
8.16,2.4529,-96.0449,South Atlantic Ocean,7677.1,-348.6,39.87,10.34,4.32,21.3,38.56,2.49
7.55,5.3608,-113.4047,Gulf of Mexico,9174.3,2379.3,36.19,33.26,2.58,59.43,39.8,8.63
7.85,33.1787,-13.5944,Gulf of Mexico,6838.9,1717.9,33.64,9.18,9.3,62.94,45.07,4.63
7.6,-24.985,172.3579,Coral Sea,3527.7,2439.9,39.89,31.24,5.74,31.3,0.14,4.19
7.55,51.1522,64.3094,North Pacific Ocean,8861.2,-296.3,33.61,33.78,1.74,42.17,13.94,0.52
7.58,-58.7353,-111.7513,South Pacific Ocean,1133.3,220.2,36.92,32.81,6.44,63.84,28.96,1.31
7.92,-25.668,146.9263,South Pacific Ocean,4190.5,2661.3,32.34,3.87,6.4,29.23,9.06,8.5
8.19,31.6681,-123.4523,Bay of Bengal,9075.6,2477.9,39.86,19.41,7.53,20.94,11.53,3.1
7.96,62.246,9.3217,Gulf of Mexico,7884.9,1076.5,36.03,11.66,5.53,36.12,47.23,1.55
7.74,64.1172,49.9494,North Pacific Ocean,10650.0,2536.3,39.07,-0.39,7.86,15.78,49.55,2.15
8.15,-29.4691,-49.7323,Bay of Bengal,4191.9,2061.3,31.56,18.05,2.82,67.28,41.71,2.29
7.7,-14.159,107.0139,South Atlantic Ocean,7011.8,2338.4,36.08,27.01,6.48,13.02,48.24,8.28
7.88,-42.817,-131.5893,Southern Ocean,8726.8,331.7,36.33,31.4,9.88,1.23,34.13,2.46
8.45,21.6914,9.4784,Southern Ocean,5596.4,440.5,38.02,17.89,1.63,32.51,2.17,4.54
8.33,-22.6472,-58.2125,Baltic Sea,3253.9,2200.4,30.56,23.66,3.24,87.86,21.06,7.97
8.41,76.9456,-176.1092,Bay of Bengal,1290.2,2492.4,38.48,3.9,7.3,19.23,38.67,9.47
7.66,-26.9187,-11.0008,Bering Sea,2442.8,2249.1,36.8,3.82,2.95,61.94,47.13,4.83
8.12,31.8942,-36.0479,North Atlantic Ocean,607.0,179.3,30.28,26.55,2.43,67.17,40.13,0.81
7.81,29.97,-115.1876,Bering Sea,2935.0,2725.3,33.14,6.48,2.2,89.45,42.67,0.39
8.32,-1.0799,-43.1966,Arabian Sea,1308.2,2915.5,34.18,20.51,6.45,29.41,30.09,9.78
7.95,-86.1918,-119.586,North Pacific Ocean,367.8,-303.6,39.2,24.36,2.24,46.11,27.48,4.33
8.24,-37.2616,-21.2301,Coral Sea,4104.1,2613.0,33.18,18.7,1.24,55.05,9.27,8.12
7.81,37.2045,-27.7289,North Pacific Ocean,5281.5,2160.4,34.44,34.83,5.19,10.46,11.18,0.81
7.57,-16.0944,41.0074,South Atlantic Ocean,6461.8,174.3,34.7,22.94,6.14,22.98,33.1,2.69
8.25,-77.4947,-80.6601,Gulf of Mexico,9024.0,229.0,30.55,28.26,1.1,87.69,29.33,1.36
8.1,71.617,-108.6136,North Atlantic Ocean,632.2,356.4,34.5,1.72,1.14,14.48,41.49,8.35
8.37,15.3962,77.2413,Southern Ocean,1181.2,-348.0,33.76,17.63,5.43,9.3,32.97,7.72
7.62,-75.1304,102.9247,Coral Sea,4427.2,592.5,32.33,32.29,3.85,67.48,33.65,3.55
8.47,-81.6713,-161.5244,South Atlantic Ocean,6655.3,2336.1,31.37,24.09,8.16,66.58,4.56,9.15
8.41,-72.799,8.0978,Baltic Sea,2335.3,247.3,35.36,14.04,6.21,56.04,35.7,0.97
8.15,89.8058,-7.1922,Coral Sea,2312.9,317.5,35.4,15.45,7.38,48.54,49.84,9.91
8.03,-39.2107,-22.3003,Indian Ocean,354.3,2042.2,36.67,11.96,7.61,23.51,15.72,5.17
7.9,36.504,-171.7982,North Atlantic Ocean,6385.4,2062.0,36.0,0.28,7.84,51.45,21.32,8.53
7.59,-59.8884,15.3449,South Pacific Ocean,6191.2,905.8,38.36,12.04,7.93,1.87,26.05,5.06
8.43,-43.1338,49.8579,Arabian Sea,5620.0,2441.2,35.82,28.45,2.25,41.97,22.93,7.31
7.7,-88.7189,115.4941,Indian Ocean,10303.9,780.1,32.64,12.34,5.8,16.13,5.9,1.88
7.86,64.1382,99.5511,North Atlantic Ocean,5291.2,282.7,38.95,29.01,4.67,66.21,28.73,7.61
7.69,88.5146,-102.33,South Atlantic Ocean,8844.2,342.8,31.99,5.24,2.37,1.53,25.39,6.28
7.76,-21.9887,155.6411,South Atlantic Ocean,4112.9,388.3,30.36,-0.35,1.63,53.89,29.17,3.11
7.89,-51.7172,-150.9671,South Pacific Ocean,8412.7,100.3,39.05,13.79,8.52,93.56,26.66,9.01
8.2,-60.612,18.2336,Gulf of Mexico,9047.1,-108.4,32.7,13.38,8.73,67.57,6.14,5.8
8.31,-43.0071,-99.8567,North Pacific Ocean,456.7,11.4,31.36,27.12,5.18,70.9,18.9,6.72
7.56,-21.0126,65.5142,Gulf of Mexico,1321.9,301.0,34.53,29.99,1.48,73.36,40.61,6.1
8.32,40.0425,112.8067,Baltic Sea,9728.9,2189.2,37.86,-0.28,6.98,8.59,48.68,6.9
8.29,37.7977,112.9096,South Pacific Ocean,5291.8,-13.7,32.87,22.69,5.73,43.43,49.58,8.65
7.63,2.4879,-83.8395,Arabian Sea,8225.0,1064.3,32.35,-1.75,6.26,19.82,37.9,2.23
7.77,-18.8124,-32.9269,South Pacific Ocean,6757.1,10.1,36.8,22.85,3.59,41.48,20.64,2.07
7.58,1.8879,-49.8183,Indian Ocean,6453.0,947.0,36.55,24.4,2.16,73.88,1.59,1.66
7.98,11.3665,-147.1816,South Atlantic Ocean,1297.2,29.6,37.97,15.42,5.75,11.47,24.97,3.46
8.47,20.6574,107.7734,Norwegian Sea,260.9,615.3,38.52,1.66,5.17,53.07,13.48,3.45
8.38,27.3066,-55.2105,Bering Sea,6623.5,-140.6,35.01,15.34,7.29,68.35,15.58,7.15
8.37,26.1663,-28.8993,Coral Sea,10810.7,2217.1,38.58,21.49,7.57,31.76,25.62,6.25
7.63,-52.1426,64.7124,Arabian Sea,6932.1,-331.8,39.51,27.32,7.46,61.24,11.29,8.6
8.4,-3.355,45.7683,Baltic Sea,8099.4,2668.1,37.78,26.37,4.91,1.45,25.08,5.3
7.52,-29.5706,121.2029,Bay of Bengal,633.9,2155.5,33.77,29.09,3.73,39.85,45.22,2.34
8.26,17.1213,-21.4381,Norwegian Sea,9959.4,1382.2,34.69,7.61,5.76,9.65,14.77,1.96
7.8,-0.2962,139.9868,Indian Ocean,7079.0,370.0,33.46,21.46,1.56,30.53,22.09,4.54
8.0,-53.9739,175.8214,Norwegian Sea,8019.6,-181.3,30.4,8.66,4.53,2.38,13.89,7.99
8.23,32.3929,-53.034,Baltic Sea,9567.5,2348.8,33.96,9.77,3.75,12.92,32.57,6.14
8.15,-86.5041,-121.0414,Indian Ocean,7305.5,1538.7,38.15,16.92,4.9,46.96,41.24,5.81
7.83,-33.5802,-119.6169,Indian Ocean,1454.2,1009.4,32.87,6.23,2.65,39.95,48.06,1.88
8.32,51.2367,-40.7286,Caribbean Sea,6261.4,1236.7,34.58,14.24,6.19,87.79,31.67,8.28
8.15,48.0283,-31.1766,Bay of Bengal,1941.7,946.9,38.18,10.66,3.8,18.39,16.95,7.82
8.34,80.9303,166.3967,Red Sea,8952.9,1087.1,37.71,3.07,7.33,30.85,12.57,9.38
7.87,15.6418,128.2915,Coral Sea,4017.2,146.8,34.65,6.13,3.55,17.76,2.62,1.0
7.62,-3.7253,170.8228,South Atlantic Ocean,1133.3,1865.5,30.05,22.64,3.89,96.67,17.45,7.82
7.87,30.0296,27.4593,Coral Sea,5169.0,425.0,35.15,4.88,5.46,99.1,40.11,6.67
7.99,62.0965,-166.7897,Red Sea,5375.6,625.6,35.12,12.43,9.04,62.54,39.87,6.9
7.64,17.9395,-58.6445,South Pacific Ocean,10367.8,1214.2,31.54,24.36,1.88,6.86,42.36,7.33
8.06,43.9365,129.773,Gulf of Mexico,968.7,2949.7,35.7,11.95,2.89,32.85,20.1,8.08
8.16,-33.5589,13.4515,North Pacific Ocean,2704.5,1071.9,38.61,5.43,7.16,79.9,31.86,6.19
7.5,-31.1424,43.3062,Gulf of Mexico,8989.3,95.8,39.03,18.64,6.6,53.67,7.83,4.65
8.05,-77.2952,42.0716,Red Sea,2907.8,1814.6,36.06,23.23,3.19,56.16,30.84,6.49
7.63,-41.5158,170.5538,South Atlantic Ocean,10187.4,223.7,32.84,23.64,5.08,95.62,32.24,9.53
7.64,-1.6038,12.3711,Southern Ocean,3823.3,2603.8,35.85,33.52,7.85,8.55,30.41,4.36
7.88,29.533,72.0499,Red Sea,9151.1,2042.9,36.0,-1.53,8.54,92.15,16.76,9.1
7.59,8.5642,-145.0,Norwegian Sea,7225.8,-282.2,34.95,30.93,4.99,87.91,32.12,9.87
8.07,39.5188,-19.261,South Atlantic Ocean,2944.9,469.1,38.92,11.52,5.29,31.24,0.05,3.76
8.24,-8.3247,140.7155,Caribbean Sea,5623.0,551.2,36.66,28.96,6.81,34.09,21.55,1.88
7.83,2.3414,79.3276,North Pacific Ocean,4181.2,2533.7,33.47,32.52,4.93,17.16,23.24,6.76
8.44,-5.8319,-10.1207,Coral Sea,10027.7,2383.4,33.68,16.93,5.92,7.46,3.6,2.42
8.21,18.2885,84.6203,Indian Ocean,10389.9,2522.7,31.82,25.82,2.73,40.68,3.15,2.99
8.49,-28.9614,-134.9816,South Pacific Ocean,10969.4,2992.7,33.79,25.13,4.25,26.33,41.91,5.53
8.11,20.3933,109.7342,South Atlantic Ocean,9651.1,1470.2,34.2,6.9,7.1,47.85,33.69,5.13
7.96,-16.8035,109.9239,Indian Ocean,10160.4,-274.2,33.61,-0.96,9.38,90.17,31.76,6.95
8.26,17.847,100.8986,Indian Ocean,7010.4,1345.6,33.56,32.76,8.2,2.92,18.91,8.47
7.89,-28.3126,17.3145,Norwegian Sea,5306.1,1304.4,30.56,5.89,8.01,53.61,5.4,9.34
7.5,-60.7079,-166.811,North Atlantic Ocean,6728.6,1180.5,35.1,6.15,1.83,50.24,19.52,0.05
7.71,-54.9147,111.7334,Coral Sea,9290.6,-462.0,34.32,29.08,9.4,70.08,40.63,3.74
7.71,-63.9432,-161.6506,Norwegian Sea,8265.0,-5.8,36.29,33.55,9.66,93.77,4.37,6.39
7.99,-61.4158,167.1135,Bay of Bengal,899.1,212.5,36.15,24.69,3.44,31.98,43.98,9.5
8.21,21.5161,51.4827,Red Sea,6018.5,2562.3,34.04,5.47,7.92,26.91,34.49,3.86
8.06,68.1298,-174.2154,Coral Sea,4400.9,-69.6,34.1,12.45,6.67,24.51,13.44,3.24
7.6,68.7018,-141.676,Southern Ocean,3046.3,1034.1,37.13,29.76,4.13,30.79,38.63,7.7
7.76,41.1949,47.5699,Southern Ocean,3956.9,1594.4,37.02,12.68,2.53,11.93,34.85,6.77
7.64,7.8484,179.206,Bering Sea,3813.5,358.9,36.42,28.13,5.41,0.44,46.9,0.49
7.58,-6.7067,-147.7468,Red Sea,1921.7,469.6,30.01,31.35,4.03,19.04,17.1,5.28
7.66,-67.14,-155.5973,North Atlantic Ocean,5649.7,2081.2,34.02,0.81,1.21,79.98,15.33,6.8
8.02,-54.213,63.5928,Norwegian Sea,10773.8,2322.5,35.26,-1.83,7.63,61.95,10.49,1.66
8.26,79.3597,43.6007,Indian Ocean,3082.2,1969.7,31.88,4.23,8.46,47.67,41.99,5.79
7.9,-32.2949,132.6736,Gulf of Mexico,2291.4,2831.4,34.61,1.82,4.75,82.01,39.68,0.55
7.7,15.9856,130.4935,Gulf of Mexico,7245.0,498.9,32.61,14.64,6.61,25.75,4.01,3.38
7.93,21.0367,47.412,South Atlantic Ocean,2710.2,2999.1,39.54,28.36,7.32,77.59,49.92,0.0
7.83,-50.8755,-72.0402,South Pacific Ocean,7897.1,-288.8,36.71,10.61,2.08,6.62,13.26,6.13
7.54,46.6616,68.7697,Coral Sea,6834.5,456.1,30.65,4.28,6.54,81.05,41.11,2.53
8.42,-72.6754,-113.6638,Bering Sea,10146.8,1299.6,33.11,8.57,6.49,64.3,32.13,9.32
7.51,-41.5996,-143.1405,North Pacific Ocean,2646.6,715.2,32.44,10.84,3.65,95.01,44.17,0.06
7.54,10.307,69.9512,Gulf of Mexico,9431.0,-15.2,33.97,13.58,8.04,58.23,28.59,8.88
7.8,-2.5463,-27.2477,North Pacific Ocean,7831.2,2224.0,30.04,9.35,7.08,0.57,39.85,9.42
8.28,41.9407,90.995,Bering Sea,4848.9,417.1,37.72,11.7,1.94,35.64,28.86,0.23
7.99,82.5525,-151.8463,Baltic Sea,3230.8,1727.6,36.18,11.12,5.96,41.35,37.7,4.27
8.01,-45.545,177.0103,Coral Sea,2652.2,1963.9,35.77,1.22,4.89,14.95,34.69,9.03
8.12,-83.6571,5.1934,Gulf of Mexico,4856.5,-51.2,36.61,26.79,7.18,64.16,2.41,7.83
7.54,-30.5939,141.2363,Caribbean Sea,3769.0,-318.2,36.92,1.81,6.15,51.63,19.7,0.67
8.46,58.2695,-6.8399,Bering Sea,6693.0,2910.2,38.18,3.95,3.57,77.1,6.13,9.27
8.05,42.757,-91.5018,Indian Ocean,4440.2,2249.9,38.21,21.53,3.29,8.94,37.11,1.38
8.32,2.3968,-64.1628,North Pacific Ocean,2525.3,831.0,39.46,21.54,5.13,67.69,28.55,9.44
7.93,-8.7335,143.2341,Bay of Bengal,8782.1,2033.5,30.72,26.08,7.81,49.06,38.64,6.79
7.94,-21.6092,72.2417,Gulf of Mexico,4864.4,2103.7,33.52,25.08,9.59,63.41,22.69,1.34
7.67,-51.6739,-111.0713,Indian Ocean,5682.8,2244.4,36.78,33.67,7.89,90.5,47.14,6.88
7.86,-28.6136,-53.6544,North Atlantic Ocean,7457.6,2347.2,35.41,15.98,4.3,71.86,21.52,9.31
7.68,-55.2644,-168.1749,Southern Ocean,2532.7,1126.5,39.23,32.16,5.91,12.75,25.72,6.19
8.41,-78.2366,50.9693,Gulf of Mexico,3769.2,718.4,38.93,22.53,4.48,28.79,22.0,0.75
7.83,69.8359,-45.8696,North Atlantic Ocean,2413.3,824.2,38.61,19.01,1.38,89.83,26.35,2.15
7.9,-46.1562,-160.3026,Gulf of Mexico,7118.8,1104.3,31.93,0.84,3.58,30.15,27.37,4.84
7.63,-72.5368,116.8537,Arabian Sea,9424.2,589.1,32.11,5.38,1.14,30.71,3.62,4.08
8.49,0.1675,-24.3896,Coral Sea,4470.0,188.4,36.98,23.77,7.61,67.09,35.6,4.92
8.07,-44.9257,89.04,Red Sea,2017.5,2145.2,39.57,27.22,8.96,16.81,28.15,4.92
8.07,-17.3402,36.2179,Coral Sea,8320.0,2588.6,33.35,17.89,8.84,60.38,47.21,5.9
7.65,83.4135,-10.7186,Bering Sea,10973.8,2566.1,39.17,11.73,8.19,62.83,23.07,8.85
8.18,-56.3146,-142.3605,Caribbean Sea,2213.7,547.2,39.35,32.13,1.9,73.02,2.94,8.48
8.18,-34.4845,46.6046,North Pacific Ocean,2537.3,-48.4,35.01,33.46,7.21,75.32,44.5,6.4
8.4,2.4488,20.4018,Southern Ocean,8605.8,1125.2,37.72,1.85,8.33,77.67,36.19,8.01
7.78,-13.4433,175.7642,Indian Ocean,3988.4,273.8,31.69,24.84,4.4,89.25,17.11,1.76
8.37,-72.2361,29.7808,South Atlantic Ocean,8238.6,1107.0,37.01,27.65,1.6,0.72,3.05,1.11
7.94,44.071,15.2475,Arabian Sea,3644.4,1523.3,37.65,7.28,5.07,68.57,20.91,5.23
7.73,-5.329,158.7228,Arabian Sea,8198.6,2380.7,32.68,15.61,4.3,60.02,37.33,6.52
8.16,-43.4112,-7.3899,Caribbean Sea,7916.4,2274.6,35.67,26.74,8.55,3.76,46.47,3.05
7.53,48.612,-108.6505,Indian Ocean,8899.0,-438.5,37.81,30.76,3.23,46.89,30.76,9.25
8.36,-21.1669,-38.5188,Caribbean Sea,8863.6,-228.7,31.0,32.47,8.04,96.37,27.75,1.07
7.57,-32.7046,-75.3049,South Pacific Ocean,789.5,2902.7,30.29,-0.36,5.01,46.14,19.81,2.65
7.9,45.5445,2.6437,North Pacific Ocean,7410.2,604.9,31.64,0.02,3.3,39.01,23.76,9.63
7.64,-70.0818,137.8291,Indian Ocean,4788.7,2581.0,32.65,3.96,4.41,22.22,30.05,7.72
7.97,73.5698,-177.0801,Red Sea,8231.6,213.3,35.79,9.94,1.95,90.2,33.27,2.01
8.46,-81.5498,10.3554,Norwegian Sea,10342.2,2491.4,39.11,15.82,8.4,3.44,31.91,3.69
7.64,-64.8139,25.183,South Pacific Ocean,4726.1,-274.5,34.38,6.39,2.37,71.11,45.84,7.26
7.61,-48.2223,-78.6167,North Atlantic Ocean,2245.1,37.4,33.95,25.36,8.43,24.93,15.02,9.18
7.7,31.5801,14.1471,Bering Sea,6689.1,2337.4,37.04,28.94,1.48,75.17,39.01,2.53
8.44,33.6704,142.0497,Bay of Bengal,1475.1,2573.5,30.24,22.89,1.38,82.29,4.2,9.49
7.78,89.1365,130.9859,Coral Sea,1892.3,1245.2,38.42,4.44,8.73,58.44,4.78,6.21
8.11,8.4541,-108.5104,Arabian Sea,10476.9,174.9,34.18,5.49,6.08,1.01,0.91,3.98
7.79,59.1151,7.9835,Gulf of Mexico,1546.9,2007.5,31.2,14.88,1.09,42.58,1.61,9.5
8.22,-8.6842,83.3459,Gulf of Mexico,6658.5,-90.3,35.09,17.24,6.26,29.86,14.02,9.27
8.13,25.6246,162.646,Bay of Bengal,8692.0,1833.6,35.23,9.14,4.78,66.29,49.0,4.07
8.46,-79.0398,90.2846,Red Sea,5375.8,1706.0,33.77,13.51,6.36,86.53,13.19,3.61
7.83,57.9613,57.9867,Caribbean Sea,8016.8,1146.0,37.61,19.13,7.37,91.05,40.72,9.81
7.81,27.244,-92.0401,Indian Ocean,6314.2,1665.6,31.65,11.73,6.75,24.04,22.88,8.29
8.28,23.1931,2.5017,Southern Ocean,10980.9,1846.9,39.7,33.73,9.56,43.99,32.84,4.59
7.66,-50.336,-37.0265,Bering Sea,874.5,1491.1,38.98,32.64,6.06,88.0,31.78,6.55
8.23,-17.1489,-34.6447,Bering Sea,2548.4,-187.2,37.28,11.16,5.03,47.13,12.44,3.12
8.27,-48.751,-89.2455,Bay of Bengal,6285.6,-260.6,32.16,26.19,3.98,14.15,30.75,9.6
8.36,36.79,-59.7534,Coral Sea,5630.1,2952.6,35.97,6.63,2.67,47.74,44.5,3.64
8.19,89.1847,87.9066,Caribbean Sea,1028.8,2366.5,35.89,25.54,6.82,61.14,8.5,1.41
7.67,-55.2437,-36.6409,Bay of Bengal,6028.8,834.7,33.51,24.7,5.96,85.0,14.6,8.72
7.84,-67.6907,-157.2848,North Atlantic Ocean,1200.7,2169.2,34.56,6.04,6.44,21.67,24.14,5.87
7.56,-29.264,-162.1274,Baltic Sea,7601.6,-499.9,31.65,25.74,9.28,95.52,34.61,7.24
8.25,0.8969,-107.1211,Indian Ocean,7174.4,1241.1,32.71,-1.37,8.88,77.8,16.28,8.9
8.19,36.4171,-99.2722,Coral Sea,731.5,-497.8,32.68,23.99,3.99,26.98,15.5,7.61
8.01,-0.6965,158.9584,Southern Ocean,5132.4,1105.3,31.66,2.65,1.97,97.77,39.25,6.38
8.48,87.3808,28.7958,Indian Ocean,7822.7,2078.9,32.59,12.37,4.49,94.15,42.68,4.4
7.82,43.3074,107.8329,North Atlantic Ocean,8807.6,1388.1,36.52,4.59,6.28,74.19,17.47,8.17
8.39,-56.3855,-145.1045,Southern Ocean,400.7,602.3,37.95,4.42,3.49,55.85,11.12,1.67
7.68,-37.129,-136.0816,Norwegian Sea,5141.0,2234.2,39.73,15.36,3.69,92.12,40.84,9.31
8.46,54.5386,-153.6019,Arabian Sea,10863.8,2147.5,32.5,32.71,8.12,44.24,33.63,6.78
7.79,68.0747,47.7733,South Pacific Ocean,4221.3,2337.3,30.14,18.12,7.6,42.57,20.4,3.56
8.31,5.6101,28.3777,Gulf of Mexico,5875.3,1580.7,34.97,7.94,7.26,37.74,45.85,9.24
7.61,-8.898,-41.4676,Caribbean Sea,3291.3,2072.6,39.57,30.71,5.12,82.46,46.43,6.82
7.91,-62.5129,-152.1808,Indian Ocean,605.7,2384.6,36.26,11.74,5.01,15.56,36.97,2.73
8.47,-45.668,-23.5925,Norwegian Sea,9939.5,920.6,39.74,-0.2,1.13,6.77,46.79,5.24
7.81,36.6831,-39.6387,Bay of Bengal,6945.6,1195.3,37.07,25.41,5.4,30.71,17.69,3.37
8.28,-81.1754,-144.2307,Arabian Sea,5754.4,1694.0,35.26,4.32,1.19,94.4,41.0,4.64
7.98,18.9734,-53.2354,Southern Ocean,8920.8,1202.1,32.21,26.58,5.97,45.77,27.83,4.29
8.11,-49.215,121.4637,Norwegian Sea,1617.7,-112.8,31.33,26.41,1.09,30.75,7.19,4.72
8.1,-50.0412,142.4491,North Atlantic Ocean,9559.0,2981.3,38.14,17.99,6.15,5.39,22.95,5.38
8.07,-14.2194,-90.1128,Caribbean Sea,6704.2,2607.1,33.62,18.96,2.81,66.33,1.01,0.57
7.98,-8.577,-77.4764,North Pacific Ocean,7792.9,2374.4,32.99,9.37,9.06,53.41,39.01,5.41
7.69,26.8308,-77.2667,Bering Sea,6827.4,2671.5,35.4,0.4,7.3,79.18,30.59,4.19
7.51,-63.0635,45.4845,North Pacific Ocean,9053.4,372.7,39.35,0.94,5.24,40.6,3.52,8.63
8.18,-28.1197,-45.2871,Gulf of Mexico,8719.9,2262.6,33.13,7.79,6.1,74.28,25.78,4.47
8.21,-60.9309,61.1533,Bering Sea,6290.5,448.4,30.08,10.67,5.12,18.1,7.44,6.13
8.27,5.46,-177.4925,Bering Sea,9240.3,2601.1,38.42,33.32,4.07,70.84,24.43,9.7
8.43,-55.3801,41.9742,Southern Ocean,8639.7,71.5,38.65,34.72,2.22,25.53,48.8,1.75
7.66,68.3973,-41.3852,Red Sea,5537.7,2774.1,30.78,0.86,7.94,81.66,21.94,4.58
8.39,-79.8621,45.8563,Red Sea,1036.9,1085.9,36.3,6.95,4.84,63.75,9.16,1.82
7.74,12.0783,149.7164,Bay of Bengal,9539.3,619.6,33.96,-1.5,8.58,44.91,3.01,3.92
8.04,37.2855,166.4641,Bay of Bengal,4129.2,2704.1,38.49,20.73,7.63,12.93,2.23,2.68
7.76,71.4666,18.3061,North Pacific Ocean,9012.5,2354.2,35.95,24.38,4.4,24.49,6.74,7.64
7.64,-45.7512,-116.3574,North Pacific Ocean,8495.4,1999.8,31.45,6.81,7.27,16.3,4.09,4.04
7.55,32.0323,153.4862,Indian Ocean,935.3,1228.3,35.46,3.24,7.17,37.65,0.31,0.29
7.84,37.7409,-7.0524,Southern Ocean,2995.2,624.8,31.81,-0.53,5.68,23.1,16.61,9.66
8.47,13.5354,-49.9762,Red Sea,9102.9,37.7,33.16,23.4,7.44,39.72,15.46,6.04
7.97,63.2181,-128.6011,Red Sea,6408.0,2894.3,35.7,14.88,3.75,94.18,42.5,0.09
7.54,-7.7053,148.9321,Baltic Sea,3549.0,1127.0,33.69,28.11,4.61,5.09,5.47,6.95
8.17,38.6383,167.6211,South Atlantic Ocean,1741.4,2512.4,35.64,23.73,1.34,12.99,36.12,3.37
7.7,-56.8637,166.8802,North Atlantic Ocean,4762.8,1194.5,35.86,23.99,2.74,51.85,42.09,1.07
7.56,84.5855,-13.0297,Norwegian Sea,6909.2,1449.1,39.12,17.25,7.65,74.13,8.53,1.08
8.29,20.7303,126.7052,South Atlantic Ocean,3876.4,1134.8,32.24,25.44,8.02,28.71,5.23,1.86
7.95,42.2618,72.9477,Baltic Sea,6614.8,2828.8,36.85,21.73,8.45,79.79,7.62,7.1
8.48,-35.8411,-11.4492,North Atlantic Ocean,8938.3,208.4,35.72,9.25,9.81,22.07,1.1,0.9
8.21,-13.5156,118.6788,Gulf of Mexico,2977.6,-361.9,33.03,33.78,9.29,92.96,11.16,2.61
7.79,-58.1531,-10.8538,Arabian Sea,985.2,1534.7,35.54,20.89,5.04,55.38,22.14,0.7
8.48,81.145,103.2525,North Pacific Ocean,1976.9,504.5,32.32,32.19,9.59,23.82,0.07,9.14
8.37,73.033,163.3276,Norwegian Sea,2609.9,645.9,34.65,33.59,6.24,54.69,36.48,1.42
7.82,-62.742,58.5246,Bay of Bengal,1425.1,2805.0,38.29,10.59,2.0,93.07,0.34,5.72
7.79,-45.8606,156.5857,North Pacific Ocean,4466.0,2686.0,31.15,31.08,8.12,83.62,35.33,8.76
8.0,5.7625,12.2717,Caribbean Sea,3592.4,-245.7,30.37,14.63,5.99,53.65,19.54,3.74
8.04,-68.531,-97.9626,Baltic Sea,4220.5,2949.3,30.45,31.1,4.5,16.56,8.91,7.42
8.08,15.2093,23.2205,Indian Ocean,3961.9,473.6,34.59,21.66,7.8,94.25,38.81,9.81
7.72,-42.1753,16.7496,Caribbean Sea,2736.5,-207.2,37.83,8.23,6.18,87.65,37.75,4.38
7.55,25.3965,-85.4425,North Atlantic Ocean,7047.9,237.6,30.65,31.0,8.49,1.24,14.68,0.46
8.04,-75.8445,66.9416,North Atlantic Ocean,2660.6,2467.2,31.06,27.22,6.95,7.28,23.74,5.87
8.11,-60.6084,-124.0902,Norwegian Sea,10244.1,2581.5,31.72,8.82,7.7,46.69,31.75,8.1
8.46,4.9604,-4.9062,South Atlantic Ocean,3505.5,694.7,34.39,8.07,4.49,56.92,24.82,1.26
8.04,35.1011,-91.2034,Bering Sea,10485.2,1703.2,38.67,29.54,8.32,56.08,22.2,5.16
7.66,15.0779,172.7814,South Atlantic Ocean,2089.1,250.8,33.05,18.35,1.71,61.57,15.51,7.62
7.81,-33.6867,-107.6052,Indian Ocean,947.6,100.3,35.5,10.81,7.98,68.48,39.33,7.66
7.55,14.7874,161.6414,Bay of Bengal,3384.0,2865.2,30.7,10.51,9.4,93.76,8.98,7.39
7.52,-40.628,154.553,Southern Ocean,3544.5,2483.4,32.19,24.78,3.33,39.82,32.46,7.62
7.98,82.6252,-51.7732,Norwegian Sea,8893.7,2682.3,30.78,27.98,8.66,2.9,21.21,5.2
8.16,-61.0093,-173.1848,Coral Sea,8503.9,2587.5,31.3,20.58,5.32,56.57,42.28,8.19
8.45,19.8542,82.8901,Norwegian Sea,2042.3,2559.6,32.81,10.26,9.88,57.07,42.12,5.98
8.13,-7.1784,-123.3336,Indian Ocean,10149.0,1155.3,30.98,14.28,9.16,23.29,34.5,9.53
7.68,-27.9925,49.7708,South Pacific Ocean,3895.8,2207.5,32.91,11.47,8.64,52.11,39.31,2.93
8.41,-0.9152,-108.3172,Baltic Sea,10860.0,1411.1,31.15,20.71,6.18,89.66,32.89,8.37
8.38,-68.533,-172.1629,Baltic Sea,10617.4,-304.7,35.79,32.77,9.93,62.78,2.81,6.12
7.91,-12.6698,-167.3204,North Pacific Ocean,3002.0,-26.3,30.07,21.48,2.07,73.71,28.93,7.62
8.02,71.8177,50.5155,Indian Ocean,4961.7,775.3,37.05,32.06,3.56,65.53,18.02,4.31
8.0,-62.491,118.343,Gulf of Mexico,9293.9,631.1,32.62,34.02,8.84,32.93,24.86,7.11
7.94,10.9994,133.0584,Bay of Bengal,3320.9,1542.1,36.03,22.15,3.8,17.88,2.21,7.71
7.83,50.5654,42.917,Caribbean Sea,4939.4,722.9,34.76,15.82,7.04,38.47,42.27,6.7
8.49,57.5364,-58.2299,Baltic Sea,2118.8,1082.7,31.32,33.69,8.85,68.94,45.57,6.32
8.41,-58.8435,25.9496,Red Sea,5467.6,968.2,39.89,26.99,8.12,42.87,42.62,8.49
7.83,43.1659,61.1408,Bering Sea,3009.8,883.5,35.14,33.31,7.86,45.57,29.29,9.39
8.11,47.1597,42.9124,South Pacific Ocean,1251.9,1229.2,36.98,20.21,8.69,72.1,41.25,8.97
7.59,8.416,-94.7449,Norwegian Sea,7604.5,2452.1,38.89,28.57,2.91,65.14,24.48,0.83
8.25,-13.7997,39.9836,Baltic Sea,3934.2,1400.5,32.16,4.13,1.08,83.93,39.83,5.69
8.34,-78.9126,-30.8631,Bay of Bengal,5849.8,2368.1,33.13,8.21,8.25,82.53,24.03,1.08
7.97,-88.4852,-17.0908,North Atlantic Ocean,6094.8,172.4,30.53,31.82,7.45,15.24,43.16,6.5
7.58,14.8953,70.0471,Gulf of Mexico,6496.3,1411.8,32.79,8.62,8.97,44.12,15.96,1.75
8.08,-24.9745,56.3664,South Pacific Ocean,8476.7,1990.6,37.13,11.21,3.56,30.25,47.79,6.53
7.55,-39.5463,-108.0067,Red Sea,7894.3,817.0,38.13,23.89,9.8,97.2,2.3,9.02
8.32,-69.428,-179.5428,South Pacific Ocean,8353.0,2334.2,31.51,13.34,2.03,38.66,27.31,4.59
8.09,77.9037,127.7724,Bering Sea,8931.9,1689.7,35.5,31.72,2.48,57.91,26.38,9.58
8.37,-57.1461,71.7962,Caribbean Sea,4346.5,-478.6,30.65,5.79,5.63,54.45,31.46,5.42
7.88,29.0956,141.2192,Bering Sea,8730.1,2369.2,37.01,19.67,7.48,71.47,25.88,6.78
7.75,-83.0055,-83.0272,South Pacific Ocean,3947.2,95.5,30.36,13.16,5.29,14.68,31.64,9.21
8.44,28.389,175.2116,Bay of Bengal,4577.6,2491.7,38.26,16.36,6.06,96.0,47.0,6.85
8.4,27.6116,-24.1706,South Pacific Ocean,9925.8,2083.9,32.61,24.38,3.19,7.77,14.12,1.71
7.57,73.1047,149.8918,North Pacific Ocean,7429.3,1982.6,38.79,16.3,3.44,64.16,36.25,0.76
8.36,16.618,51.2678,Indian Ocean,2745.7,1937.0,33.04,26.82,8.42,99.52,28.5,3.45
8.43,-85.4383,-80.6384,North Atlantic Ocean,7321.3,361.4,32.62,2.67,3.41,94.62,30.56,4.58
7.95,82.5544,-59.5801,North Pacific Ocean,1688.1,2961.3,32.4,8.69,5.11,24.23,23.16,2.03
8.39,-72.2727,48.1461,Norwegian Sea,2865.7,1549.6,33.94,30.35,9.51,43.55,18.76,1.96
7.95,-46.8753,64.6474,Arabian Sea,618.1,1514.5,36.03,7.25,3.0,51.22,19.78,3.71
7.56,43.8117,18.2367,Coral Sea,7485.4,2314.5,33.45,-0.95,6.14,19.39,19.42,9.22
8.05,36.424,161.2835,North Atlantic Ocean,10429.6,-88.4,30.71,14.76,8.19,77.53,45.04,5.49
8.44,39.9117,55.4295,Bay of Bengal,10265.3,2511.7,34.72,10.49,5.64,50.46,47.59,2.51
8.03,-14.4745,-120.5568,North Pacific Ocean,8887.2,1621.5,33.14,11.7,8.12,27.92,41.35,6.65
7.64,-21.3236,-160.7546,Caribbean Sea,1762.1,-222.2,35.13,11.17,6.46,91.6,7.69,2.69
7.94,15.9523,117.8753,Gulf of Mexico,9284.2,1355.7,33.3,7.17,3.22,22.21,14.5,1.56
7.61,-40.9444,-74.8773,Southern Ocean,31.9,2604.8,33.74,26.87,4.89,24.22,11.34,0.85
8.09,-54.4087,171.6509,Gulf of Mexico,10079.9,2699.3,35.04,-0.16,8.69,94.05,37.51,6.66
8.12,-61.3767,83.904,Bay of Bengal,7743.7,1721.5,31.53,16.71,5.41,28.01,0.45,6.47
8.16,-20.6668,-73.9661,Norwegian Sea,1925.3,1336.2,31.72,17.14,7.61,76.72,25.86,7.45
7.55,71.5042,162.599,Bering Sea,6206.4,1266.7,31.55,-0.15,8.29,42.64,33.15,0.62
8.35,76.4426,-158.2106,South Atlantic Ocean,6896.6,79.5,33.34,-1.76,6.16,70.83,12.65,5.02
8.42,70.6409,0.0378,Southern Ocean,2949.6,135.9,31.97,17.09,6.09,99.98,43.09,0.55
7.79,-53.2602,-121.2537,Baltic Sea,9362.8,1965.2,36.26,28.02,1.39,74.74,6.7,1.71
8.28,16.8998,152.6589,Bay of Bengal,5640.4,1946.1,30.13,4.82,5.77,49.08,24.63,5.76
7.98,27.1279,-168.2347,Caribbean Sea,6208.6,-494.2,32.2,-0.65,3.34,68.2,19.65,9.02
8.03,-6.9319,84.1683,North Atlantic Ocean,9747.2,723.0,38.02,10.52,3.48,48.07,23.71,2.05
7.74,12.6889,130.4332,Gulf of Mexico,7201.2,2033.7,36.71,12.67,1.52,77.76,34.17,9.89
8.39,-67.4592,-80.0662,Caribbean Sea,6489.9,-12.6,39.42,11.92,2.94,3.72,17.92,6.88
8.46,71.8219,82.499,Red Sea,1385.4,2113.3,32.35,33.33,7.3,40.32,30.03,8.72
8.15,-65.7367,-148.5337,North Atlantic Ocean,5958.4,784.5,31.79,1.0,8.98,9.26,4.96,6.83
7.65,60.2452,-122.6009,Baltic Sea,10053.2,2789.6,32.64,13.4,4.89,29.08,6.45,8.09
8.03,-80.6192,165.2708,Norwegian Sea,6671.7,2758.3,33.51,8.02,4.8,84.48,4.16,1.2
7.8,-17.6414,-98.673,North Atlantic Ocean,3130.9,181.8,30.17,15.1,7.97,13.45,24.33,6.15
7.95,-54.9018,-75.0426,Bay of Bengal,9117.7,2346.9,32.26,10.63,1.56,45.55,48.54,3.46
8.17,-61.3687,141.5931,Coral Sea,4777.7,685.9,30.24,2.24,9.33,99.97,6.54,4.72
7.57,31.3349,-74.6556,Red Sea,870.8,795.9,39.46,11.2,1.55,81.13,29.29,9.01
7.7,69.8867,5.8238,North Atlantic Ocean,5315.3,2494.8,39.96,28.38,2.3,44.22,16.08,4.3
8.25,52.2426,-73.0236,Coral Sea,8376.7,1303.0,38.76,15.68,2.47,28.33,36.09,5.99
7.54,-37.6269,77.0374,South Atlantic Ocean,10103.7,2014.4,35.21,28.72,8.96,58.55,2.96,8.52
8.1,19.345,169.77,Gulf of Mexico,7309.7,618.8,30.4,12.97,6.18,78.99,19.79,2.16
7.77,-36.9713,-138.1977,North Atlantic Ocean,9225.9,2230.4,38.69,4.03,6.22,46.56,13.89,6.73
8.4,-73.6906,108.3959,Red Sea,8246.9,2057.3,34.52,26.03,9.01,27.52,11.39,3.26
8.33,-69.014,25.4403,Baltic Sea,2003.9,2847.9,32.77,27.89,8.35,75.99,32.12,3.63
8.42,-58.8188,15.092,Caribbean Sea,10825.9,160.3,38.99,23.5,9.95,84.76,30.76,0.48
7.59,28.9455,43.1826,North Atlantic Ocean,620.9,345.2,30.03,12.95,8.28,24.68,20.01,4.04
8.49,-65.8749,115.8407,Gulf of Mexico,3013.3,2980.0,39.49,25.47,6.51,23.07,25.57,8.52
7.64,13.6361,74.8645,Bay of Bengal,8397.5,1725.6,33.69,20.47,1.53,34.2,14.05,3.34
8.37,-89.7709,1.3479,Indian Ocean,1474.0,-27.8,39.81,27.73,2.83,6.91,22.72,9.73
7.88,41.6839,-169.5732,North Pacific Ocean,6247.9,2075.9,34.32,19.04,7.19,95.33,39.28,4.03
8.46,-43.5083,-35.3568,Gulf of Mexico,6937.4,87.8,32.07,30.6,6.31,75.7,14.65,2.47
7.5,12.4364,143.4695,Coral Sea,7562.3,1272.3,39.0,10.38,2.41,6.18,14.22,9.94
8.19,-27.5542,27.8402,Gulf of Mexico,1767.2,2830.1,36.92,24.93,4.13,94.93,31.95,7.97
8.5,6.143,-42.2656,Norwegian Sea,2281.9,1300.0,39.86,12.53,9.47,49.5,41.14,0.5
8.19,-55.0973,-156.0414,North Atlantic Ocean,1363.5,1602.1,34.89,18.07,7.27,27.14,41.05,8.43
8.21,21.4358,168.56,Coral Sea,1883.8,998.8,39.65,14.37,2.98,92.86,19.01,3.49
8.17,68.7838,-96.7738,Coral Sea,9163.3,2335.2,34.54,31.22,7.82,85.21,3.81,3.12
8.48,14.1658,59.5907,Caribbean Sea,1251.0,172.5,39.93,31.68,1.71,34.31,9.44,4.13
8.22,-10.4116,33.5129,Gulf of Mexico,4415.9,1305.3,38.52,14.22,8.45,72.16,8.61,0.61
8.0,-4.75,-120.1142,Baltic Sea,169.7,730.8,33.29,14.63,9.56,23.33,7.55,3.63
7.75,-17.1935,-104.5444,North Pacific Ocean,8399.2,2485.8,34.44,18.11,6.75,97.38,48.03,6.9
8.28,-47.6047,158.4693,Bay of Bengal,10529.1,1097.8,38.24,3.61,2.56,16.85,18.1,2.11
7.66,-21.6106,178.7296,Coral Sea,3292.7,297.7,36.86,30.72,1.31,30.5,29.03,7.98
7.56,-14.1054,-47.9168,Baltic Sea,3354.0,2625.3,32.73,24.95,6.48,85.39,21.47,8.26
8.26,33.9921,0.1162,Arabian Sea,6313.4,1400.7,37.13,14.21,2.06,89.71,45.63,2.59
7.87,-32.6863,7.0447,Caribbean Sea,1442.4,2435.2,33.61,0.23,9.68,71.73,37.08,4.75
7.71,-22.1929,-134.5676,Bering Sea,6622.2,840.3,35.15,13.0,6.18,9.2,36.18,4.05
8.27,22.1392,170.5376,North Pacific Ocean,6053.0,2853.9,38.49,-1.0,4.8,44.81,23.06,9.4
8.37,52.1307,-69.9501,Indian Ocean,4391.5,1901.8,35.56,2.49,1.05,34.54,37.33,8.32
7.61,61.5239,-21.9709,Coral Sea,7709.3,2842.8,30.89,30.32,7.37,30.69,40.06,7.54
7.91,17.6579,137.3095,Southern Ocean,5979.7,454.2,30.62,10.37,6.68,27.24,49.14,7.09
7.52,-7.545,72.9556,Bay of Bengal,9283.7,1600.9,33.1,33.26,5.03,63.79,6.94,0.12
8.33,29.0131,-73.4895,South Atlantic Ocean,7997.1,118.9,35.75,5.01,8.97,13.09,33.79,4.18
7.51,-84.4407,-157.1218,North Pacific Ocean,6384.1,-320.7,37.53,18.17,4.69,78.47,9.78,9.63
7.89,10.9448,-131.2681,Gulf of Mexico,3490.0,14.9,32.46,23.34,3.16,31.33,31.66,2.3
8.4,-34.5876,-39.3551,Bay of Bengal,316.2,2080.7,36.44,27.47,6.96,36.2,12.15,1.51
8.08,3.4199,-20.2431,Arabian Sea,4084.6,2527.5,33.65,1.68,9.24,82.72,3.79,9.46
8.3,-37.7784,-7.1098,South Atlantic Ocean,8503.3,-281.4,37.07,20.9,9.78,46.01,38.15,3.91
7.63,-57.4007,-156.2698,Indian Ocean,9804.5,765.3,35.97,12.09,1.04,57.32,19.53,3.44
7.61,-46.3085,-165.7233,Southern Ocean,9361.0,1333.4,30.15,1.15,4.01,50.21,12.3,6.91
7.85,43.7737,44.4315,Coral Sea,4064.6,1097.0,37.69,9.53,5.26,41.94,39.11,6.29
8.17,-22.4496,-121.6677,North Atlantic Ocean,328.7,-281.5,36.6,24.46,7.65,65.18,19.95,0.42
7.66,40.4795,56.0947,Indian Ocean,10312.3,472.3,38.64,11.02,4.49,6.09,11.05,3.69
7.57,45.2807,-125.9156,Bay of Bengal,7520.2,1101.3,37.29,8.06,5.92,75.26,31.44,2.71
8.48,-86.4622,17.6618,Southern Ocean,5275.2,-403.3,35.44,22.35,4.49,67.57,11.21,9.05
7.79,79.0764,-81.31,South Pacific Ocean,8562.6,1466.9,34.07,31.05,1.4,26.71,48.17,0.32
8.12,-71.983,-107.4789,South Pacific Ocean,983.8,2078.9,32.66,5.96,5.32,26.65,25.54,6.74
8.16,-5.1243,-100.4873,Bering Sea,956.8,214.5,39.31,26.19,9.28,23.65,44.18,7.28
7.54,81.0659,-26.031,Southern Ocean,7779.1,1181.3,37.39,33.56,4.82,71.78,3.57,1.16
8.07,-61.5144,14.5421,Gulf of Mexico,744.0,1010.7,39.23,-1.23,6.18,57.85,21.06,4.39
7.7,-55.4136,116.9422,Southern Ocean,540.2,654.9,31.85,9.85,1.22,55.27,0.53,0.45
7.59,-47.8626,81.7821,Indian Ocean,7923.1,1985.6,36.69,34.78,8.05,91.19,27.42,5.05
7.9,59.4486,-103.7209,Gulf of Mexico,8155.6,2172.8,31.2,32.06,9.47,99.98,17.19,2.74
8.29,61.4217,-23.4947,North Atlantic Ocean,4540.7,406.6,34.34,16.46,9.9,57.87,37.9,9.91
8.47,72.1042,-168.5729,Arabian Sea,4307.7,2964.5,37.62,23.97,3.54,64.57,3.56,7.6
8.0,0.9411,25.2349,Red Sea,4862.2,1171.6,38.23,13.23,3.1,59.96,22.58,6.32
8.39,72.3957,73.4149,Norwegian Sea,4059.0,2868.4,32.62,10.91,8.72,10.27,13.81,9.67
8.45,-41.541,87.2855,Norwegian Sea,4907.7,-193.8,34.33,30.93,9.53,42.87,18.43,6.04
7.94,19.836,-135.2835,Coral Sea,2041.0,2428.2,35.43,13.68,9.46,43.71,34.32,9.83
7.65,-12.9022,-0.0003,South Atlantic Ocean,6423.9,1534.0,33.25,26.0,1.81,6.08,12.61,5.58
7.81,-38.1877,137.7969,North Pacific Ocean,5687.5,2844.7,32.63,26.93,4.87,79.54,40.62,9.23
7.89,47.2585,-113.2779,North Pacific Ocean,7320.5,1769.1,38.61,34.14,2.45,13.94,11.55,4.53
7.95,42.3965,-153.9589,Norwegian Sea,2008.3,1900.7,33.31,16.64,4.7,59.82,30.84,4.31
8.14,44.8137,-86.5142,Caribbean Sea,977.7,1748.8,34.36,4.29,4.47,14.09,32.1,3.4
8.15,17.7158,-142.5227,Indian Ocean,8866.8,82.3,35.31,20.63,6.02,53.88,15.46,6.04
8.04,-29.3246,-158.8035,Arabian Sea,9945.1,1634.5,34.41,-0.38,4.12,2.59,21.97,5.57
7.73,30.933,-99.1129,Arabian Sea,1892.8,915.4,38.62,15.62,4.58,58.9,6.48,0.3
7.86,-53.794,-47.5914,South Atlantic Ocean,4576.3,2029.7,32.2,29.85,1.88,56.1,20.87,2.74
7.91,-45.2674,87.7199,South Pacific Ocean,7977.2,695.2,31.69,26.98,2.38,2.34,33.26,3.18
8.16,82.3412,-153.3809,Red Sea,5769.0,2128.5,36.9,0.45,8.3,5.62,22.69,0.66
7.64,7.9238,170.7767,Bay of Bengal,6235.9,2858.9,38.5,17.4,5.99,79.68,25.48,1.67
7.74,38.8952,-175.7314,South Pacific Ocean,3763.3,-85.7,39.96,-0.62,4.1,51.08,14.75,8.24
7.78,-8.0178,110.3891,North Pacific Ocean,1319.7,1372.9,37.87,27.09,7.31,21.1,47.25,4.05
8.02,-89.6947,-178.1757,Baltic Sea,10565.6,1774.8,34.25,32.56,5.14,54.97,11.84,4.95
8.26,1.895,-89.3541,Bay of Bengal,8177.5,935.5,35.41,7.85,9.94,17.13,2.06,8.03
8.34,7.1178,155.8437,Bay of Bengal,3530.1,2330.1,30.39,24.68,5.0,55.23,37.14,9.83
8.24,-72.5436,-23.778,Southern Ocean,7862.4,2586.1,38.42,14.0,9.81,10.55,45.1,6.34
8.25,-51.8793,-57.1402,Gulf of Mexico,4298.3,1378.8,36.28,9.35,1.26,14.68,13.22,2.64
7.74,-67.4425,56.4838,Coral Sea,2145.4,1074.0,32.51,12.92,6.53,42.31,22.57,2.05
8.38,68.8303,96.2114,North Atlantic Ocean,7456.8,2068.0,36.76,-0.5,1.43,81.33,16.46,0.68
7.55,-84.5665,150.6204,North Atlantic Ocean,4515.8,-81.8,32.1,3.92,7.19,44.64,42.03,4.63
8.04,46.7617,148.2832,Red Sea,1266.5,1610.1,37.46,6.22,6.6,42.07,16.05,9.44
7.59,-12.4025,71.4398,Red Sea,3672.4,367.6,32.04,8.87,4.73,34.56,3.57,6.51
8.1,-89.5351,-163.7141,North Atlantic Ocean,4300.3,2841.4,33.22,7.88,5.84,45.4,35.11,2.14
7.55,-9.1699,-68.4866,North Pacific Ocean,4257.9,1553.8,37.66,11.87,2.77,84.36,45.89,5.46
8.14,85.9605,-71.3143,Gulf of Mexico,6289.2,2602.7,39.27,27.84,3.95,59.37,42.21,3.09
7.53,-9.0108,-64.3213,Norwegian Sea,4805.3,513.8,30.78,13.45,3.45,61.44,28.3,3.28
7.67,-40.8837,-141.7067,Bering Sea,8144.3,1304.3,37.5,8.86,1.07,4.25,22.87,2.12
8.25,75.6101,-165.2328,Southern Ocean,6853.3,270.8,35.63,27.44,2.66,43.98,7.86,7.13
7.8,-75.5157,-96.4963,Indian Ocean,5767.3,2231.6,35.85,32.0,7.13,67.86,16.87,4.3
8.38,46.2299,30.0982,Indian Ocean,8382.5,1164.3,32.11,10.54,2.06,22.87,25.63,5.3
7.6,-45.5346,-178.9114,Caribbean Sea,10246.8,-1.1,33.47,28.53,5.7,17.06,1.06,4.61
8.03,37.4487,139.5395,Indian Ocean,2469.3,111.2,38.63,33.73,7.79,2.32,5.19,5.73
8.43,-65.0286,151.6546,Gulf of Mexico,8699.4,2221.3,32.1,10.51,8.26,17.85,27.69,6.57
7.91,-81.332,40.9975,North Pacific Ocean,4738.5,-189.5,39.43,1.86,9.28,12.8,16.65,4.31
7.83,32.4883,-161.5082,Bering Sea,6236.2,1176.0,34.12,13.64,5.36,91.76,16.3,7.13
8.47,-22.0594,172.6796,North Pacific Ocean,9036.8,414.6,35.82,3.3,5.61,22.2,23.37,6.5
7.92,88.0902,42.8183,Southern Ocean,6113.0,2735.5,33.88,5.7,8.85,73.09,10.71,8.96
8.2,11.057,11.0073,Red Sea,2004.9,318.0,34.47,21.95,7.24,76.77,9.48,5.82
8.42,-80.1958,-8.2868,North Pacific Ocean,10752.9,88.3,35.61,16.43,6.65,48.83,8.05,0.38
7.51,-64.5897,-132.7662,Red Sea,9250.3,1078.2,39.92,24.44,3.81,64.92,30.08,6.65
8.07,71.7752,107.1299,Caribbean Sea,1156.1,1854.0,39.79,13.36,9.4,23.01,0.42,6.66
8.21,-77.2682,-1.5895,Bay of Bengal,1882.0,1914.4,39.09,35.0,7.35,68.97,16.41,4.44
7.92,7.0401,-172.8264,Arabian Sea,3874.7,1760.5,30.11,19.76,8.17,74.63,45.13,3.32
8.17,-86.8715,-125.0604,South Atlantic Ocean,5205.0,619.9,36.0,9.88,4.01,30.18,46.88,6.7
8.31,39.243,-76.9341,Southern Ocean,1785.3,-408.7,39.4,5.97,2.81,78.07,10.46,2.62
7.82,-64.7438,149.2128,Red Sea,4936.6,1802.0,33.63,9.15,5.9,98.29,2.6,6.28
7.82,-57.6161,-14.5545,Southern Ocean,4913.9,2652.3,35.31,6.93,8.33,90.48,6.13,4.34
7.59,-39.1169,158.6462,Indian Ocean,2823.2,611.8,34.98,16.33,3.85,27.23,24.13,7.49
8.46,-89.4632,-81.0532,Norwegian Sea,1623.2,30.8,33.16,29.05,9.42,74.92,21.22,6.06
7.53,4.3748,174.2978,South Pacific Ocean,1760.4,554.0,32.24,13.14,4.44,17.52,29.62,8.23
7.97,84.7454,163.8659,North Atlantic Ocean,9141.3,1443.9,31.96,9.86,7.38,48.43,48.79,2.49
8.03,35.0904,76.2468,Red Sea,8748.5,2187.3,38.21,16.16,7.62,91.55,40.14,5.16
7.64,81.4582,92.4109,Southern Ocean,216.7,1882.1,35.92,11.85,7.47,2.3,3.76,8.96
7.99,-66.5234,-171.2622,North Atlantic Ocean,2388.0,1476.7,35.13,-0.37,5.76,69.6,6.39,4.83
7.79,-46.6121,-97.2158,Arabian Sea,308.8,2571.1,31.38,10.59,8.31,95.81,9.29,4.65
8.3,-27.4484,-109.829,Coral Sea,1509.2,2189.3,35.83,10.18,7.51,37.11,12.54,6.33
8.32,43.6599,165.3868,Red Sea,852.9,200.4,30.84,24.14,7.83,67.89,2.44,0.48
7.93,89.2729,-32.8477,Southern Ocean,8385.8,2070.3,30.22,4.46,9.25,11.45,41.96,0.28
7.93,64.1549,36.6072,Bay of Bengal,3917.3,411.8,36.92,0.56,4.11,37.43,45.08,2.82
7.58,15.4963,-82.9003,South Pacific Ocean,7708.3,2952.6,39.09,-0.22,9.66,74.77,27.37,5.48
7.86,15.2553,-88.3462,Gulf of Mexico,5921.4,489.2,33.14,2.13,9.28,0.38,44.97,2.95
7.91,48.6495,-29.1689,Caribbean Sea,2703.4,-254.7,36.06,-1.17,7.95,25.96,44.6,5.48
7.95,-56.0723,-65.6321,Red Sea,5469.3,1723.0,32.63,26.52,5.95,41.46,15.16,2.52
7.95,58.106,90.5289,South Pacific Ocean,2551.3,1690.0,32.48,33.32,1.05,65.28,22.4,4.41
7.59,42.9319,43.9948,South Atlantic Ocean,3777.3,2159.1,32.93,3.34,7.81,22.72,10.65,6.74
7.66,-77.6983,69.7621,Southern Ocean,9690.1,2329.1,37.92,1.63,9.27,41.45,49.65,4.03
7.93,-82.5169,14.3387,Arabian Sea,8970.6,2906.8,33.96,20.75,5.02,44.13,29.14,4.64
7.88,-62.2049,145.0152,South Atlantic Ocean,4817.5,2171.7,38.4,10.58,2.98,23.46,37.1,0.07
7.64,27.6067,-156.7611,South Pacific Ocean,1844.0,2488.0,38.58,20.38,7.66,74.24,47.81,3.63
8.15,81.7039,89.9212,South Atlantic Ocean,1752.2,2778.3,34.51,24.76,6.41,46.85,2.71,3.75
7.62,-69.9107,-93.5873,Bering Sea,7156.5,401.9,35.16,33.15,9.99,83.73,19.15,2.11
7.51,19.6019,44.3295,North Atlantic Ocean,5441.3,151.3,34.59,31.01,2.62,21.46,18.81,4.93
8.11,17.0599,153.2628,Baltic Sea,5876.8,1424.0,31.76,1.98,3.85,50.34,23.38,9.92
7.58,-59.4,-68.1119,South Pacific Ocean,832.8,768.6,36.87,-0.26,8.68,95.71,12.47,1.34
7.56,-42.6382,167.0241,Baltic Sea,4173.1,-357.1,38.76,0.3,6.94,9.27,11.45,5.41
7.59,7.069,-116.5509,Bering Sea,4078.2,2357.4,36.97,22.67,8.43,99.35,33.02,1.58
8.44,-29.5763,163.8859,Southern Ocean,2960.7,285.3,39.45,14.57,7.23,3.81,37.82,5.18
7.61,-61.5297,-165.0391,Baltic Sea,8310.4,1077.8,35.81,7.04,3.01,25.28,10.01,4.78
8.34,-12.6636,-61.7403,Baltic Sea,1473.1,2204.7,36.25,12.81,6.43,13.96,25.95,3.58
8.28,-73.8558,71.4456,Red Sea,8672.2,1536.2,39.69,27.38,9.45,61.12,2.03,5.3
8.34,14.4592,123.9643,South Pacific Ocean,953.1,2928.4,36.22,18.36,6.88,88.47,22.67,1.03
8.11,-64.0126,-119.8361,Arabian Sea,1713.5,2430.7,39.78,25.97,6.81,6.5,19.74,1.52
7.66,41.1911,156.3488,North Atlantic Ocean,5787.8,2425.7,36.54,31.16,8.43,62.5,23.22,4.84
8.27,8.4765,-123.6187,Southern Ocean,6354.8,2289.5,34.79,22.19,7.35,85.33,4.02,0.46
8.07,-75.8399,132.6301,Norwegian Sea,10643.2,2120.8,35.01,4.77,8.25,48.3,22.97,8.55
8.07,-49.8977,138.5181,Arabian Sea,6666.5,1538.7,34.4,5.28,3.64,45.5,39.87,6.85
8.11,-12.7431,85.6076,Southern Ocean,6202.7,2208.7,31.11,7.63,5.73,96.86,30.78,3.49
7.65,-18.9944,140.7349,Indian Ocean,2068.0,1621.9,30.29,1.12,8.85,81.67,23.18,3.74
7.79,58.6067,-150.0596,Baltic Sea,944.2,1007.6,38.58,30.32,6.78,29.22,33.12,7.13
8.49,22.996,153.1987,South Pacific Ocean,8692.1,1344.6,36.19,14.04,3.97,94.01,4.76,3.1
8.37,69.6142,-13.0654,Arabian Sea,8509.8,1403.4,38.68,8.04,3.54,67.6,1.59,4.01
7.86,9.239,-73.6375,Gulf of Mexico,4659.9,2947.7,31.87,-1.94,7.89,89.26,45.03,2.3
8.49,-33.364,-177.798,Gulf of Mexico,858.2,1199.9,37.03,34.88,7.22,62.53,48.69,9.99
7.57,-84.2769,25.3518,Bering Sea,5290.4,2190.2,39.09,28.65,5.42,50.96,41.56,6.77
7.85,-51.986,-157.531,South Atlantic Ocean,4410.7,1581.8,31.71,34.67,2.79,23.29,17.41,4.31
8.06,-43.6788,-175.581,Arabian Sea,8087.9,1151.6,32.93,4.77,3.64,28.83,34.29,9.65
8.12,-73.6005,-29.6861,North Pacific Ocean,6312.7,2594.3,34.5,-1.2,8.93,18.48,14.74,5.84
8.31,5.407,-158.1118,North Pacific Ocean,1553.0,1810.5,32.34,11.93,4.08,66.07,3.31,2.13
8.24,24.8128,124.7401,North Pacific Ocean,1958.9,2452.3,38.19,7.82,5.64,13.81,19.66,7.36
8.19,-80.9236,-163.4914,Coral Sea,1633.1,2699.6,36.2,34.64,3.89,87.9,0.87,6.86
8.47,-27.8616,22.41,South Atlantic Ocean,3688.5,1947.0,31.3,-0.54,8.08,86.4,10.07,3.18
8.1,-85.0661,10.1844,Arabian Sea,3079.1,199.7,30.24,1.95,2.77,2.33,1.89,3.44
7.51,41.1761,22.1839,Arabian Sea,2845.2,2495.2,38.37,0.62,8.48,65.26,28.44,7.73
8.12,-0.1531,-132.4159,North Atlantic Ocean,4938.6,-167.7,30.57,29.12,5.06,62.75,34.81,8.65
8.26,34.5672,137.5642,Indian Ocean,9125.9,-72.9,32.03,13.68,4.95,63.87,33.78,0.62
8.42,21.4199,54.8511,Indian Ocean,3446.4,1012.8,36.59,16.45,9.3,70.3,16.41,4.61
7.89,63.7518,101.7086,South Pacific Ocean,3232.4,-321.0,37.76,7.78,3.19,59.5,4.54,6.88
7.55,68.0181,125.1533,Caribbean Sea,5119.4,-330.7,39.1,3.13,7.99,3.81,26.66,7.82
7.63,10.6996,142.0635,South Atlantic Ocean,3451.5,2972.4,30.91,23.67,9.69,70.58,1.7,7.82
8.41,-6.8087,80.1453,North Pacific Ocean,6713.6,1963.0,39.85,32.23,9.62,10.06,14.65,9.18
8.45,88.3975,81.5129,Southern Ocean,744.3,2225.9,33.07,28.7,7.74,49.95,37.83,9.5
7.73,-55.2591,-126.2491,Arabian Sea,2508.8,2533.1,31.24,25.29,3.42,92.56,32.09,1.29
8.18,25.0928,-119.0154,Caribbean Sea,8260.9,-364.4,35.33,12.07,9.06,7.46,4.04,5.65
7.97,21.605,91.2491,South Atlantic Ocean,9528.5,990.9,39.86,32.35,4.7,77.14,49.1,4.07
8.1,82.2433,-100.8538,Red Sea,4621.9,2485.5,34.67,32.27,4.47,94.23,23.31,4.95
7.55,-73.0288,19.0431,South Pacific Ocean,2615.5,2140.8,38.38,22.14,4.51,93.88,31.33,9.45
8.46,80.5859,-82.2465,Southern Ocean,3886.6,-71.4,32.6,12.81,1.55,32.84,42.65,6.49
7.97,47.5431,-88.0455,Indian Ocean,9063.7,2784.8,31.92,24.54,4.2,68.06,27.32,8.01
8.27,-66.7625,-17.7041,Norwegian Sea,6816.4,2421.4,30.34,18.7,9.3,65.64,14.5,5.28
8.02,-54.8478,-120.5244,Norwegian Sea,3520.9,898.0,32.92,10.84,3.42,43.82,45.94,3.43
8.36,-40.4231,124.5609,Arabian Sea,8535.3,2773.1,33.35,18.39,3.71,44.75,39.94,9.22
8.13,31.8783,-126.7221,South Pacific Ocean,4591.2,2327.8,32.64,5.41,7.98,87.76,39.14,3.46
7.82,44.7324,100.2679,Baltic Sea,1572.1,-2.5,32.04,22.72,1.56,39.89,8.5,0.17
8.0,42.6753,-11.1556,Red Sea,1749.0,823.2,37.95,31.64,8.42,98.98,45.98,0.66
8.29,27.4586,-105.6307,Red Sea,10819.2,852.8,35.88,17.62,8.71,8.87,6.64,2.73
7.77,-65.8625,-56.7014,Red Sea,2227.5,2776.5,32.86,9.91,2.29,16.82,10.47,8.58
8.29,-82.2738,-26.4566,Red Sea,9918.7,1131.1,37.89,33.63,3.12,19.81,49.04,2.37
8.21,-40.0855,-79.6766,Arabian Sea,8717.2,1282.2,32.47,21.58,7.47,23.93,32.47,9.35
7.51,18.1048,111.5098,Bering Sea,3915.9,69.8,32.2,17.26,5.24,14.62,43.24,7.38
8.37,-26.4323,-52.8112,South Pacific Ocean,3915.3,428.9,37.9,13.01,3.82,94.63,24.64,1.03
8.02,62.9675,-3.3553,North Pacific Ocean,7048.5,481.4,39.79,18.27,4.57,4.58,22.03,5.3
8.43,57.8011,-169.665,Arabian Sea,4455.6,2443.4,39.55,16.35,7.99,32.09,5.47,0.77
7.51,-50.7721,-98.921,Arabian Sea,1320.9,899.9,37.59,28.18,2.1,53.64,22.53,3.24
8.36,28.635,-150.6346,South Atlantic Ocean,10532.4,790.6,39.8,31.19,8.04,10.89,31.08,2.32
8.27,59.4528,147.0984,Caribbean Sea,4315.4,1453.8,38.05,27.06,3.43,15.38,45.04,5.96
8.16,72.0051,130.0685,South Pacific Ocean,2927.2,396.8,31.77,10.1,7.93,70.7,42.91,6.05
8.1,-13.0584,-78.9149,Bering Sea,938.2,-346.1,39.78,20.57,9.59,77.56,39.19,1.42
8.1,73.3174,-4.375,South Pacific Ocean,5935.3,1414.3,38.31,32.28,9.4,55.16,22.6,7.85
8.34,43.3361,-63.1029,Coral Sea,4654.4,819.3,33.09,32.61,9.89,22.0,5.23,4.94
8.49,-36.6154,99.6219,Gulf of Mexico,10322.3,1129.3,36.53,31.64,2.96,14.92,2.0,8.52
7.96,-28.5386,-96.4158,Bering Sea,267.5,1816.6,30.08,9.46,9.74,62.78,2.78,5.94
8.07,-64.9972,112.363,South Atlantic Ocean,10494.8,2548.6,36.59,21.97,2.76,20.05,22.03,4.85
7.68,-21.754,-115.2381,Southern Ocean,9730.6,638.4,36.61,18.54,1.44,17.66,30.91,6.44
7.89,-24.458,-75.0371,South Pacific Ocean,4718.3,2578.2,37.41,15.39,2.55,44.68,13.78,7.81
7.67,22.3759,139.896,Bering Sea,4717.4,1720.2,38.66,34.69,1.19,34.5,6.32,2.93
7.51,-34.7707,-77.0649,Gulf of Mexico,4343.1,2787.1,34.99,10.83,1.05,26.98,24.89,2.1
8.22,-14.2336,147.8963,Norwegian Sea,3394.0,1449.5,38.86,6.51,6.44,71.96,1.9,9.18
7.81,-66.3244,-131.2561,Indian Ocean,7826.3,2141.8,39.52,18.69,1.4,97.21,26.26,1.47
8.37,41.6355,47.427,Bering Sea,7829.1,-365.8,32.96,1.14,3.63,57.72,14.39,8.89
7.99,-82.6695,-79.6954,South Atlantic Ocean,2800.2,-297.2,37.87,25.17,5.06,72.86,49.14,6.48
8.3,44.7356,-64.514,Norwegian Sea,4528.5,-197.7,32.14,-1.92,3.0,29.67,11.79,4.3
7.92,-57.9455,120.0836,Caribbean Sea,1820.4,2534.9,34.0,4.51,9.58,17.01,10.06,3.42
8.33,86.5837,26.2097,Indian Ocean,9163.9,92.5,31.13,34.4,3.77,17.46,4.0,6.54
8.36,87.9896,-101.3025,Red Sea,2906.8,181.9,36.03,3.22,1.21,52.29,28.07,5.67
7.97,88.9069,160.3636,Southern Ocean,7235.6,-281.3,36.32,-0.66,4.62,50.06,41.31,4.13
8.43,-87.6532,-34.2353,North Atlantic Ocean,9833.1,2525.8,32.04,6.55,2.02,52.24,32.15,3.09
7.8,-50.9487,136.5956,Bay of Bengal,3586.9,-197.4,35.73,7.48,8.65,90.78,40.67,1.71
7.87,9.6383,148.2785,Coral Sea,7744.7,1875.7,38.69,1.45,5.82,78.96,18.28,9.69
7.98,42.1222,-29.3925,Southern Ocean,6998.6,751.3,33.59,8.27,1.82,35.37,22.55,9.27
8.25,56.829,-31.1014,South Atlantic Ocean,5134.1,514.7,33.63,16.07,4.29,59.36,48.41,5.7
7.9,-65.6233,19.0061,Baltic Sea,8788.1,2372.3,39.37,13.62,4.35,72.54,17.42,1.9
7.58,64.0353,49.2849,Bering Sea,7987.9,757.1,34.92,0.99,7.91,87.82,30.8,2.46
7.5,35.8143,-160.3741,Norwegian Sea,7859.3,-403.7,38.38,9.86,9.74,53.77,25.2,2.67
8.37,-37.8277,-155.6374,Arabian Sea,7004.5,212.1,39.06,23.31,3.79,8.02,7.44,3.24
8.14,-88.4923,-89.8065,Coral Sea,2413.9,985.5,34.98,13.8,2.95,95.14,42.88,8.56
7.67,74.3863,-24.5116,Bay of Bengal,10131.9,-121.8,38.85,8.82,7.7,35.43,8.34,1.51
8.4,-54.3232,55.7495,Red Sea,3893.2,-131.0,38.04,2.97,5.61,88.06,2.25,4.83
8.22,-24.3842,-109.3573,Coral Sea,9063.7,231.5,32.99,11.7,7.63,23.66,13.56,2.13
8.27,63.023,-70.1104,Indian Ocean,7135.4,1391.3,31.89,26.76,1.48,80.31,31.17,2.38
7.95,29.3882,-33.2484,Norwegian Sea,3466.8,1979.6,35.95,13.22,9.97,2.94,43.98,6.33
8.25,-66.1402,-79.3839,North Pacific Ocean,9928.3,1815.9,34.99,16.12,5.36,77.73,12.74,7.76
8.11,86.2745,-41.301,Indian Ocean,1041.5,-485.6,38.02,25.6,8.51,25.63,34.22,7.07
8.23,-32.5086,-134.0699,North Atlantic Ocean,6571.4,1067.8,39.07,3.27,2.61,54.71,49.03,7.45
7.84,17.058,-174.5272,Baltic Sea,7198.5,1030.8,36.82,30.74,2.41,27.45,18.79,3.46
8.04,23.0637,-109.0204,South Atlantic Ocean,7922.8,284.6,39.87,30.45,4.23,72.54,38.71,6.32
7.54,12.1767,-81.9014,Caribbean Sea,6415.1,1584.5,32.52,13.19,3.19,29.8,15.51,2.65
7.66,14.3049,104.3492,Bering Sea,2049.5,402.0,32.67,24.46,2.46,84.12,20.03,9.2
8.36,-46.3308,90.5844,Baltic Sea,6707.9,2962.3,30.47,16.24,1.86,25.2,36.24,9.72
8.16,82.7983,81.4683,Caribbean Sea,7915.5,1931.2,31.69,1.17,1.94,95.69,42.05,7.81
8.33,-2.2321,165.7508,Norwegian Sea,9356.4,2709.2,37.04,2.61,2.49,26.91,7.79,2.89
8.06,-64.7396,-32.6122,Caribbean Sea,8185.3,-293.8,35.06,-0.26,1.91,32.72,14.61,7.52
7.93,62.9158,-142.4086,North Atlantic Ocean,795.8,832.9,33.72,-0.55,5.99,93.1,44.26,6.44
8.32,-63.5181,114.6629,Southern Ocean,6397.2,-210.0,37.67,33.82,8.63,51.9,41.37,9.5
7.55,65.252,29.9688,Arabian Sea,7557.9,1714.0,37.08,3.57,8.69,39.03,9.66,0.67
8.19,10.8255,179.9133,Coral Sea,10691.7,19.6,30.99,3.44,9.54,24.05,22.29,0.3
8.11,-82.0972,-57.7952,North Pacific Ocean,1441.7,499.2,37.09,25.58,4.74,24.64,17.18,0.12
7.54,-67.9134,134.681,South Atlantic Ocean,3121.2,1272.9,34.46,20.37,8.37,94.25,21.46,8.55
7.84,79.833,129.6277,Southern Ocean,8866.8,2818.0,31.87,29.84,7.4,23.55,28.27,6.92
8.02,-66.9709,174.0039,Bering Sea,6545.5,2792.3,36.42,25.17,9.27,84.79,6.15,6.77
7.53,15.6084,174.3048,Gulf of Mexico,3419.1,1199.6,31.36,23.76,6.5,23.61,21.28,7.61
7.81,-33.502,177.065,Arabian Sea,7531.1,862.5,39.92,21.26,2.75,99.37,35.32,9.73
7.51,53.5073,149.0512,Coral Sea,3143.9,682.7,38.81,3.64,8.32,46.04,9.98,5.38
7.77,52.9819,-86.0723,Baltic Sea,2009.6,2858.2,32.36,24.69,2.74,57.81,36.51,3.6
8.48,53.5327,-21.0832,North Atlantic Ocean,1144.4,2106.3,35.92,21.21,4.91,88.09,8.51,2.22
7.95,-52.6396,169.3749,Norwegian Sea,6497.7,1449.1,39.52,18.81,7.39,61.33,46.23,0.63
8.45,38.0126,-36.4432,Caribbean Sea,2994.0,-176.3,38.87,25.65,8.96,68.29,40.08,4.01
8.3,-73.5623,150.5829,Red Sea,7208.9,20.6,33.72,2.63,3.55,37.95,44.96,5.5
7.76,-76.2097,92.3531,Indian Ocean,8013.3,2496.7,36.21,25.46,2.36,35.29,46.35,7.3
8.44,-16.4025,131.7969,Norwegian Sea,9042.7,2868.6,37.22,30.35,6.54,80.13,13.7,9.77
7.8,17.5081,92.6512,Indian Ocean,5216.4,2333.6,31.28,4.7,4.51,31.78,0.51,6.9
7.85,-33.6367,-42.5767,North Atlantic Ocean,1865.3,1004.5,35.11,23.88,6.81,85.73,39.44,3.44
7.8,-35.045,-81.8118,South Pacific Ocean,1976.7,345.3,37.42,30.99,8.61,62.11,22.05,0.01
7.94,-76.5314,73.1748,South Pacific Ocean,3878.0,-26.7,30.33,2.62,5.44,26.43,45.4,9.93
7.57,-54.7216,-148.4917,Baltic Sea,7368.7,25.4,32.11,24.5,1.73,17.71,7.6,8.38
8.32,19.8257,-113.5178,North Pacific Ocean,9961.4,783.7,34.74,22.07,9.39,87.73,40.58,2.51
7.58,32.6048,-169.2379,North Atlantic Ocean,10319.5,2104.8,36.69,6.15,3.64,99.28,36.41,8.4
7.98,73.3566,-77.8815,Southern Ocean,2715.1,2016.5,39.92,8.88,9.75,55.66,30.49,5.38
7.57,-22.5421,-67.56,Coral Sea,1643.3,1053.9,38.88,33.96,8.58,25.4,15.54,9.56
8.15,-47.4383,141.6273,Coral Sea,9429.6,814.7,37.18,12.08,3.91,25.65,44.18,9.92
7.95,39.4629,94.1284,Caribbean Sea,7582.1,874.4,33.03,33.65,4.78,97.46,48.57,3.8
7.5,31.2142,66.9437,Red Sea,4588.8,2306.5,39.64,9.59,1.69,47.68,32.06,2.09
7.93,-40.442,106.9055,Baltic Sea,1242.9,-10.5,37.44,1.28,8.05,81.95,5.3,7.48
7.86,48.3921,49.6785,Southern Ocean,4144.4,-25.8,36.77,27.95,3.8,77.55,24.83,2.35
8.41,-53.8389,-85.6309,Caribbean Sea,112.5,-133.3,38.63,30.41,2.53,33.34,14.92,1.18
8.1,-27.3864,164.5892,North Atlantic Ocean,9696.0,2700.9,35.52,5.92,8.31,67.93,11.27,3.04
8.33,-45.8616,-131.0187,Arabian Sea,8387.8,-275.9,34.82,13.83,8.6,77.31,40.49,5.79
7.64,26.8909,-141.5385,North Atlantic Ocean,5791.3,1889.8,30.27,10.33,4.31,78.76,41.72,6.35
7.63,-1.4938,-93.9119,Caribbean Sea,5936.0,1181.6,35.56,31.5,3.31,94.71,15.77,3.43
7.68,42.113,128.2837,Coral Sea,1503.5,-61.5,37.55,8.67,6.91,54.35,24.94,7.54
8.44,-70.6418,-20.539,South Atlantic Ocean,10003.9,1038.6,30.65,23.52,3.64,19.89,24.44,1.56
7.6,-43.7867,-37.3608,Bay of Bengal,2676.8,508.9,39.11,22.32,5.58,19.15,27.34,4.54
7.98,-2.681,-77.9398,Bering Sea,1194.6,1089.0,37.36,9.75,6.78,63.76,29.0,9.02
7.58,-79.7859,165.5083,Gulf of Mexico,8925.4,2636.3,36.42,12.26,6.56,82.72,23.64,5.57
8.26,41.6289,97.6356,Caribbean Sea,7303.0,183.7,38.81,11.11,7.3,23.6,30.05,7.59
7.88,-39.2323,-120.423,South Atlantic Ocean,1640.7,525.7,32.3,10.6,4.29,84.51,41.88,9.67
8.11,18.6821,-54.5756,Baltic Sea,52.1,2378.6,35.63,11.44,5.85,97.94,23.59,1.7
7.57,72.2461,-50.1589,Indian Ocean,8558.1,1644.4,35.49,9.01,2.42,99.21,23.31,6.97
7.93,-44.4185,-99.331,Indian Ocean,9679.4,109.5,31.18,24.29,2.56,87.44,12.51,8.47
7.63,44.419,-134.0011,Caribbean Sea,7201.4,2750.7,34.17,15.24,6.22,0.89,23.32,0.27
7.82,24.0267,121.663,Bering Sea,9335.2,1208.2,38.55,2.26,3.57,0.82,39.12,1.44
7.69,-57.6573,7.3844,Indian Ocean,7340.5,2810.1,38.61,30.14,1.01,93.98,44.8,8.4
7.98,42.0389,-52.1689,Baltic Sea,10804.5,-436.2,38.45,16.79,8.25,10.88,7.78,8.45
8.39,-78.9726,-158.1014,Indian Ocean,10743.0,960.9,30.87,6.42,2.42,26.98,19.9,7.72
7.9,3.393,-89.1586,South Pacific Ocean,9354.5,1011.2,32.94,32.85,5.99,88.77,42.35,1.24
8.4,-68.6029,80.9118,Norwegian Sea,7165.2,598.7,36.91,1.59,4.99,39.75,45.11,1.45
8.27,33.5692,142.0833,South Pacific Ocean,864.4,417.5,30.22,7.58,2.68,28.3,0.05,4.6
8.25,-35.2537,141.0374,Caribbean Sea,8789.6,234.0,32.71,10.7,5.63,16.25,3.69,4.81
8.28,55.0588,-67.4216,Coral Sea,7920.9,1600.3,33.18,13.75,7.25,87.37,20.56,1.17
8.21,-1.8901,75.1269,North Atlantic Ocean,9300.7,2794.1,38.73,24.79,3.59,53.48,6.38,9.4
7.7,-75.5048,-126.9864,Southern Ocean,10503.5,2084.7,39.91,32.16,7.58,26.02,33.24,6.16
8.34,17.6405,-77.6122,Southern Ocean,10938.1,455.0,34.15,13.67,8.71,54.0,43.31,2.99
7.88,-87.6537,5.748,Indian Ocean,1120.8,1487.6,36.33,7.25,5.8,93.69,39.14,9.27
7.77,-37.1134,99.2876,Coral Sea,92.2,1918.0,35.58,13.82,1.61,8.04,9.98,8.15
8.33,-41.5965,147.8368,Arabian Sea,7988.0,1256.6,39.72,11.41,1.14,54.95,46.69,9.56
8.12,86.4967,159.2116,Baltic Sea,9721.7,1572.5,39.05,25.49,2.91,61.15,3.45,1.96
7.75,-46.1084,-121.5,Gulf of Mexico,6271.9,1549.4,34.81,4.6,9.9,12.4,17.67,6.95
8.39,31.8094,-20.9257,Bering Sea,659.2,1945.4,36.28,28.47,6.11,67.77,4.9,9.12
8.04,-43.7149,63.2734,Bay of Bengal,8792.9,1023.4,30.21,34.15,6.94,75.71,27.53,9.73
7.52,-75.6945,90.955,Gulf of Mexico,2049.8,2038.0,34.3,13.96,6.89,74.93,5.31,7.66
8.03,-78.6845,1.7298,Gulf of Mexico,5306.0,2582.4,34.8,27.13,4.22,17.18,38.62,3.76
8.46,76.7061,-159.4756,Caribbean Sea,4081.7,492.4,30.14,30.13,2.22,63.73,37.09,1.42
7.66,-72.6202,108.4921,Arabian Sea,5433.2,567.7,31.43,5.69,6.85,58.37,46.75,9.61
7.8,59.6576,130.2971,Caribbean Sea,1707.7,813.4,35.43,11.35,8.85,23.97,6.82,4.08
7.73,7.8428,140.7576,North Pacific Ocean,7401.6,207.1,37.67,17.33,5.55,1.46,30.77,0.75
7.72,-12.2278,135.1904,South Atlantic Ocean,4494.9,2880.2,39.06,5.41,5.77,95.94,25.5,3.04
7.58,89.4612,91.3805,Red Sea,4223.8,1217.1,30.86,0.86,8.09,80.3,15.09,4.06
7.97,70.3837,-30.3704,Indian Ocean,1949.8,574.8,34.19,25.2,7.69,70.31,46.72,7.56
8.32,-47.0425,-115.2772,South Pacific Ocean,6823.6,1595.8,37.11,-0.65,6.05,32.2,45.84,3.48
7.74,17.806,-132.6117,Caribbean Sea,7259.1,2208.8,37.45,12.3,1.39,46.98,41.71,6.59
8.21,-61.5577,75.0376,Norwegian Sea,885.3,643.9,30.79,34.17,5.95,59.48,43.05,0.8
8.07,17.5703,100.2595,Gulf of Mexico,9057.0,117.2,33.51,10.45,5.38,4.76,19.94,0.81
7.71,-67.3411,54.7525,Bering Sea,9755.7,2832.6,31.09,-0.76,2.3,52.28,7.18,1.88
8.07,22.915,26.1992,Arabian Sea,10881.5,2982.2,35.81,26.36,9.44,43.34,39.55,3.02
8.02,85.0671,32.2724,South Atlantic Ocean,3798.9,471.9,35.35,-1.83,5.39,37.45,17.13,9.25
7.73,14.7066,-156.4334,Norwegian Sea,6677.4,1186.8,30.06,4.32,3.55,57.7,3.21,0.9
7.52,-67.3818,-78.3564,South Atlantic Ocean,1332.9,-403.6,33.84,-1.84,5.01,28.17,39.12,0.45
7.91,53.9651,-118.6451,Bay of Bengal,4618.8,2347.2,32.73,4.6,6.66,21.12,6.32,1.37
7.82,-30.2098,-16.3874,Red Sea,9445.7,-366.5,38.14,33.85,4.75,80.72,41.79,4.93
7.78,-73.0863,-152.1202,Southern Ocean,7935.9,2189.8,39.22,6.63,6.99,22.53,9.62,7.94
8.2,28.031,-60.9112,North Pacific Ocean,5664.9,470.7,33.86,13.42,6.76,20.16,17.49,9.79
8.21,59.5024,135.2215,Bay of Bengal,9232.8,2773.1,32.4,21.61,4.53,18.68,31.49,2.96
8.43,-3.1028,-144.6837,Bering Sea,9135.9,373.3,37.89,18.12,2.15,60.41,9.72,5.77
7.53,77.6936,23.5236,Red Sea,9994.3,2996.9,39.81,3.9,3.68,48.73,20.46,6.5
8.41,32.8292,-85.6289,Norwegian Sea,2210.2,-17.6,33.21,1.7,6.52,53.76,4.94,9.07
8.17,22.5293,-46.4704,Gulf of Mexico,2518.7,2643.5,30.5,13.72,4.78,57.17,6.58,7.3
8.16,-26.3393,-72.1163,Indian Ocean,10735.2,67.8,37.26,14.28,4.46,12.11,39.26,1.35
8.49,-33.8299,-157.5839,North Atlantic Ocean,5575.0,2389.6,37.32,1.56,8.04,45.23,35.1,6.47
7.58,-39.0734,-155.1101,North Pacific Ocean,7134.8,527.2,33.34,6.33,3.79,66.08,28.08,6.07
8.3,82.4679,-10.8846,Coral Sea,9968.6,1056.8,35.64,14.27,8.87,17.0,40.58,3.72
8.09,27.0826,124.8733,Bering Sea,5979.0,1329.0,30.82,33.24,7.43,28.98,45.16,3.53
7.66,16.9492,155.6705,Red Sea,1643.0,2653.4,36.75,1.31,2.89,30.57,33.47,8.95
8.27,-32.3392,-98.5175,Gulf of Mexico,4232.4,90.7,37.1,28.71,4.54,70.85,46.52,1.13
7.86,-26.3204,143.091,Coral Sea,5687.9,2811.4,32.04,29.93,1.22,4.79,5.02,4.31
7.75,-39.7659,-162.7004,North Pacific Ocean,5227.5,249.6,37.93,18.21,5.69,81.1,16.42,7.65
8.08,-61.7982,122.3904,Gulf of Mexico,10937.8,1788.4,30.32,25.57,8.83,67.34,30.95,7.3
7.98,75.5935,17.9026,Norwegian Sea,2547.6,1985.3,38.16,27.28,3.45,26.91,13.15,1.8
7.66,14.8279,-148.9279,North Atlantic Ocean,8385.5,2381.7,38.65,27.86,1.41,67.52,32.23,4.88
8.23,41.9808,-152.2911,Norwegian Sea,346.3,2922.0,30.6,9.0,6.16,71.34,46.16,8.76
7.81,-4.4685,-128.801,Caribbean Sea,4019.4,-290.8,38.84,23.85,2.06,39.77,12.88,1.01
7.99,-79.7478,-162.6564,Bering Sea,1071.2,2231.4,37.28,-1.05,5.53,20.51,31.98,0.57
7.79,-5.4138,74.4521,Southern Ocean,6243.5,831.6,33.33,11.58,4.14,90.82,42.24,2.95
7.94,-82.3846,41.9217,Indian Ocean,3136.5,1959.3,30.29,32.98,2.03,80.55,26.64,2.16
7.75,80.3246,121.9389,South Atlantic Ocean,6857.2,468.0,39.46,25.07,6.21,55.1,47.81,8.9
7.98,-28.2866,-5.0521,Bering Sea,6467.2,2804.0,33.8,5.15,3.21,9.06,12.21,2.98
7.66,-62.282,29.9569,Arabian Sea,5664.7,2125.3,36.54,28.18,8.19,26.61,17.43,3.79
7.78,-49.139,-128.2562,Bay of Bengal,9295.9,940.8,32.46,18.49,1.22,53.06,1.56,2.88
7.71,74.0208,7.5709,Caribbean Sea,4842.5,2878.1,39.45,24.34,4.51,44.41,8.96,1.55
7.86,-52.7008,-66.5611,Bering Sea,8287.6,2249.2,31.94,25.75,4.08,68.89,8.21,2.79
8.33,-66.0563,-17.5154,Bering Sea,4698.3,2004.1,32.0,0.23,6.69,95.56,36.51,0.05
8.0,21.1163,121.216,Indian Ocean,10532.7,2395.0,38.73,6.63,1.59,58.9,29.42,7.39
7.92,-73.0474,61.8278,South Pacific Ocean,1759.8,1774.9,30.89,26.27,4.76,27.25,46.29,8.96
8.07,-5.0339,-158.088,North Atlantic Ocean,8080.0,1161.4,38.47,-0.06,5.44,27.05,1.66,2.89
8.28,32.1213,165.1806,Coral Sea,711.7,499.9,31.6,10.99,7.54,94.13,32.73,0.54
7.8,-64.7472,-87.3185,Norwegian Sea,1753.2,-131.4,36.97,-0.14,4.34,42.69,3.59,1.94
8.31,50.2258,-14.6695,North Atlantic Ocean,5825.5,926.0,33.73,5.27,2.7,48.97,22.46,1.06
7.75,-12.823,-10.9831,Red Sea,4986.2,1148.3,33.45,-1.46,6.56,15.63,27.72,6.12
8.35,38.0999,53.3798,Baltic Sea,10559.7,2802.5,37.57,-1.01,8.34,38.44,28.73,7.79
8.33,-44.3765,124.128,North Pacific Ocean,11.4,1670.3,37.15,30.19,3.39,39.85,12.3,6.16
8.09,-11.3652,-78.3651,Caribbean Sea,6567.9,-325.0,33.57,12.48,2.62,91.75,28.98,2.98
7.86,-4.2465,-73.8354,Bering Sea,3495.8,-418.0,31.38,4.82,3.99,77.73,32.32,6.87
7.91,-36.7702,-99.8348,South Pacific Ocean,5336.4,2446.5,33.64,18.59,6.56,25.98,47.77,7.86
8.31,52.4059,93.574,South Atlantic Ocean,6110.3,1573.2,36.45,19.32,1.93,69.96,38.72,2.4
7.58,-58.0279,49.0475,South Pacific Ocean,5944.0,1471.2,30.01,12.92,8.49,28.56,30.3,9.08
8.29,29.3718,-104.4711,Baltic Sea,10554.8,748.9,38.58,12.76,6.31,10.19,2.97,0.04
7.63,77.8308,-19.1286,Baltic Sea,10855.0,2013.2,39.5,7.38,9.42,82.29,45.4,4.13
8.32,60.791,-33.8442,Caribbean Sea,5553.2,2415.8,38.77,12.26,6.76,41.15,8.08,1.66
8.4,47.5387,13.448,Coral Sea,4424.0,2638.6,36.47,26.55,2.34,0.22,9.94,7.36
8.01,-64.2966,115.6151,Caribbean Sea,7949.1,1053.9,34.57,8.27,3.82,28.37,35.22,7.84
8.25,46.5967,141.3163,North Atlantic Ocean,5705.5,-208.5,30.78,1.26,4.58,78.78,34.05,3.92
7.7,-22.5715,-101.7232,North Atlantic Ocean,8093.3,2537.8,37.23,0.39,2.17,18.48,40.05,8.53
8.27,-71.3957,37.0913,Baltic Sea,4215.8,1890.5,33.96,11.48,2.76,56.82,27.05,0.65
8.2,35.6062,108.8833,Gulf of Mexico,5123.1,2007.3,32.89,27.72,4.44,66.94,27.07,1.88
7.61,-78.1224,-130.6002,Indian Ocean,894.0,2802.9,33.3,11.16,6.97,68.44,15.9,5.37
8.0,-21.3614,-57.1078,Caribbean Sea,7224.7,303.6,30.29,2.67,4.85,0.83,40.54,7.0
8.27,64.7632,-121.9291,Coral Sea,9021.3,2335.3,35.46,20.78,4.66,47.66,28.37,9.84
7.59,33.581,-44.3156,Bering Sea,1955.6,1013.5,37.62,19.02,1.98,34.48,35.05,7.45
8.16,3.1079,-164.955,South Atlantic Ocean,10465.4,2783.9,38.21,19.88,5.39,56.03,15.57,1.75
8.3,68.847,-2.1496,Bering Sea,10805.1,646.0,38.25,16.52,4.85,16.87,19.14,2.23
7.85,44.9013,178.7477,Norwegian Sea,6337.4,1518.1,30.73,33.45,2.66,14.31,3.12,3.82
7.88,-5.4413,135.0198,North Atlantic Ocean,864.5,1826.4,39.32,29.67,9.97,78.4,3.38,10.0
7.77,44.4785,3.1711,Coral Sea,8750.1,-358.4,38.63,10.61,4.19,35.89,5.14,7.99
7.69,68.9761,31.3385,Indian Ocean,5136.1,1753.7,31.13,17.33,8.69,4.64,13.27,0.7
8.46,-64.1285,96.5102,Southern Ocean,9518.5,1927.1,30.78,17.39,9.13,93.96,18.15,9.07
8.2,-53.9572,-96.4815,Gulf of Mexico,8909.2,2399.9,38.71,25.28,8.48,69.66,14.22,6.18
7.55,40.6672,17.8766,South Pacific Ocean,6442.9,645.0,39.36,11.07,3.58,97.55,42.86,9.38
8.43,-59.3521,-6.0516,Indian Ocean,384.1,2018.4,35.34,25.04,3.69,2.33,12.79,1.95
7.62,-60.0273,-41.5889,North Pacific Ocean,6513.9,2374.3,34.4,11.98,8.62,45.41,13.03,9.36
8.42,28.1249,-15.9261,Coral Sea,8383.3,2370.9,37.01,31.53,6.96,51.42,47.14,5.41
7.95,6.3868,97.0236,Coral Sea,7203.7,339.3,37.02,7.78,5.38,40.81,15.71,9.49
7.99,46.2244,-43.0527,North Atlantic Ocean,7198.6,2841.7,36.86,9.39,5.6,29.75,4.82,6.37
8.04,-32.6061,150.9446,Arabian Sea,8431.4,2047.4,38.91,12.65,5.6,6.11,9.98,1.33
7.59,19.5219,143.264,Gulf of Mexico,5822.2,1924.5,35.86,10.63,1.63,19.83,20.87,9.42
8.16,71.4046,170.5337,Red Sea,8417.2,2341.2,32.44,33.4,7.5,61.28,28.27,1.18
8.15,72.6231,-156.8367,Arabian Sea,2441.2,2247.1,37.72,19.62,6.88,9.68,46.39,8.47
8.08,27.563,38.5867,Caribbean Sea,4476.6,240.3,36.14,8.06,3.7,23.73,13.7,3.75
8.39,-85.8003,-105.6672,North Pacific Ocean,7247.7,1618.8,36.73,11.63,2.22,12.47,39.98,2.26
7.98,5.1201,-151.1448,Red Sea,1805.4,2357.5,35.54,14.72,7.61,64.12,20.04,7.07
8.21,-77.7415,5.0141,Red Sea,8430.7,1848.3,35.61,23.06,2.12,79.75,17.54,9.66
7.84,88.157,155.9879,Baltic Sea,6443.5,1529.1,34.76,13.48,7.69,38.5,1.67,0.89
8.42,89.4649,-73.9396,Coral Sea,8043.3,461.0,33.21,25.01,7.36,73.18,1.74,8.81
8.43,-69.1207,-36.5741,South Pacific Ocean,9469.5,2223.9,32.18,29.08,2.34,30.78,11.24,8.7
7.98,-7.8906,65.7385,South Pacific Ocean,10645.6,-311.5,31.81,6.96,6.48,51.93,32.1,2.02
8.24,65.0105,135.0327,Baltic Sea,3184.0,1907.3,39.48,26.61,6.56,50.62,8.8,7.2
7.73,-69.1064,-143.2567,Red Sea,8736.3,2196.9,39.52,14.09,5.78,64.11,41.09,5.09
8.14,9.4093,33.8021,Arabian Sea,3964.0,2744.0,39.24,8.2,4.15,91.26,46.88,7.53
7.59,-54.058,-93.9734,South Atlantic Ocean,5338.9,2085.4,39.04,20.6,7.47,38.82,43.21,2.51
8.36,-2.5787,99.6896,Gulf of Mexico,6727.6,1334.9,31.02,33.73,9.55,83.0,22.43,3.6
8.22,-53.5856,-84.4658,South Pacific Ocean,2608.1,188.1,33.98,28.64,1.13,5.25,30.16,3.59
8.45,5.4535,81.9051,Coral Sea,2336.2,894.4,39.02,3.58,6.1,77.06,4.63,6.35
8.28,-15.9169,77.0651,Indian Ocean,6511.4,-168.5,32.21,7.27,5.72,11.59,43.65,4.33
7.68,-19.1045,171.3051,North Pacific Ocean,7697.7,1044.8,39.17,28.07,4.57,65.6,36.57,9.34
7.97,-61.1355,-2.005,Arabian Sea,10508.5,18.0,39.74,26.28,7.37,44.09,35.12,7.76
8.04,28.7638,-122.5177,Red Sea,6246.0,34.3,39.29,20.02,8.53,61.65,27.34,6.04
8.33,-77.3549,105.5078,Coral Sea,6507.8,186.1,35.03,11.41,2.84,69.3,24.92,5.34
8.05,78.0953,89.0227,South Atlantic Ocean,4557.9,1950.2,36.17,24.6,5.17,90.73,21.86,2.19
7.98,-79.3747,126.3269,Southern Ocean,8624.4,534.9,39.21,10.91,1.84,28.94,12.62,4.12
8.21,-15.9262,21.0892,Coral Sea,8091.9,1880.4,36.83,27.59,7.95,27.34,17.69,3.28
8.14,-38.3799,57.2399,Arabian Sea,2094.0,2272.6,39.5,27.95,9.68,79.97,41.65,8.66
8.25,9.3058,166.8153,Bay of Bengal,4228.8,2842.2,35.6,19.8,9.68,95.94,36.13,1.11
7.98,-85.5173,-174.2174,Arabian Sea,1488.2,-206.0,36.27,15.09,1.58,32.05,27.84,6.86
8.22,-10.9794,60.447,North Atlantic Ocean,1200.9,-435.8,33.95,14.12,9.86,23.66,30.63,5.11
8.47,45.6671,-14.2592,South Pacific Ocean,10247.9,989.6,32.46,5.15,5.27,27.25,17.11,2.06
7.68,55.2967,-31.9906,Arabian Sea,7310.7,32.2,30.17,6.51,6.55,96.77,20.32,1.91
7.55,78.1675,-72.4652,Norwegian Sea,9849.9,321.9,32.61,15.76,5.2,98.59,40.49,1.81
8.07,-70.493,81.3353,North Pacific Ocean,6309.0,2879.8,33.64,3.54,7.96,51.16,43.82,7.31
7.66,9.7303,-138.5518,Baltic Sea,2829.4,2993.5,36.96,32.47,4.96,84.57,0.16,0.24
7.67,-17.7511,-97.4691,Bering Sea,2866.5,2947.9,34.26,5.25,2.78,83.97,23.4,7.62
8.17,26.5279,-64.3468,South Atlantic Ocean,2678.9,2683.9,31.92,34.68,9.99,56.6,3.62,0.79
7.92,59.7426,-107.0443,North Pacific Ocean,3472.4,2933.8,33.0,23.58,9.07,88.01,21.82,0.11
7.53,17.9093,-127.4768,Arabian Sea,2254.7,140.9,33.54,22.71,1.21,74.63,8.52,3.9
8.06,-48.7767,-5.2203,Bering Sea,1545.6,-392.9,32.95,0.79,5.63,81.27,37.95,0.3
7.74,-32.1659,-137.434,North Pacific Ocean,9891.6,686.4,31.01,22.83,8.6,80.89,31.61,9.77
7.93,70.6615,-69.5337,Caribbean Sea,6315.5,1493.9,32.94,14.63,2.5,76.41,43.51,5.38
7.54,30.8752,146.6568,Bay of Bengal,2415.2,1109.0,33.58,30.63,9.41,17.93,36.66,1.56
7.56,17.2864,16.6689,Indian Ocean,6296.7,2966.7,39.02,6.91,5.16,55.03,48.63,9.17
7.69,-64.9495,6.9767,Southern Ocean,2716.7,204.7,30.88,12.12,4.06,69.0,15.24,6.09
8.22,-28.5591,111.8918,Arabian Sea,7514.0,223.8,30.11,22.54,9.04,60.44,12.48,2.63
8.29,-31.8486,68.7509,North Atlantic Ocean,9741.9,2357.1,37.23,34.69,5.66,69.28,49.75,0.51
7.84,-85.3386,-49.1088,Coral Sea,1802.7,967.2,33.39,33.14,2.47,26.24,46.78,9.09
7.63,77.2915,-131.6054,Bay of Bengal,6064.0,1085.8,38.63,4.19,2.87,4.44,29.08,9.96
8.44,-30.3068,90.8848,North Atlantic Ocean,4063.4,1870.4,32.61,13.99,8.1,73.33,20.47,8.37
8.29,-71.5171,-140.0999,Indian Ocean,9078.1,2507.7,33.04,12.18,2.1,97.97,17.54,8.84
7.66,-1.0855,-69.9918,Bering Sea,530.5,2999.6,38.87,12.82,9.23,53.55,12.78,6.97
7.73,-9.234,99.907,Baltic Sea,7650.7,2951.5,34.69,22.41,8.99,2.36,33.55,0.76
7.54,63.0086,73.7013,Indian Ocean,7094.8,2481.2,30.04,11.6,2.62,66.67,25.87,5.74
8.4,53.9675,124.2526,South Atlantic Ocean,8581.7,48.6,32.6,20.95,8.3,67.98,1.92,4.7
8.43,50.694,37.7637,North Atlantic Ocean,6067.4,11.6,37.36,3.7,2.65,72.73,30.24,3.87
7.58,77.8108,45.1746,North Atlantic Ocean,4895.9,2045.8,36.81,29.05,2.71,0.74,7.75,3.75
7.65,-22.5812,-1.2309,Bay of Bengal,2798.2,1472.6,39.72,2.5,1.21,41.04,34.08,0.94
7.71,16.1066,-70.2284,Gulf of Mexico,9663.5,2356.9,39.56,12.06,1.19,20.66,26.06,3.76
7.68,30.5186,-4.6279,Baltic Sea,9830.1,103.5,38.08,29.94,8.37,25.69,24.29,4.66
8.44,-5.0081,-137.1585,Bay of Bengal,5473.2,2777.6,37.76,14.82,6.04,24.08,4.21,7.03
7.76,-46.1048,177.8544,Bay of Bengal,9970.9,-430.4,34.3,26.71,5.75,15.08,12.52,8.39
7.87,71.8228,-56.514,Indian Ocean,443.2,176.4,31.3,26.25,6.98,7.29,1.69,4.73
7.57,72.1306,128.3823,Coral Sea,9268.6,1213.6,39.05,31.44,9.48,23.9,40.77,3.8
8.13,48.1901,147.9226,Coral Sea,8862.8,2866.0,38.26,19.66,6.71,2.68,14.59,1.59
7.77,-27.699,-170.2492,Arabian Sea,9030.8,2483.6,35.73,10.33,5.14,63.32,30.48,4.84
7.75,-89.4876,34.7554,Southern Ocean,7108.1,1913.6,39.56,32.16,5.7,15.23,8.57,2.84
8.48,-1.5842,127.4148,Southern Ocean,6243.2,2263.2,39.32,-0.53,6.85,24.91,30.39,4.59
7.54,4.4268,-22.5145,Arabian Sea,9166.9,619.0,36.41,7.56,4.25,10.15,48.3,7.13
7.69,-2.1684,-158.145,Indian Ocean,8455.4,1904.9,34.0,21.56,4.91,56.07,12.84,9.15
8.01,-72.6316,-42.1477,North Pacific Ocean,10307.3,2496.0,37.82,26.39,1.92,57.81,3.45,9.38
8.06,51.82,-80.8132,Red Sea,9027.8,1842.3,37.4,11.62,4.99,92.87,30.54,1.52
8.21,5.7849,139.3707,Red Sea,3643.7,2467.7,37.36,-0.23,9.87,55.91,10.28,0.65
7.71,-50.0768,59.8103,Coral Sea,1664.2,2139.1,33.1,-0.1,3.28,27.05,26.24,0.74
7.89,82.17,-86.2948,Baltic Sea,1748.8,752.5,35.63,24.86,4.99,29.77,24.89,9.62
7.79,-35.626,109.8974,Norwegian Sea,9427.3,1869.4,32.03,14.19,7.65,3.66,5.05,6.46
8.33,-21.2541,3.1403,Norwegian Sea,8113.2,1214.8,39.16,12.87,3.11,76.99,32.1,6.25
7.86,-17.7469,135.1536,Southern Ocean,10842.1,2647.4,34.7,23.94,9.68,64.79,48.02,9.82
7.76,-17.7436,108.4401,Baltic Sea,9836.9,27.5,39.62,5.67,7.72,23.97,30.09,0.35
8.12,25.6901,59.4896,North Atlantic Ocean,10179.3,2776.8,39.14,16.14,8.3,28.89,16.4,1.67
7.61,-38.901,-138.4834,Norwegian Sea,7504.4,1020.7,38.39,9.61,5.55,26.82,48.26,1.65
8.35,72.6104,36.9179,Baltic Sea,3182.3,1096.2,35.83,13.74,3.46,87.57,35.7,2.51
7.78,13.1051,41.8909,Indian Ocean,5276.9,2288.6,36.92,15.19,8.7,87.03,11.6,0.03
8.32,68.3827,113.6875,Coral Sea,348.5,667.6,36.14,6.09,6.88,68.02,32.88,7.71
8.49,75.129,-113.7862,Arabian Sea,7053.9,-26.9,30.79,2.97,9.43,99.37,4.19,7.87
7.52,48.3672,39.5663,Bering Sea,2562.9,2431.8,36.04,0.32,2.28,96.91,26.99,5.36
7.69,-46.1417,118.0114,Indian Ocean,10161.1,1657.5,31.72,33.89,5.69,94.32,25.37,4.15
8.25,-30.6462,-173.5559,Coral Sea,3781.3,2798.4,36.65,30.47,5.33,27.56,19.4,6.21
7.58,-48.7432,40.5741,Bering Sea,5303.9,2550.3,37.4,8.92,3.7,79.22,49.56,0.73
7.95,-7.7634,113.3194,Baltic Sea,4793.9,-186.5,36.14,-0.74,4.95,96.05,32.68,0.84
7.65,1.9798,-17.7274,Bay of Bengal,5185.6,2214.0,39.82,14.51,1.85,82.21,21.23,8.01
7.97,-29.0553,-111.1973,Arabian Sea,10038.3,549.6,32.43,34.98,8.11,93.64,36.61,9.32
7.51,67.0355,102.2293,South Pacific Ocean,5744.8,1573.6,36.67,16.22,5.29,62.82,11.77,0.4
7.65,-18.8008,-147.6603,South Pacific Ocean,7186.5,826.0,33.68,34.75,1.2,15.01,1.34,2.65
7.77,36.767,12.0422,North Atlantic Ocean,7978.9,2364.4,32.81,22.28,4.36,86.51,37.29,9.16
7.7,60.0965,-177.73,South Atlantic Ocean,8656.8,2611.7,34.14,11.7,7.02,2.22,39.9,9.49
7.86,-61.024,-10.2186,Baltic Sea,1634.2,1062.8,39.96,1.93,6.16,99.2,13.04,3.67
7.64,38.6846,142.8498,Bering Sea,523.6,389.1,36.7,24.46,6.7,67.82,40.81,3.99
8.32,-61.2624,154.8928,Coral Sea,3689.1,764.4,36.53,24.93,3.07,16.73,25.36,2.57
8.02,47.49,-121.2639,South Atlantic Ocean,1056.1,361.1,34.36,1.87,7.68,80.56,47.77,4.23
7.81,12.1247,43.2224,South Pacific Ocean,8057.7,1944.9,33.85,26.85,7.14,13.3,14.75,2.47
7.8,2.5603,-160.0201,Arabian Sea,9413.4,383.9,34.65,-1.73,5.85,13.41,26.43,1.15
7.74,5.4262,65.0078,Bay of Bengal,6501.2,2637.1,36.75,0.75,9.56,93.98,29.55,5.82
8.01,-17.7273,96.0653,Gulf of Mexico,3764.4,262.0,32.82,29.1,9.63,69.07,3.15,6.56
8.03,-81.0654,-15.1007,Gulf of Mexico,3315.0,-346.2,33.15,18.14,3.16,19.4,12.31,8.2
8.49,9.4821,-26.8609,North Atlantic Ocean,5675.8,2547.7,38.43,20.09,6.86,68.0,26.55,5.69
8.13,-85.9564,17.7647,Norwegian Sea,9630.6,795.0,37.85,29.18,4.59,27.5,25.22,3.7
8.03,74.2798,-74.4387,Norwegian Sea,1706.1,270.4,38.15,3.1,4.6,28.89,29.74,4.71
7.54,-45.1691,-6.7811,South Atlantic Ocean,8774.5,1691.8,38.12,21.91,5.93,45.02,6.16,2.58
8.05,26.8043,133.4078,Norwegian Sea,2481.5,2548.4,33.9,23.27,1.02,49.14,8.63,8.16
7.99,10.8517,-139.8868,North Pacific Ocean,2425.1,855.3,35.05,4.55,4.17,72.31,9.15,1.59
8.4,21.0136,18.0131,Arabian Sea,2047.7,73.2,30.25,20.36,7.19,79.26,9.49,8.0
8.22,-31.6259,-65.8375,South Atlantic Ocean,1657.3,1942.6,35.79,30.68,8.89,41.34,31.83,0.31
7.98,-9.0974,93.9434,South Atlantic Ocean,860.2,1324.5,31.63,17.86,5.99,18.05,13.58,1.8
7.73,44.8221,-58.801,Red Sea,9778.2,1594.9,33.64,15.88,3.57,15.51,41.68,0.85
8.21,-19.5866,106.4694,North Pacific Ocean,1193.2,1430.6,38.68,33.49,5.88,87.44,20.71,2.22
7.79,-38.7311,-37.1488,Coral Sea,2598.0,436.1,33.64,31.57,2.41,81.0,33.46,9.73
7.85,-84.4039,42.7547,Gulf of Mexico,8612.9,2628.5,34.82,13.62,2.14,76.54,19.24,0.24
8.19,-4.3263,72.0849,Baltic Sea,949.2,1793.4,33.19,4.15,7.14,77.74,47.41,4.79
7.81,35.0242,-64.4392,South Pacific Ocean,2081.1,1463.3,38.17,15.34,1.9,48.54,12.58,5.22
7.8,-38.0205,-29.0405,Norwegian Sea,2528.0,686.5,32.5,9.99,8.03,72.36,42.28,4.9
7.94,65.8255,123.5104,North Pacific Ocean,7152.1,932.8,30.05,10.2,4.98,78.9,17.97,5.09
8.16,-69.1486,-20.9344,Red Sea,8272.3,1435.4,31.6,23.31,8.96,82.4,41.76,8.02
8.44,-22.8016,-11.3811,South Pacific Ocean,7453.9,1025.9,39.4,14.63,3.36,6.9,5.88,5.84
7.65,43.127,30.3532,Indian Ocean,5604.7,1692.7,32.55,32.21,3.95,38.1,10.06,5.98
7.75,84.5113,101.3634,South Pacific Ocean,10958.8,2577.9,31.94,15.57,9.34,77.51,19.93,5.1
8.49,-21.9882,-154.6259,North Atlantic Ocean,7727.3,2350.5,34.59,5.08,1.11,33.72,3.61,0.37
8.12,43.4377,35.4102,Southern Ocean,3024.1,329.7,32.46,12.02,4.97,18.93,15.86,2.74
7.51,34.5678,131.3069,Gulf of Mexico,9436.8,828.1,33.93,10.5,6.17,56.5,34.86,2.55
8.39,78.6303,-58.6356,Indian Ocean,5926.1,2879.4,31.78,20.39,6.67,10.47,42.72,2.29
7.78,0.1999,66.2492,Coral Sea,9109.0,530.8,38.77,5.96,5.43,65.53,35.49,2.37
8.05,16.1992,-87.2402,Indian Ocean,75.5,137.5,31.67,11.5,6.72,7.79,26.32,0.3
7.87,-60.8075,-140.9956,Caribbean Sea,8360.1,1024.6,31.5,22.46,5.05,15.47,4.7,0.32
7.67,-42.0121,-118.0082,Arabian Sea,6633.9,2675.0,37.85,10.68,5.13,77.01,17.35,9.97
8.1,23.9293,79.8606,Southern Ocean,8156.3,1704.7,36.74,31.84,6.53,7.07,18.2,5.9
7.71,10.8129,32.5472,North Pacific Ocean,7921.8,1918.9,34.51,-0.21,3.02,55.96,16.7,4.95
7.73,-9.7836,-109.8241,Gulf of Mexico,1570.9,388.9,34.2,27.06,7.77,26.12,36.79,2.14
8.3,36.0953,-167.2143,North Atlantic Ocean,8991.6,21.3,31.85,3.8,7.85,56.95,4.22,9.88
8.14,-45.9107,117.9487,Red Sea,243.7,2969.8,38.3,24.4,3.41,18.42,12.75,1.01
8.42,35.8603,72.3027,Caribbean Sea,5013.8,513.7,36.95,31.42,1.24,85.46,44.92,8.02
7.94,-56.1818,-17.4817,Bay of Bengal,2807.5,1991.9,36.03,-1.78,5.3,22.8,17.87,8.7
8.01,-0.9495,-105.7612,Bering Sea,6444.8,1881.3,31.93,8.03,5.93,31.49,38.21,5.89
7.57,-69.5716,167.6222,North Atlantic Ocean,8159.4,-62.5,37.74,28.34,8.98,98.58,22.48,5.09
7.86,3.0982,-44.1048,Bering Sea,10068.7,1554.9,34.25,31.38,5.02,0.9,25.6,4.91
7.55,57.8417,153.645,Bay of Bengal,908.8,-115.5,37.59,10.27,2.62,63.29,47.05,8.41
7.85,-2.9352,-99.9796,North Pacific Ocean,6399.4,889.6,39.0,15.18,5.53,44.84,10.49,9.62
7.91,-30.9721,138.5877,North Atlantic Ocean,3906.4,1346.0,35.0,34.45,9.75,37.99,41.38,9.74
7.67,-65.1689,15.6951,Southern Ocean,2790.4,2235.3,37.5,24.57,8.02,3.39,8.19,0.19
8.36,-25.4103,159.7585,North Atlantic Ocean,902.1,-142.3,32.66,13.06,8.12,98.59,26.79,9.65
7.84,64.2306,-135.41,Coral Sea,2510.0,2768.0,33.58,6.85,9.74,49.73,29.97,8.14
7.55,-19.6002,176.731,Gulf of Mexico,5083.3,-212.4,38.05,0.63,4.45,87.93,27.85,1.62
7.89,-56.719,-107.0215,Indian Ocean,61.1,705.0,30.31,33.77,9.09,18.52,18.36,2.82
8.05,69.9252,-146.3951,Bay of Bengal,6447.1,1145.5,37.73,7.13,1.75,66.8,39.15,7.99
7.98,77.0448,23.2738,South Pacific Ocean,1148.5,718.3,33.4,18.2,3.85,77.46,36.25,1.67
8.06,81.7159,64.9555,Norwegian Sea,6327.3,-185.9,39.87,17.7,7.98,50.74,23.64,3.6
8.38,3.3748,-43.566,Indian Ocean,4150.3,1271.0,39.33,13.71,3.09,58.97,42.84,2.89
7.53,11.1978,71.2254,Indian Ocean,8515.9,372.9,35.35,27.33,6.26,62.3,13.4,1.79
8.29,-35.3651,160.5813,South Atlantic Ocean,4823.6,1837.8,30.85,31.42,5.91,9.88,24.89,5.91
7.88,-29.3635,106.6605,Caribbean Sea,10375.7,2783.8,37.11,9.33,7.62,71.67,9.58,3.71
7.88,2.7449,139.0463,South Pacific Ocean,3586.7,1728.8,30.95,33.2,2.08,28.32,40.19,0.32
8.09,-60.883,143.23,Red Sea,5973.4,-34.9,31.1,33.47,7.23,97.51,11.55,4.21
8.09,83.2145,-72.3037,Indian Ocean,8052.5,972.1,33.44,6.04,6.56,44.41,14.52,8.8
7.61,33.3085,74.5684,South Pacific Ocean,2405.3,-52.0,37.56,10.21,4.79,34.92,23.26,6.78
8.13,-81.5981,89.0422,Caribbean Sea,181.6,1089.1,32.5,26.91,1.94,29.23,11.85,1.13
7.68,-43.5148,-136.2267,North Atlantic Ocean,8636.9,2814.9,39.2,27.44,1.99,62.46,23.88,5.97
7.79,-35.9737,-5.599,Southern Ocean,3225.2,559.3,34.25,32.68,9.38,29.96,38.21,0.07
7.98,-88.1483,56.1609,South Pacific Ocean,1756.2,-244.8,37.47,28.67,1.5,39.46,25.81,0.14
8.17,87.1713,-75.4303,Coral Sea,6518.4,1107.8,31.91,12.3,5.43,6.68,2.61,1.17
8.26,-39.6525,50.0004,Caribbean Sea,4103.1,2564.4,33.28,19.18,2.74,43.41,2.09,7.89
8.22,-80.7063,-161.2033,Bering Sea,2920.7,-19.8,34.16,7.93,4.22,76.74,39.39,2.27
8.02,67.7095,32.5898,Baltic Sea,7777.0,2084.7,32.11,15.49,9.94,35.44,43.88,4.43
7.67,-70.1115,-143.6123,North Pacific Ocean,10645.8,941.6,39.1,25.52,3.92,90.08,41.45,1.17
8.18,-7.9576,65.6392,Bay of Bengal,5795.7,1077.4,38.9,9.21,4.86,85.48,46.75,7.68
8.48,-24.3658,56.3548,Bay of Bengal,8539.7,2177.3,34.04,34.29,8.55,86.64,27.42,8.99
8.32,-75.9616,44.3434,Arabian Sea,9258.3,2907.0,39.64,10.79,2.7,36.35,0.02,8.78
7.93,-84.1356,-87.4073,Baltic Sea,5324.7,509.3,31.07,10.9,3.93,85.62,44.45,2.35
7.96,-41.6088,60.7576,North Pacific Ocean,5566.7,912.6,30.04,33.81,7.54,13.31,7.85,2.41
8.45,-25.2491,-30.7643,Norwegian Sea,7899.1,-292.8,38.0,24.46,5.9,96.37,20.52,9.8
7.57,44.385,13.0232,South Atlantic Ocean,10176.6,731.6,32.15,4.94,8.62,68.44,42.38,7.42
8.09,40.3703,66.2828,North Pacific Ocean,8982.7,336.2,37.63,25.95,2.32,67.26,9.74,0.3
7.64,-6.4224,-46.7342,South Pacific Ocean,8604.1,2119.3,37.28,10.95,5.45,6.81,33.26,5.02
7.58,-52.1631,178.1133,South Atlantic Ocean,8531.4,1919.5,39.2,27.33,9.84,96.97,48.98,6.32
7.78,61.5881,-157.5148,Bering Sea,5172.5,653.6,32.37,3.61,5.21,62.46,16.04,1.95
7.73,26.8647,82.8086,Coral Sea,9467.4,1717.0,39.58,13.83,3.22,24.06,13.41,2.73
7.55,-27.2118,-93.4767,Red Sea,3938.6,2394.6,30.89,17.28,9.45,41.05,25.75,9.71
8.35,66.7601,173.4594,South Pacific Ocean,6686.1,2455.9,38.37,32.99,9.61,80.69,37.56,8.32
8.34,57.2566,11.0283,Bering Sea,1508.3,2270.3,33.99,6.84,8.51,85.81,17.16,0.12
8.18,-89.8921,102.5712,North Atlantic Ocean,7150.5,740.3,30.32,33.85,3.14,2.84,28.52,5.77
8.27,66.4056,-106.9566,Bering Sea,8250.5,1182.9,33.8,10.03,2.13,27.3,6.24,4.09
7.57,5.2938,136.933,North Pacific Ocean,4518.5,1768.6,38.51,20.7,2.06,38.35,34.06,5.51
7.77,76.3947,167.2048,Norwegian Sea,5637.8,819.0,35.82,4.96,4.16,18.58,6.8,7.83
8.09,48.7289,14.0202,North Pacific Ocean,177.2,1825.6,30.03,33.99,9.56,87.15,18.75,0.71
8.39,-63.6654,126.3748,Baltic Sea,9946.9,2228.0,36.31,14.99,4.96,13.04,36.42,7.36
8.21,-28.5918,61.099,Red Sea,8958.7,-167.5,30.98,2.01,9.75,16.89,5.74,7.64
7.52,-33.8944,-92.1422,Red Sea,8070.7,900.9,34.43,30.75,3.98,82.61,29.56,6.2
7.74,36.5264,150.6085,Baltic Sea,746.8,1670.2,31.52,13.98,2.79,77.84,39.71,3.36
7.9,6.9338,100.5356,Red Sea,2403.5,938.2,36.55,23.28,1.9,53.13,49.62,4.63
8.12,-41.3108,140.8656,Bay of Bengal,10879.8,1592.4,39.49,0.52,7.16,60.54,48.72,4.58
8.16,47.0841,-49.377,Indian Ocean,5052.9,1451.8,30.23,30.81,4.75,50.33,10.3,1.73
8.11,27.7051,-16.6946,Arabian Sea,9649.9,2620.3,30.73,6.15,8.03,80.99,41.12,3.55
7.57,52.7689,-76.1775,North Pacific Ocean,7456.6,1363.5,37.75,13.23,6.84,35.73,0.86,6.72
8.26,44.4662,-59.1073,Coral Sea,8911.4,2491.7,30.99,0.2,4.73,94.92,49.59,1.24
8.17,20.4453,-86.0508,Baltic Sea,6708.4,-121.2,39.05,33.06,7.37,79.56,35.77,6.74
7.71,-60.1134,81.812,South Atlantic Ocean,2101.3,1609.6,38.6,2.68,5.9,17.9,20.18,8.73
8.0,-54.9708,-43.5912,South Atlantic Ocean,5656.6,1049.2,39.99,20.78,2.21,25.88,43.24,6.03
7.76,51.7182,83.3906,Bay of Bengal,9249.5,2279.0,32.15,24.1,7.51,52.61,36.15,5.8
8.19,64.1023,62.7933,Bay of Bengal,10012.1,1222.0,37.66,9.15,1.25,33.45,35.89,7.07
7.72,0.3992,19.8595,South Pacific Ocean,7773.7,2173.1,36.67,23.5,5.19,62.08,40.07,3.88
7.52,87.6866,61.831,Caribbean Sea,7386.5,483.4,34.28,23.55,5.97,76.18,3.75,9.49
7.93,-36.8615,19.3016,Caribbean Sea,6922.5,1694.5,33.81,20.31,8.59,95.9,12.35,6.35
7.54,41.7039,79.0247,North Pacific Ocean,6236.7,-382.6,37.5,13.58,5.54,7.28,13.19,9.53
7.54,30.5484,-62.4639,South Pacific Ocean,9790.5,11.8,33.63,2.59,5.95,26.27,13.31,6.65
7.69,44.3659,101.2742,Indian Ocean,8458.9,2137.0,30.31,20.3,5.39,19.77,11.39,2.97
8.22,-15.1357,-72.5285,Indian Ocean,7897.3,-440.0,35.62,0.11,6.2,26.53,27.26,0.69
8.44,-46.0229,172.461,Arabian Sea,4512.9,-488.9,38.82,4.58,7.05,86.43,37.16,1.25
8.01,-17.1249,-40.9564,Gulf of Mexico,5080.9,2798.0,30.41,29.88,2.36,84.17,35.62,0.95
8.18,-55.8561,-175.3199,Southern Ocean,4789.7,-71.1,32.47,-0.25,8.14,18.6,45.87,1.37
7.55,-69.8733,-12.4323,Bering Sea,10983.4,339.8,31.27,8.76,4.57,46.81,36.1,3.9
8.29,33.1657,164.082,Southern Ocean,10138.0,270.7,32.26,15.44,2.62,23.1,33.93,8.59
7.95,87.4471,48.1252,South Atlantic Ocean,1169.2,1244.9,30.95,21.61,7.54,13.95,17.41,2.7
7.98,30.0434,-143.2033,Arabian Sea,5182.7,2913.8,38.67,32.38,7.59,80.07,43.63,6.37
8.3,-65.8016,-141.1183,South Pacific Ocean,2930.4,-244.7,31.96,29.97,5.63,29.41,19.68,7.0
7.62,3.8585,-18.3798,Indian Ocean,3294.1,2573.6,32.2,16.87,3.76,41.7,14.8,7.09
7.96,18.7432,-98.8102,Gulf of Mexico,172.6,1518.6,35.71,18.69,6.78,22.59,30.54,9.9
8.04,42.4165,37.6546,Red Sea,1454.0,1854.5,37.01,25.46,6.31,35.1,46.53,1.88
8.11,49.5735,156.231,Red Sea,6476.1,2236.4,38.14,17.12,6.76,30.82,31.15,4.9
8.21,-54.4194,167.7549,Baltic Sea,7247.8,2542.7,38.46,25.53,7.75,91.73,0.86,2.24
8.13,-31.0786,151.6381,Bay of Bengal,10498.5,2537.9,31.09,28.42,6.43,45.31,26.35,7.98
8.35,7.8052,-73.3765,Norwegian Sea,9078.5,2078.3,32.32,10.66,2.67,39.94,14.99,1.55
8.48,-89.1688,171.5904,North Pacific Ocean,2758.6,758.7,31.1,4.36,1.35,76.05,16.77,3.27
7.52,-54.2925,-69.1247,South Atlantic Ocean,5861.8,2332.4,38.18,9.28,1.9,56.0,20.51,9.0
7.91,82.2654,45.3683,North Pacific Ocean,2159.2,629.0,34.84,12.31,7.34,36.23,48.69,3.96
7.91,-25.6918,140.6016,Coral Sea,5121.3,1769.5,37.08,32.41,8.63,90.8,7.99,2.88
8.25,44.2068,57.1321,North Pacific Ocean,8445.0,1197.0,35.28,0.36,1.03,16.39,1.97,3.83
7.79,-4.9859,178.7646,Baltic Sea,8364.5,2648.6,31.94,29.3,4.43,34.06,22.63,4.3
7.52,89.841,-54.2627,Norwegian Sea,8492.2,-357.1,31.82,17.62,6.94,66.45,31.83,2.76
7.57,72.2644,-137.0012,South Atlantic Ocean,2279.5,824.7,30.82,1.86,8.99,66.97,11.72,4.68
8.42,-38.4074,-100.6895,Norwegian Sea,4654.2,-493.9,35.15,5.74,1.43,94.02,39.09,1.88
8.42,54.4755,-113.7106,Baltic Sea,7740.9,569.6,30.88,8.28,6.9,40.98,8.62,9.88
7.76,9.4067,145.2955,Baltic Sea,1145.2,-352.1,33.51,13.93,4.98,46.4,24.82,5.17
8.44,-34.9989,-12.2926,North Pacific Ocean,3682.6,-35.7,35.67,34.18,1.83,11.56,21.49,8.73
8.38,2.7552,5.675,Red Sea,6687.7,285.4,38.07,1.53,8.16,4.76,28.29,3.13
8.19,-29.9873,-117.7303,North Atlantic Ocean,5650.3,422.9,39.41,-1.47,7.37,29.78,42.16,8.55
7.74,-57.4616,-102.8608,Red Sea,802.9,-228.2,32.41,13.43,2.39,1.26,34.93,3.36
7.62,-5.8283,107.8575,South Pacific Ocean,7876.8,2715.5,33.54,-1.59,8.17,23.91,34.94,1.74
7.67,-13.5177,65.8386,Indian Ocean,4123.5,111.5,32.8,1.53,9.25,27.07,29.68,5.38
7.7,-33.3407,-61.4638,Bering Sea,10271.3,38.1,30.66,12.15,2.72,50.45,47.26,9.35
8.31,21.4042,106.3732,Caribbean Sea,3025.5,1519.2,35.78,20.55,6.2,22.04,28.42,4.75
7.82,-66.901,-160.6653,Coral Sea,10786.1,1327.7,37.65,14.16,2.8,56.11,44.57,7.67
8.18,85.1924,-154.5578,Coral Sea,9654.3,1483.9,38.83,10.67,4.56,25.39,33.33,5.16
8.27,-51.8234,-148.1359,Gulf of Mexico,8148.1,138.4,34.83,23.66,1.63,51.78,12.84,8.85
7.93,20.2792,73.2517,Bering Sea,2427.4,1266.2,32.05,16.96,8.22,59.47,31.94,2.76
7.71,-17.677,34.5121,Norwegian Sea,7358.2,-489.6,38.26,3.65,1.13,55.55,42.95,8.9
7.97,-88.2357,130.2367,Indian Ocean,1693.5,1040.3,37.13,13.22,8.1,58.4,32.47,2.24
7.63,-51.7412,168.7019,Southern Ocean,6620.9,1818.2,37.61,32.9,1.58,69.21,19.23,6.97
8.32,9.2114,-57.2347,Arabian Sea,7671.9,630.5,31.04,18.38,6.55,16.15,48.48,4.37
8.31,-27.16,46.3554,South Pacific Ocean,3637.9,-485.8,34.7,9.57,6.54,26.49,28.85,7.34
8.43,60.5435,133.3557,Bering Sea,10935.1,1890.2,30.12,6.93,5.96,67.32,31.68,9.15
8.31,31.1338,-96.0459,Indian Ocean,961.4,375.0,39.36,9.03,2.1,67.92,44.79,0.16
8.15,-61.8054,-145.5819,Baltic Sea,6614.6,1461.4,34.85,27.42,9.93,30.47,47.25,2.54
7.88,78.3408,173.817,Caribbean Sea,7929.8,155.1,31.23,19.49,8.83,53.13,6.4,7.92
8.0,-46.548,143.8133,North Pacific Ocean,1581.9,779.6,36.06,4.91,4.22,38.22,21.74,3.45
7.69,-79.0683,39.6081,Baltic Sea,9898.1,1916.6,38.1,4.57,5.52,76.73,21.22,2.59
8.17,-2.5047,-176.294,Bering Sea,6192.4,1951.6,31.95,3.69,5.39,55.36,3.56,1.71
8.33,-11.1918,-98.5673,Bering Sea,10601.6,478.0,36.87,27.34,4.68,45.66,6.34,6.98
8.2,-1.6104,70.4398,North Atlantic Ocean,5086.6,2815.3,31.19,27.15,8.31,79.03,27.61,3.75
8.46,-76.992,-50.3991,Arabian Sea,10381.8,1860.7,36.57,8.13,5.95,58.16,32.35,9.15
8.47,-36.5761,24.7953,Coral Sea,6257.3,1712.5,37.01,10.38,4.01,23.23,20.78,7.79
8.2,75.9253,-159.9805,Bay of Bengal,2417.1,2648.0,36.03,27.3,8.9,18.34,49.43,5.06
8.25,53.2351,17.5155,Coral Sea,4855.2,496.9,39.27,30.09,7.32,41.83,15.32,1.99
7.83,-63.4056,-128.3114,Caribbean Sea,4916.1,-234.1,34.55,6.96,9.15,28.65,39.33,0.53
7.55,-38.1318,-142.0224,Baltic Sea,9732.9,1594.5,34.86,7.64,7.9,5.31,19.81,2.38
8.36,44.4773,-3.8643,Baltic Sea,5765.9,87.0,31.4,11.57,1.21,87.93,32.29,9.37
8.19,64.4294,4.7392,Bering Sea,8949.7,527.3,34.09,27.63,9.69,0.56,46.16,9.52
8.46,-64.7456,144.2975,Coral Sea,9026.8,685.0,37.67,0.53,6.93,33.07,25.31,9.74
7.5,17.39,175.8928,Bering Sea,5582.4,2887.4,30.15,29.1,3.19,23.88,40.94,2.97
8.22,-10.9757,-140.8813,Norwegian Sea,1095.9,2429.7,32.56,27.51,4.63,61.21,35.27,6.05
7.77,-2.5585,-66.3346,Red Sea,8860.0,1531.6,33.46,12.13,6.78,89.25,22.92,7.9
7.94,52.7286,84.9049,Bay of Bengal,10339.3,2343.2,39.97,7.63,1.59,54.81,44.47,1.99
7.95,16.7766,56.7197,Bay of Bengal,10737.5,1172.7,39.9,8.45,5.07,45.06,14.0,3.42
7.54,10.2837,-150.8825,Norwegian Sea,2873.0,825.8,35.13,23.97,7.25,94.63,3.11,5.81
8.35,-21.568,-158.8385,Indian Ocean,1577.7,-401.2,36.77,19.12,1.72,15.13,34.2,0.17
7.59,-31.8769,-30.6872,Coral Sea,1610.4,2537.7,33.97,16.37,2.08,81.07,38.17,5.73
8.45,41.2935,-1.1576,South Pacific Ocean,7513.9,1662.5,30.18,25.87,7.99,18.76,24.58,0.56
8.07,74.6888,26.0238,Bering Sea,10366.2,222.4,33.63,10.05,6.59,45.61,26.86,3.43
7.77,-85.4103,49.8849,Red Sea,908.7,2640.2,30.93,24.71,7.41,76.86,20.25,8.04
8.14,-4.2969,-6.5182,Caribbean Sea,5084.5,442.9,31.22,19.09,7.14,25.56,41.79,4.66
8.43,12.0512,78.4927,Norwegian Sea,7865.2,2050.6,31.94,1.66,6.03,66.02,15.1,9.85
8.28,-38.9364,-137.8272,Caribbean Sea,8898.7,2185.2,39.33,32.05,1.34,52.54,23.97,7.58
7.67,-74.1346,87.0706,Norwegian Sea,5026.2,2315.0,36.94,28.27,4.91,40.71,28.99,6.12
7.81,-59.6864,42.9328,Bering Sea,51.2,2244.3,37.44,3.97,3.99,32.43,25.36,2.47
7.61,37.2852,-176.6622,Arabian Sea,1443.9,2025.1,31.97,1.37,9.13,93.62,46.14,0.87
8.23,-50.6515,-10.2241,Coral Sea,882.6,1539.2,37.81,8.56,5.3,72.66,40.28,9.34
7.7,-18.438,-53.44,Norwegian Sea,5858.3,1289.4,34.9,-0.54,7.88,2.85,41.48,0.3
8.25,-87.1539,-88.7378,Bay of Bengal,7889.3,-175.5,38.62,31.17,3.46,30.38,16.57,6.81
7.63,-59.3676,-160.1523,North Pacific Ocean,8190.0,-431.4,33.61,26.28,7.6,21.28,25.24,3.87
8.26,56.9436,171.8406,Bering Sea,3615.1,-87.8,31.93,32.01,3.73,41.51,17.57,9.58
8.01,4.7677,-79.2848,Bay of Bengal,2468.5,1911.4,39.71,7.41,2.51,38.33,47.5,4.06
8.34,-72.3871,-15.044,Coral Sea,5364.6,-384.3,37.84,-0.25,8.81,30.78,40.23,5.35
8.02,-75.0842,-146.0812,North Atlantic Ocean,5463.8,1189.1,39.83,2.25,6.36,29.13,32.44,7.17
7.75,75.7483,106.8782,Arabian Sea,9581.3,186.6,38.87,2.16,5.17,94.4,1.67,5.36
8.18,-23.1116,-171.4623,Red Sea,9439.3,93.0,36.95,-1.55,7.53,90.47,12.71,7.29
7.8,48.0069,32.3973,Bering Sea,1832.9,515.7,33.84,3.57,9.61,65.83,11.27,0.07
7.59,-11.3972,-80.4234,Bay of Bengal,764.7,1597.9,36.18,7.29,8.44,47.56,1.69,7.58
8.33,-67.6974,-55.668,Bay of Bengal,4892.0,812.6,35.93,19.64,1.12,27.35,12.82,7.22
8.23,4.5483,8.9794,Arabian Sea,6412.0,731.1,31.14,34.62,6.07,46.55,47.2,6.48
7.56,-72.119,-11.2067,Gulf of Mexico,10293.4,275.8,35.39,30.37,1.34,13.54,11.73,1.06
8.43,65.3576,-32.0983,Southern Ocean,9700.4,1157.0,37.18,8.29,5.19,27.02,44.62,2.22
7.7,-81.1342,45.5161,South Pacific Ocean,8935.2,2245.3,30.6,32.37,5.57,79.36,20.86,7.91
8.24,36.0086,17.4221,Indian Ocean,10440.1,835.8,37.84,31.96,2.51,66.39,16.57,6.99
7.52,85.946,-60.8079,Red Sea,7737.0,-10.8,31.5,20.67,8.76,64.03,33.17,0.3
7.98,69.4385,-112.115,Gulf of Mexico,1759.3,1503.7,35.91,24.3,3.74,86.86,45.11,1.8
7.76,73.1441,-123.8276,Bering Sea,9760.3,2349.7,30.12,3.2,2.79,77.71,33.61,1.11
8.06,-43.9964,-166.7907,Arabian Sea,7699.9,1526.9,35.44,21.78,3.02,5.88,42.02,3.14
7.77,-5.8338,-19.784,South Pacific Ocean,8452.9,-348.4,30.51,30.72,1.96,96.86,6.22,0.44
8.0,-48.3356,-117.0886,North Pacific Ocean,6056.0,1316.8,30.18,13.03,6.35,71.59,39.66,4.79
7.51,33.9299,137.5853,South Atlantic Ocean,8997.2,244.9,35.79,13.83,8.47,86.88,8.33,2.23
8.41,27.9897,-27.8993,Caribbean Sea,1092.1,1215.8,32.14,-1.47,7.12,19.1,42.96,1.03
8.31,-36.6484,45.5465,Arabian Sea,7719.3,640.6,35.7,28.21,3.71,82.6,46.75,5.09
7.52,-16.2659,-67.7622,South Pacific Ocean,4768.9,248.0,36.68,20.32,4.93,9.26,10.13,1.6
8.49,-21.5266,-86.6433,Bering Sea,2132.1,557.8,35.0,28.26,4.03,11.0,7.26,6.7
8.43,35.5603,113.849,Southern Ocean,4421.7,-111.8,31.03,9.58,9.17,21.23,26.46,3.1
8.16,-86.6227,-47.0407,Norwegian Sea,9473.2,1935.6,37.52,4.93,4.14,49.63,22.04,5.04
7.89,76.5522,-145.6721,Gulf of Mexico,2520.4,295.0,33.84,27.2,4.41,88.9,39.42,6.77
8.38,-64.5923,-63.5447,Southern Ocean,7057.6,-89.5,37.26,15.06,2.45,22.22,22.83,6.94
8.36,-33.2775,-137.155,Baltic Sea,8384.6,2267.9,36.28,14.24,6.8,2.55,20.12,0.56
7.92,-81.5416,-13.2125,Bay of Bengal,3614.5,-424.6,33.22,32.69,5.08,18.31,43.38,5.56
8.2,-10.9498,-74.653,Norwegian Sea,2913.6,1282.5,39.5,22.46,6.43,62.47,18.94,5.53
8.31,42.7444,115.3118,Arabian Sea,7598.4,916.1,36.13,18.39,7.37,49.69,40.04,9.09
8.32,51.19,-156.4769,Norwegian Sea,973.7,355.0,31.95,23.37,9.41,69.47,39.83,4.17
8.47,-24.8759,174.4139,South Pacific Ocean,6127.3,889.7,32.34,11.19,6.64,2.25,25.75,4.76
8.3,-21.2481,106.3873,Indian Ocean,9658.4,291.6,32.55,15.53,4.46,12.28,20.09,3.77
8.05,-28.8582,59.9219,Red Sea,6640.5,-66.9,38.27,5.61,9.78,9.98,15.69,1.03
8.3,-50.444,-160.9039,Baltic Sea,4127.3,1001.6,36.85,26.44,7.79,66.04,28.23,9.22
7.8,38.6174,172.7399,Southern Ocean,8479.4,2614.9,30.99,6.45,6.18,71.01,35.83,3.72
7.75,70.8438,93.9653,Coral Sea,4018.2,1567.5,34.76,20.56,5.24,43.75,19.27,7.68
7.8,-16.8084,-17.4486,North Pacific Ocean,2765.8,1457.4,36.83,23.55,1.25,49.61,47.83,7.34
8.04,39.6721,118.3476,Norwegian Sea,965.7,1849.3,35.16,19.23,8.14,19.2,31.57,7.93
8.09,-1.9737,-58.1754,North Pacific Ocean,9555.2,1074.7,31.79,10.88,6.97,12.49,5.94,3.55
7.82,-66.9121,-32.9636,Bay of Bengal,7066.4,2477.3,31.43,31.62,4.57,52.5,43.41,7.33
7.98,2.1244,61.8664,North Pacific Ocean,5207.8,636.2,39.8,33.26,2.23,17.17,33.04,4.85
8.08,-41.9208,152.0122,Gulf of Mexico,7086.1,648.3,32.31,28.54,9.68,71.36,19.78,4.28
7.78,30.4594,150.9933,South Pacific Ocean,1773.9,327.0,30.41,27.14,2.64,53.99,42.93,4.24
7.56,-9.1447,-94.9783,Norwegian Sea,295.1,-196.2,34.28,15.92,1.14,69.5,28.28,2.9
7.61,31.8925,51.1184,South Atlantic Ocean,8857.1,636.9,38.49,6.42,8.0,39.12,11.81,2.14
8.11,-3.3736,138.3713,Gulf of Mexico,9939.0,2409.4,36.67,-1.19,4.1,0.42,10.55,1.08
8.42,47.0201,-142.6278,Arabian Sea,1104.7,2240.4,32.26,28.94,3.6,36.99,39.95,9.6
7.95,89.5047,-113.1334,Caribbean Sea,4680.8,2690.0,34.09,25.64,5.98,49.84,29.55,2.33
8.01,64.8468,103.0458,Red Sea,9950.9,1553.1,35.94,9.88,1.89,59.18,45.35,6.12
7.54,37.2966,22.4189,Arabian Sea,8913.3,237.5,36.17,12.05,8.94,38.24,7.11,8.68
8.45,-45.8365,-159.6856,Indian Ocean,4434.2,472.5,36.66,5.73,4.81,24.62,8.11,7.09
8.36,12.5458,12.4414,Bering Sea,1049.2,275.9,36.95,20.76,6.54,9.83,37.75,3.92
7.99,24.0135,151.7342,Norwegian Sea,3552.3,-304.2,30.69,11.93,1.77,23.04,22.87,8.07
8.38,41.8409,-114.1542,South Pacific Ocean,8936.2,1239.1,31.21,12.3,5.52,9.75,4.75,0.84
7.94,-55.1422,-155.3609,Norwegian Sea,2598.8,2008.3,31.9,13.92,7.95,41.36,25.72,9.04
7.96,3.0434,160.7167,Southern Ocean,10236.6,2054.2,32.61,22.97,1.43,70.94,49.85,9.63
8.18,-6.7583,-43.2596,South Atlantic Ocean,4006.7,2197.0,33.59,27.58,9.38,54.94,11.83,8.39
7.82,-42.7126,99.4686,Red Sea,9380.2,-118.3,37.39,7.17,5.92,46.51,14.86,1.22
8.38,7.0149,38.2992,South Atlantic Ocean,4693.9,915.7,36.78,5.85,2.74,19.17,8.35,5.39
7.71,73.6301,-112.584,Red Sea,5862.3,1827.5,39.68,13.23,4.89,86.54,23.97,3.89
8.46,48.4303,-107.4016,Caribbean Sea,8759.6,33.9,35.43,17.95,6.33,57.96,38.6,6.38
8.43,10.4189,87.359,Coral Sea,3469.8,1274.6,33.26,20.15,1.51,60.22,42.66,4.22
7.85,41.3472,48.4174,Indian Ocean,120.1,688.9,36.58,5.45,7.43,59.6,0.93,7.48
8.16,51.9994,-174.6327,Caribbean Sea,1914.4,1317.1,35.3,25.97,3.13,32.16,13.93,3.18
8.0,40.1322,-1.7202,South Atlantic Ocean,4132.3,2756.9,33.49,3.7,7.0,18.95,32.23,9.03
8.08,64.9143,150.7729,Bering Sea,10512.2,1604.2,31.35,22.91,2.75,68.13,29.04,6.81
7.67,49.8578,11.6999,South Atlantic Ocean,10196.6,1764.8,31.36,23.85,6.41,49.3,11.63,1.22
8.25,58.9955,-169.9318,Arabian Sea,10552.4,-370.5,33.26,1.21,5.27,39.49,20.68,7.88
8.01,3.442,-3.845,Norwegian Sea,9715.1,1436.9,34.1,-1.79,8.33,74.94,14.39,4.01
7.6,0.5459,-163.7119,South Pacific Ocean,8363.5,-16.0,39.18,4.65,7.21,12.19,5.22,2.57
8.3,-25.5282,-16.9877,North Pacific Ocean,161.5,2043.6,34.19,25.3,8.71,33.71,16.9,2.35
8.4,-1.2159,85.4015,North Atlantic Ocean,4855.8,1841.0,34.3,11.19,3.98,12.13,41.48,0.31
7.51,35.4845,-132.8345,Baltic Sea,10641.1,55.2,35.55,26.13,2.14,6.59,15.65,3.08
8.31,-34.0088,-57.2398,Coral Sea,1222.1,690.9,34.47,29.22,1.88,99.34,41.31,4.37
8.07,-49.8208,-108.3588,Bering Sea,8026.6,1700.4,34.01,21.36,9.68,46.65,43.11,6.45
7.55,68.5869,-38.3238,South Pacific Ocean,8166.8,706.8,38.25,6.87,9.89,69.77,3.78,5.44
7.95,-85.0835,-126.1559,Gulf of Mexico,2358.6,241.2,36.18,27.11,1.03,37.04,1.04,5.67
7.92,78.2457,-82.1224,Baltic Sea,10211.4,151.8,36.19,3.64,5.39,63.32,17.31,1.02
7.69,63.0921,-131.5685,Red Sea,2360.4,1181.4,33.72,34.56,2.9,60.82,40.25,1.46
7.86,28.5649,-31.524,North Atlantic Ocean,10380.0,770.0,34.05,25.24,6.48,99.69,4.84,6.24
8.0,46.7461,-10.2357,North Pacific Ocean,6607.0,652.0,35.76,3.91,2.48,0.53,4.93,6.57
8.05,17.9555,31.3415,South Atlantic Ocean,90.4,2910.3,30.29,10.11,3.28,67.49,36.26,7.42
7.65,13.1331,92.3682,Bay of Bengal,6726.9,1307.7,35.57,8.74,6.08,47.81,22.4,9.59
8.09,26.7866,-142.591,Bay of Bengal,6108.9,1334.7,30.03,25.54,6.31,78.16,20.88,0.45
7.76,-89.0364,132.923,North Atlantic Ocean,7214.1,2351.2,39.74,33.66,8.01,58.32,19.63,4.37
7.66,60.2078,71.8856,Bering Sea,5754.4,1289.8,37.71,-0.55,3.1,34.7,10.94,7.3
7.83,56.9258,-141.1396,Arabian Sea,6539.1,-367.0,34.4,10.24,8.88,9.49,11.84,8.94
8.14,-2.4561,-43.3684,Gulf of Mexico,6513.6,2224.1,34.16,15.33,3.81,23.21,1.21,6.5
8.46,-47.3517,-43.8788,Bay of Bengal,9118.9,2050.4,37.9,16.27,4.72,41.95,26.73,7.74
8.32,-29.8258,73.4894,Red Sea,7271.4,902.2,37.66,27.91,8.86,26.85,39.41,4.28
8.37,-13.1193,-126.0654,North Atlantic Ocean,3029.1,-281.1,33.48,15.38,6.32,15.02,37.59,9.5
7.72,-61.3779,-157.8645,North Atlantic Ocean,537.2,18.5,36.05,31.15,1.74,5.86,6.55,5.5
7.96,19.4504,-170.991,Indian Ocean,4440.0,2716.1,39.05,19.41,9.75,36.92,39.34,3.57
7.95,-62.6713,132.2727,Caribbean Sea,7195.7,1711.5,39.49,11.94,4.24,81.43,49.0,1.15
7.96,32.9923,42.7731,Baltic Sea,2472.6,2304.9,39.2,1.09,7.11,38.6,22.73,8.13
7.7,11.4934,-172.5884,North Pacific Ocean,10697.7,153.6,30.84,19.09,9.14,23.23,26.49,5.19
8.34,60.4467,157.3281,North Atlantic Ocean,10864.7,1291.2,36.47,14.84,4.13,55.36,8.54,0.91
7.83,-18.3419,-140.9787,North Atlantic Ocean,5013.4,1371.5,32.37,22.11,9.16,92.49,26.02,7.47
7.97,73.0539,89.5252,South Pacific Ocean,10597.3,762.6,35.78,12.96,6.08,68.66,28.93,0.49
7.86,27.5324,127.6842,Red Sea,8185.4,1126.1,30.35,15.26,1.03,61.58,39.94,3.23
7.85,-89.8548,53.9202,Baltic Sea,7217.5,1460.8,38.67,23.34,1.67,49.68,24.89,2.72
8.11,-11.2767,-154.4686,Bering Sea,8351.0,-279.7,37.82,33.27,6.14,7.92,10.5,9.9
8.49,84.0564,24.0347,North Pacific Ocean,7503.7,1602.5,32.72,23.24,8.66,90.64,42.32,5.42
8.38,82.917,-16.9582,Norwegian Sea,9118.5,-316.8,35.9,16.09,3.81,15.15,25.31,4.13
8.43,12.8832,93.2351,Gulf of Mexico,252.6,2564.9,39.69,28.34,6.04,19.89,32.75,3.8
7.93,29.1746,-83.2451,Red Sea,9918.9,1017.8,39.54,9.28,4.59,19.28,46.27,6.44
7.69,-47.3913,70.3624,South Atlantic Ocean,2666.7,1203.4,37.1,21.99,2.23,64.07,44.24,0.55
7.51,-32.1649,-107.0578,Coral Sea,6011.1,489.6,32.4,8.14,6.11,13.2,26.15,7.51
7.54,-18.8119,75.146,Baltic Sea,9401.8,2905.2,36.07,16.57,6.9,30.52,15.58,3.33
8.23,-15.5534,-85.5573,Red Sea,3656.8,631.6,34.79,6.32,9.06,18.45,39.48,1.15
7.86,37.2429,175.303,Caribbean Sea,10858.8,922.4,36.57,4.0,6.89,85.94,9.17,9.38
8.15,-76.3042,153.3095,Caribbean Sea,2093.0,1302.9,38.9,18.85,9.44,4.21,35.38,6.69
8.05,-81.762,2.7648,Indian Ocean,2320.1,1965.1,37.21,1.25,9.21,15.57,34.39,5.54
8.48,3.7047,72.5715,South Pacific Ocean,5572.3,634.1,30.13,12.64,9.37,0.54,39.63,4.61
8.21,14.1359,113.321,North Atlantic Ocean,849.1,2886.6,34.14,31.63,4.19,59.29,37.13,8.41
8.48,-20.2578,65.8161,Caribbean Sea,176.9,1008.9,30.9,24.65,1.74,34.99,5.53,6.95
7.8,44.4458,112.9009,Southern Ocean,7313.5,397.7,30.6,3.12,9.53,79.45,16.36,9.01
7.83,-59.6873,-68.9089,Caribbean Sea,5059.3,636.3,31.89,23.96,6.2,14.04,23.08,0.26
8.01,88.3689,-136.2647,Arabian Sea,7817.7,2306.0,38.85,5.65,2.83,64.95,4.44,9.95
8.0,-26.9103,-135.5149,Coral Sea,10511.1,1235.9,38.15,26.92,2.7,66.83,6.56,1.66
8.02,-30.3118,51.9198,Baltic Sea,10373.6,1028.0,35.48,21.41,6.02,14.14,1.48,3.77
8.35,-19.2005,-10.899,Indian Ocean,8230.0,-404.0,38.36,15.63,8.35,22.98,8.62,5.42
8.21,60.603,114.738,Baltic Sea,4745.4,2508.4,39.0,6.96,2.33,8.93,8.45,9.1
7.68,-50.3408,-158.9057,Gulf of Mexico,5009.8,1770.2,30.86,15.08,1.64,44.65,2.41,5.12
8.09,-7.8737,16.3624,Indian Ocean,5079.7,2794.3,39.04,15.97,6.94,80.09,5.45,2.74
7.68,-42.134,-122.8326,Coral Sea,9440.0,-217.8,30.22,25.97,5.63,1.23,46.16,1.78
7.92,-82.3646,73.6476,Arabian Sea,8980.8,2224.5,38.42,14.65,7.16,44.14,18.17,7.93
8.41,-23.8997,-63.2707,Coral Sea,7763.3,1990.2,35.76,15.46,6.23,90.01,31.54,5.17
7.57,-76.3235,-94.2903,Norwegian Sea,7180.8,1356.4,30.25,29.89,7.87,84.01,28.76,9.16
8.46,84.6494,-177.088,Norwegian Sea,3075.8,132.1,33.62,31.99,8.6,1.78,11.0,2.34
7.72,-64.6614,4.2206,Arabian Sea,5787.4,-315.4,31.02,22.38,5.11,75.22,1.86,0.5
7.68,87.2001,37.0855,Red Sea,3733.8,861.0,35.19,4.23,6.71,20.53,17.35,0.96
7.98,-7.1842,71.3665,Coral Sea,6351.8,2244.7,34.08,5.55,7.29,21.7,43.05,9.78
8.39,-60.1566,175.3296,South Pacific Ocean,10064.7,767.8,31.85,22.24,3.58,57.42,46.64,3.27
7.69,-42.167,23.5827,Red Sea,6072.8,2339.4,38.05,18.04,8.68,65.2,12.48,4.56
7.51,-20.3349,54.8199,Indian Ocean,10974.7,2738.9,35.64,29.47,2.66,53.27,46.01,3.53
7.92,32.1174,33.159,Bering Sea,5491.9,822.9,37.69,27.78,8.21,92.9,33.88,7.37
8.07,38.4556,67.8004,South Pacific Ocean,1881.5,1028.9,33.65,32.19,1.55,58.41,11.56,9.8
8.25,-50.7301,151.8458,Caribbean Sea,10774.6,354.1,34.92,2.63,1.86,63.39,28.91,9.23
7.56,-54.4658,167.7265,Indian Ocean,1872.4,765.1,32.44,11.61,7.75,69.03,46.68,2.97
8.02,74.3932,29.2427,Baltic Sea,6342.9,974.2,30.06,4.01,6.83,41.92,43.83,9.78
7.67,-8.6176,31.8469,Norwegian Sea,7991.2,2703.5,39.5,18.19,1.49,43.32,10.68,4.37
7.93,-25.3795,118.7052,Bering Sea,5325.2,308.6,38.81,0.19,8.44,76.38,47.0,4.47
8.47,22.7018,-174.3133,Southern Ocean,469.3,2219.1,30.78,22.13,2.85,67.88,30.56,5.36
8.48,8.802,-110.5652,Red Sea,6921.8,782.2,31.95,32.39,8.26,65.55,17.43,2.46
8.49,70.9993,-116.9244,Caribbean Sea,10845.2,-496.6,37.17,34.01,5.96,28.88,19.79,3.87
7.86,-61.4739,-154.01,South Pacific Ocean,7504.6,2020.3,32.69,29.63,1.15,33.47,37.01,8.28
8.2,-8.734,-50.4764,Coral Sea,6731.0,718.1,36.78,2.33,3.17,11.33,40.43,8.97
8.37,-54.0879,90.7327,North Atlantic Ocean,6492.1,669.3,32.77,14.59,8.53,69.98,48.97,9.91
8.01,-70.8136,34.3621,North Atlantic Ocean,3971.6,2882.2,32.35,21.05,2.07,43.54,24.55,9.41
7.97,-38.1083,-83.662,Red Sea,3165.1,-17.6,31.3,12.75,9.4,35.38,15.54,1.64
8.22,-77.8266,141.0154,Red Sea,8021.0,837.5,31.58,-1.34,5.24,23.78,10.94,4.01
8.0,18.461,-67.5389,North Pacific Ocean,3216.2,2688.8,38.58,13.83,1.86,16.85,6.67,2.54
8.08,63.2781,8.3775,South Atlantic Ocean,10040.0,2523.9,39.1,26.31,1.17,70.81,34.13,6.48
7.95,-35.6051,-164.4854,Indian Ocean,2125.9,2163.7,36.83,-0.32,9.61,50.83,3.68,9.22
8.23,23.9185,122.7328,Caribbean Sea,10710.8,-97.8,37.38,0.87,2.45,75.03,5.06,1.48
8.35,-66.6377,171.8345,Caribbean Sea,4825.3,1471.6,39.28,18.31,8.17,59.71,23.18,4.03
7.95,-47.7357,140.8382,Indian Ocean,1047.7,2120.6,35.72,10.78,7.43,87.9,24.53,1.09
7.99,31.6535,-32.8992,Indian Ocean,431.4,1355.4,31.02,18.25,4.5,86.0,17.46,5.51
8.42,75.4997,-123.5149,Gulf of Mexico,9143.9,325.6,39.91,13.85,9.17,58.51,49.33,7.07
8.06,-86.5746,-71.0471,Bay of Bengal,5690.7,2197.7,36.67,6.49,6.15,92.09,8.17,8.89
7.97,25.6944,149.8431,South Pacific Ocean,2149.2,1514.6,39.23,21.84,1.86,94.76,10.53,5.19
8.47,36.8269,170.6299,South Atlantic Ocean,2908.9,521.9,31.89,33.03,2.96,12.6,22.16,3.55
7.57,17.5467,-158.4422,Bering Sea,1078.4,2575.8,39.64,19.86,7.3,97.29,49.35,7.82
8.12,-13.0464,-132.3703,Coral Sea,2837.6,-337.5,39.28,23.02,4.17,76.57,11.28,9.67
7.53,87.8474,115.5822,South Pacific Ocean,885.8,1536.7,30.7,11.88,9.18,62.56,5.61,6.12
7.95,-40.9029,-118.1384,North Atlantic Ocean,4573.5,1495.9,30.57,27.18,6.52,92.98,37.77,9.88
7.82,-6.0443,-40.7441,Bay of Bengal,5230.7,1261.7,31.62,-0.53,8.85,79.46,9.98,8.08
7.93,31.2689,-166.868,Norwegian Sea,6162.2,2937.8,31.88,12.85,6.56,85.43,7.52,9.92
8.4,-89.9898,-105.3046,South Atlantic Ocean,6250.6,694.5,32.97,24.43,6.33,18.09,28.56,8.5
8.01,-24.9904,-116.2539,Indian Ocean,3313.7,816.8,37.87,0.76,3.56,42.01,7.0,6.43
8.08,-19.265,113.894,South Pacific Ocean,9583.9,1363.3,31.2,32.24,3.06,37.22,46.72,3.22
7.83,-88.0998,-158.4801,Norwegian Sea,3495.5,2442.9,30.71,30.09,1.35,25.73,2.02,4.37
8.49,-85.2909,34.5273,South Atlantic Ocean,6401.4,1213.1,35.52,25.65,1.87,25.04,1.23,6.88
8.47,87.9451,30.3523,Arabian Sea,3452.4,2075.0,35.51,6.47,8.32,17.11,43.1,0.22
8.37,-70.386,161.6819,Red Sea,9103.9,2535.6,36.22,0.54,7.73,59.79,28.92,3.56
8.21,-47.4782,-144.0462,South Atlantic Ocean,10976.0,783.7,37.61,14.12,1.46,66.0,45.3,9.77
7.93,-65.0477,51.0724,Bering Sea,1876.9,2781.5,30.91,11.66,3.13,97.21,19.2,1.77
7.63,2.4624,93.5732,North Atlantic Ocean,10504.7,1760.6,35.84,0.52,7.8,99.67,49.39,8.84
8.41,42.4885,-177.0582,Red Sea,782.0,2951.8,34.83,19.2,1.67,51.04,8.9,8.29
8.03,-76.1441,53.1446,Red Sea,8855.9,-473.5,33.65,33.7,3.58,69.23,7.1,8.78
8.06,15.4796,-138.689,North Atlantic Ocean,10374.8,1151.7,30.94,24.15,3.05,51.15,0.87,0.27
7.6,-26.4552,46.8626,South Atlantic Ocean,7163.0,-422.6,35.3,30.82,7.91,12.14,16.02,5.6
8.29,-1.6995,-76.7578,North Pacific Ocean,3597.4,861.6,30.35,-0.76,5.33,82.15,31.74,7.05
8.05,-42.1237,-140.5659,Norwegian Sea,2138.6,2222.3,39.72,6.4,8.05,38.78,9.97,8.0
7.76,65.4701,-15.9163,Caribbean Sea,9014.5,1471.5,38.84,25.48,3.4,37.41,40.68,5.14
7.67,-8.574,44.3775,Gulf of Mexico,1076.6,1389.6,38.97,24.32,7.26,64.47,1.97,7.51
8.11,-61.1081,-65.8959,Bering Sea,5266.5,273.6,32.93,1.86,5.57,71.9,41.89,9.93
8.36,52.5265,9.8474,Bering Sea,8774.0,2330.5,31.73,34.26,8.74,70.3,3.08,9.13
8.03,45.3291,-47.0361,Bering Sea,9088.1,2300.0,30.97,10.12,9.7,63.38,27.52,9.69
8.36,-2.7162,158.1661,Gulf of Mexico,3846.0,110.0,34.49,9.63,1.18,70.36,4.5,5.72
7.69,39.9001,34.5292,Southern Ocean,5785.8,-355.6,30.43,19.01,1.22,55.28,23.25,7.0
8.05,18.3744,-63.0783,Bering Sea,1627.3,2799.3,37.6,29.95,9.13,33.62,11.23,5.66
7.94,-60.3295,-101.83,Arabian Sea,6321.4,2077.0,35.03,16.17,3.25,39.61,16.69,7.72
7.82,89.8754,27.8994,North Atlantic Ocean,5172.2,533.4,37.08,21.63,7.85,95.57,9.91,6.13
7.6,49.0241,172.9555,Gulf of Mexico,9985.7,72.0,37.1,31.15,1.78,33.22,0.62,3.61
7.71,29.9608,-7.5195,Norwegian Sea,5120.4,1522.2,35.11,2.1,4.56,82.59,41.7,1.62
8.39,59.6043,148.2128,Gulf of Mexico,6989.0,2591.3,37.41,24.49,6.03,61.91,31.12,5.21
7.86,77.0608,10.8728,South Pacific Ocean,4048.2,159.6,39.41,34.82,1.06,12.65,2.25,1.38
8.36,14.002,109.4583,Bering Sea,3099.6,-138.6,30.08,15.04,1.19,5.16,12.12,9.65
8.31,15.9171,32.3019,Southern Ocean,1407.0,-355.4,32.4,31.71,4.99,92.76,32.27,4.17
7.8,-85.773,30.4961,Baltic Sea,5539.0,733.0,39.04,2.44,7.86,50.76,20.38,2.09
7.98,-15.3185,-28.2978,South Pacific Ocean,5809.9,917.3,37.01,20.25,1.86,8.71,20.25,9.27
7.95,1.5693,67.2719,Baltic Sea,4344.6,2859.8,35.68,25.69,2.1,44.41,3.11,2.96
8.4,-47.8425,-2.1761,Gulf of Mexico,6142.7,504.6,35.46,34.53,6.33,88.7,1.71,8.69
8.11,-25.2811,124.1875,South Pacific Ocean,6462.1,2087.6,34.01,27.89,5.2,69.94,48.5,5.78
7.94,-24.0664,152.0584,Coral Sea,1335.7,2352.5,35.98,3.66,9.34,0.42,38.43,6.79
8.02,-23.7896,-3.121,Baltic Sea,2904.8,992.0,36.28,23.95,5.54,56.31,13.39,6.44
8.34,82.0413,-85.2816,Norwegian Sea,9464.1,179.7,33.66,-0.17,9.46,17.08,41.92,1.36
7.81,15.7543,-18.1034,Indian Ocean,5317.1,1290.1,33.82,18.23,7.36,31.22,42.77,5.05
7.92,-33.5002,73.5143,Gulf of Mexico,3816.1,1384.8,32.29,30.59,8.17,4.0,30.96,2.9
7.63,-35.1526,0.9662,Arabian Sea,783.9,2088.9,35.75,7.96,4.41,1.51,4.64,4.1
8.07,62.4376,-37.3308,South Atlantic Ocean,5595.7,230.7,35.09,7.89,7.54,21.03,17.48,4.67
8.47,25.5116,-170.3126,Coral Sea,7054.6,2126.2,34.61,30.47,9.93,72.98,46.11,2.5
7.84,63.1888,-113.8655,Caribbean Sea,6222.9,525.4,36.12,1.16,5.23,57.18,16.61,6.78
8.44,25.858,122.7239,Red Sea,8651.5,-174.0,36.5,8.04,6.49,11.51,48.03,3.46
8.3,74.6515,95.1352,South Pacific Ocean,3079.6,630.9,34.01,27.48,5.97,48.36,48.38,5.78
8.29,-17.5951,-149.8574,Bay of Bengal,565.5,-24.5,37.97,1.69,7.04,10.25,7.25,8.52
8.24,61.6456,-141.7652,Southern Ocean,6375.1,2894.1,30.78,20.54,3.76,50.6,14.71,2.29
8.26,-58.3351,156.1824,Caribbean Sea,2541.6,2153.1,34.0,-1.1,4.25,79.95,30.44,2.57
7.84,30.502,107.0887,Red Sea,2008.7,752.9,35.98,12.23,4.0,49.9,9.63,5.52
8.33,-24.5219,-33.8042,Arabian Sea,7140.3,981.2,31.5,26.54,8.31,19.37,13.07,7.31
8.47,4.4959,170.1555,Caribbean Sea,5873.2,763.9,32.27,28.2,8.7,45.64,14.54,7.26
7.6,42.5778,170.2862,Bay of Bengal,9408.4,486.4,36.21,23.92,7.47,47.11,25.69,5.91
7.63,11.602,179.1814,North Atlantic Ocean,8493.5,2962.7,35.38,5.63,4.95,66.44,29.7,1.34
7.51,41.4002,-43.2662,Caribbean Sea,4978.4,-0.5,32.11,25.13,7.93,36.83,21.2,8.74
8.2,-83.4187,11.822,Southern Ocean,3404.3,110.9,34.18,23.96,8.88,68.63,48.5,9.06
7.57,-18.0532,54.3699,Bering Sea,10747.2,162.9,37.97,29.76,4.58,42.18,35.47,7.68
8.02,81.7537,114.6517,North Pacific Ocean,7425.1,2232.3,35.45,31.99,8.38,67.56,12.56,4.64
8.19,47.1112,-110.0599,Indian Ocean,10883.2,1455.1,37.8,29.92,8.6,59.48,21.43,5.18
8.09,-3.0426,-62.1874,Coral Sea,6395.8,-79.3,32.64,22.43,1.69,53.66,36.48,0.68
8.11,37.5472,-51.3239,Baltic Sea,2577.3,517.4,30.92,26.2,7.58,39.92,26.63,9.31
8.46,-85.1454,120.4744,Gulf of Mexico,7396.4,1260.0,32.94,30.57,7.49,88.96,7.42,8.86
7.8,-37.3323,-8.015,Indian Ocean,9965.8,2455.9,30.72,15.19,7.98,38.09,41.44,8.63
8.12,72.5511,28.3895,South Pacific Ocean,6991.6,129.7,33.38,12.07,3.5,54.08,45.17,5.58
8.13,-0.6496,101.5514,Gulf of Mexico,5128.1,-226.3,36.25,5.76,9.95,1.15,34.14,4.69
7.78,81.4763,49.4589,Red Sea,2431.3,2695.6,33.18,7.82,4.84,83.77,11.24,5.94
7.8,-42.301,148.9841,Baltic Sea,7900.3,1138.8,31.83,18.14,6.87,13.64,5.46,0.94
8.24,60.1926,-124.6495,South Pacific Ocean,3447.6,2982.2,30.68,2.9,6.07,74.77,34.53,3.64
7.81,-86.4779,-10.2436,Norwegian Sea,4784.2,-108.8,33.85,27.49,9.02,97.67,47.16,1.92
7.73,-89.2934,-40.3632,South Atlantic Ocean,7373.4,526.3,39.67,4.43,5.57,27.99,35.58,8.09
8.48,-65.3774,113.7267,Southern Ocean,5355.3,114.6,36.55,11.48,6.93,97.14,1.67,1.92
7.59,-42.9249,-6.3442,Caribbean Sea,6194.9,2449.1,38.0,3.58,2.07,1.03,26.04,9.92
7.81,-82.3304,151.6409,South Pacific Ocean,2324.2,-127.6,36.49,29.51,7.1,84.64,21.29,7.35
8.34,-51.9491,-79.0136,North Atlantic Ocean,9013.7,2173.9,36.95,27.81,1.39,19.22,4.85,0.3
7.7,67.131,-91.2935,North Atlantic Ocean,1667.3,1195.2,35.82,10.96,9.84,90.83,49.16,5.56
7.76,74.7788,31.1297,North Atlantic Ocean,1905.2,2512.1,35.65,13.84,7.98,58.88,24.8,2.56
7.66,-68.6874,-162.12,Indian Ocean,644.7,-150.3,35.32,30.98,5.33,79.22,44.78,4.59
8.09,-33.2304,57.6004,Indian Ocean,7781.7,9.2,33.85,2.14,8.28,12.81,15.63,2.27
7.5,19.7579,96.0038,North Atlantic Ocean,10252.9,2490.5,36.21,33.12,2.08,44.35,42.13,9.73
8.38,28.9705,-85.489,Arabian Sea,773.8,1293.8,38.05,6.94,8.77,17.76,2.52,4.33
7.88,-84.9976,-51.6244,South Pacific Ocean,1949.9,585.3,36.39,22.11,1.18,35.16,16.54,9.16
8.0,74.1768,59.4614,South Pacific Ocean,4101.9,558.1,31.97,13.08,9.32,76.35,6.43,3.12
7.75,-13.1134,20.6506,Bay of Bengal,3111.6,898.8,32.84,15.84,2.85,27.26,25.66,3.29
7.54,-10.5816,45.9844,Baltic Sea,6932.8,1242.2,36.98,1.49,9.97,70.9,37.53,4.77
8.46,-74.6039,21.6768,Bay of Bengal,440.4,-312.0,30.86,20.15,6.85,55.01,36.58,7.97
8.38,4.5182,-0.8288,Gulf of Mexico,6411.3,-333.4,36.1,29.56,5.24,55.53,28.41,9.77
7.78,15.7579,-169.1369,Baltic Sea,6070.2,1326.8,36.01,14.86,9.9,1.76,37.26,6.97
7.6,-7.7303,-45.9866,Bering Sea,455.1,532.7,31.17,25.8,8.32,19.64,41.36,6.91
7.95,69.7799,37.3656,Coral Sea,4132.1,1480.3,33.07,10.22,7.08,89.56,6.34,0.69
8.05,-70.4234,107.7751,South Atlantic Ocean,10130.5,2423.4,31.94,20.01,8.85,41.24,24.14,1.52
8.07,-56.7461,130.54,Arabian Sea,2120.1,503.3,37.4,1.98,9.32,21.06,47.98,0.24
8.42,-22.4649,-49.7689,Caribbean Sea,10225.8,1734.1,38.97,30.61,8.89,68.26,34.06,5.21
8.17,19.6518,71.8019,Bay of Bengal,8038.0,1386.4,38.2,32.88,1.42,85.86,35.17,5.08
8.12,-13.6811,-150.3144,Red Sea,2850.8,407.5,34.65,31.87,6.34,78.26,47.46,4.67
7.59,63.1629,-49.6172,South Pacific Ocean,93.5,1714.6,32.3,14.89,8.53,55.56,8.55,3.42
8.02,-51.7237,-122.6874,Caribbean Sea,4650.9,2826.2,36.0,2.36,5.46,6.48,24.54,3.47
8.05,-46.8309,-10.7913,Southern Ocean,6590.4,2302.0,33.42,15.87,1.14,20.97,17.31,9.86
8.13,70.4969,50.5277,Bay of Bengal,1186.7,-291.3,30.46,19.33,9.48,60.65,40.74,0.92
7.66,-5.7338,158.7904,South Atlantic Ocean,698.1,258.6,34.59,18.98,9.19,70.19,49.49,7.05
8.46,27.3721,124.0087,Coral Sea,490.3,708.3,35.13,22.29,4.72,94.71,11.1,9.48
8.07,-22.3732,-120.8718,Gulf of Mexico,8334.5,2424.4,39.32,6.93,6.76,76.7,22.28,6.24
7.92,-22.4456,94.6859,South Pacific Ocean,8465.2,1670.9,34.41,0.69,4.08,53.84,27.2,8.14
8.16,-63.9315,28.0371,Gulf of Mexico,7319.9,1756.8,32.56,13.35,9.0,61.17,46.32,1.67
7.64,69.7137,114.9584,North Atlantic Ocean,7889.8,1439.5,35.32,22.18,4.0,19.98,8.81,3.28
7.94,58.7546,-8.3369,North Atlantic Ocean,3819.7,251.2,32.0,8.34,3.4,17.68,7.8,2.61
8.22,6.4543,-107.3967,South Pacific Ocean,1313.1,-58.2,37.49,25.47,9.15,16.6,33.07,7.37
8.44,-83.0053,-152.0992,Coral Sea,1492.4,197.0,35.57,27.2,5.74,78.02,47.45,8.0
7.95,-49.5003,-84.1289,South Atlantic Ocean,3460.8,1305.4,31.05,7.77,6.6,4.18,42.61,9.95
8.13,-55.5477,-110.1091,North Atlantic Ocean,4118.7,2045.9,35.48,20.76,6.03,83.14,5.27,5.78
7.93,6.6402,39.6299,North Atlantic Ocean,9987.1,2886.4,32.85,-0.61,6.45,41.37,29.99,6.14
8.02,-61.6029,52.0642,Arabian Sea,4145.1,2971.4,31.92,15.18,3.46,53.63,29.32,7.28
8.0,-12.1153,-20.921,Norwegian Sea,4797.2,-273.0,30.87,7.26,5.77,79.41,24.91,9.3
8.2,-54.9538,-16.2011,Gulf of Mexico,4728.8,2954.6,39.17,26.16,4.09,21.28,9.88,8.15
8.15,-38.4793,131.8109,North Pacific Ocean,8013.7,765.4,37.98,17.5,6.86,19.69,36.87,4.64
7.51,-35.7464,-128.0921,Baltic Sea,322.2,2984.3,38.24,22.72,6.89,49.44,4.88,8.47
7.58,-49.0735,-140.9386,Arabian Sea,4919.0,1965.3,30.7,11.34,4.5,89.42,35.69,3.63
8.26,-42.6427,-154.0418,Red Sea,9557.4,2289.8,39.9,21.9,4.96,58.79,20.63,3.06
7.66,-62.2391,-8.7052,Baltic Sea,9599.0,2490.9,39.71,-0.19,4.23,1.92,30.28,7.12
8.27,49.182,101.1343,Bering Sea,8135.0,75.1,37.37,7.5,4.21,65.48,38.1,7.42
8.32,85.0876,61.0727,Caribbean Sea,4414.3,1012.1,39.21,10.9,8.19,59.94,8.43,6.41
8.43,50.7405,-148.2499,South Pacific Ocean,2761.7,423.2,38.5,15.2,3.78,37.34,14.73,7.17
8.31,-24.0349,1.5104,Gulf of Mexico,1001.9,-118.1,37.14,27.02,9.88,36.33,16.57,7.86
8.03,46.1457,-165.2648,Indian Ocean,5297.5,178.6,34.02,10.08,3.15,9.27,33.92,5.71
7.71,-78.6785,-134.1574,Indian Ocean,9421.6,-257.3,36.45,26.08,4.3,0.47,15.17,1.0
7.63,-26.342,-104.6836,Norwegian Sea,3833.4,849.5,37.44,18.47,1.31,4.78,49.15,6.86
8.37,-18.5659,-25.7529,North Atlantic Ocean,5648.8,262.1,33.11,22.58,5.3,1.19,15.49,7.84
7.89,-87.7025,-48.1361,Arabian Sea,3610.1,1102.3,34.48,21.6,9.43,82.03,47.55,4.95
7.55,81.0204,65.1453,North Atlantic Ocean,4431.1,1000.8,39.89,7.86,4.91,91.58,24.5,1.29
7.85,-6.3923,93.8824,Indian Ocean,1541.1,1619.4,37.09,13.0,9.07,2.39,4.59,0.8
8.37,87.8135,146.6062,Indian Ocean,7629.3,2856.3,35.5,34.75,5.88,51.56,19.15,0.64
8.06,-39.7576,38.5908,Red Sea,542.1,2839.2,31.01,0.3,1.7,16.75,2.02,4.04
8.14,86.2077,-86.5088,Bay of Bengal,10715.8,2578.7,34.88,9.93,9.61,49.88,18.18,3.03
7.75,20.3728,3.7781,Bay of Bengal,4224.8,460.6,30.6,13.27,9.96,51.5,19.84,7.3
7.52,-15.0798,50.1436,North Pacific Ocean,2986.2,2600.6,37.5,11.2,9.52,8.12,0.36,7.87
8.42,59.8455,-113.8521,Coral Sea,6487.4,-282.2,30.76,13.85,5.98,52.64,10.6,9.75
7.57,7.5107,-29.9933,Southern Ocean,9929.3,1781.1,37.18,28.93,1.58,90.56,26.56,9.01
8.5,58.8166,-65.0665,Indian Ocean,9722.3,1770.6,33.69,34.18,6.34,1.21,43.28,1.19
8.37,1.0424,52.4678,Caribbean Sea,10177.0,-115.1,30.51,29.58,6.42,54.41,44.04,7.23
7.62,-14.6607,-146.8622,South Pacific Ocean,1036.2,1521.4,31.99,9.05,2.64,15.0,43.04,6.29
8.5,19.4719,115.4814,Southern Ocean,2492.8,-34.0,36.19,16.67,6.64,68.79,43.19,4.51
8.31,46.1448,-145.5746,Caribbean Sea,807.2,2858.1,37.1,20.64,1.84,8.46,15.2,2.41
8.35,-81.5219,119.4622,Red Sea,1023.0,1145.7,37.08,-1.7,8.1,90.39,8.5,8.39
8.31,-17.4575,-130.0784,Caribbean Sea,2069.1,2331.9,36.18,2.45,6.04,13.26,24.89,7.82
8.43,-59.6249,98.8302,North Pacific Ocean,1323.1,1225.3,34.41,21.69,5.63,62.57,22.94,0.19
8.26,80.9708,131.748,Red Sea,3651.1,159.4,34.56,19.09,9.91,99.99,13.06,2.69
8.03,84.9682,28.1347,Bay of Bengal,4494.4,-91.7,30.14,21.88,8.53,87.3,1.38,6.86
7.5,73.764,145.7838,North Atlantic Ocean,3730.4,705.1,32.53,29.44,2.88,94.57,43.0,8.88
7.78,2.3414,-74.6669,South Pacific Ocean,4491.8,2786.5,36.83,12.19,9.93,56.27,10.46,1.07
8.1,46.0659,-59.2951,South Atlantic Ocean,9546.5,-361.8,35.76,1.65,2.01,7.46,44.51,3.21
7.81,75.9806,-44.7156,South Atlantic Ocean,9105.6,680.9,37.45,19.5,1.1,47.01,20.2,4.49
7.91,66.8867,166.4821,Baltic Sea,10589.1,1300.0,30.82,28.79,7.99,46.73,15.39,9.21
7.61,6.4266,-154.5474,North Atlantic Ocean,8662.9,1295.1,36.48,6.59,1.96,38.21,36.27,0.26
8.48,-63.1971,-177.1457,North Pacific Ocean,9261.1,267.9,30.53,12.62,4.79,84.36,22.34,4.59
7.61,73.7607,-161.2863,Red Sea,7632.6,900.7,31.79,0.84,3.98,90.04,30.41,6.49
7.57,57.7031,-3.8614,Baltic Sea,1917.6,-289.9,39.98,15.15,3.27,83.96,41.95,5.48
8.08,-17.7668,-100.6557,Baltic Sea,10302.2,2235.8,37.84,9.82,7.42,25.36,47.42,1.53
8.12,-6.4418,-4.6414,South Pacific Ocean,2301.2,2762.5,35.92,22.35,2.69,19.84,47.85,8.42
8.02,88.0554,11.5853,Coral Sea,7453.1,1299.2,35.27,12.54,1.63,4.56,40.65,6.47
7.85,18.2506,-5.5634,Bay of Bengal,2527.0,2138.7,38.18,23.93,5.98,62.21,43.31,5.92
8.42,-59.5,-18.6099,North Atlantic Ocean,986.4,1636.8,33.55,4.58,5.08,62.92,48.47,9.83
7.84,-60.5577,-38.458,Bay of Bengal,2157.3,534.9,30.91,26.43,4.41,19.22,37.05,5.93
7.81,-78.3095,-63.7011,Red Sea,2553.0,2273.8,38.04,12.36,9.78,65.31,18.35,0.5
8.45,15.8021,-63.6702,Arabian Sea,4185.5,1103.5,34.69,15.8,5.83,0.16,30.2,3.86
8.38,-85.1653,-104.0553,North Atlantic Ocean,761.3,2755.4,39.0,5.92,1.31,28.26,17.86,7.87
7.98,57.0388,-37.0093,Arabian Sea,6442.7,1620.8,34.67,25.81,9.06,45.87,45.8,3.46
7.76,-32.7054,17.541,Norwegian Sea,8787.6,667.0,35.3,8.78,6.69,9.92,49.12,0.76
7.63,-28.3597,158.2283,South Atlantic Ocean,8409.2,2588.8,37.41,31.16,2.54,44.68,48.37,0.93
8.3,46.9502,81.0426,Arabian Sea,9211.4,1665.8,31.55,12.64,3.07,20.31,31.41,4.78
8.23,-70.9755,147.8612,Norwegian Sea,10774.0,861.8,30.87,16.02,9.23,27.76,46.76,0.83
7.61,5.1004,-101.3497,Southern Ocean,10954.0,1995.7,32.62,15.1,8.71,47.81,25.04,4.63
8.24,-23.4128,-90.5781,Caribbean Sea,4515.1,2504.8,38.85,20.33,6.83,88.63,0.19,6.12
8.4,-71.8457,-70.6716,South Pacific Ocean,5523.0,-419.8,38.54,19.99,2.05,57.84,2.79,0.4
7.56,-36.4723,168.2049,South Pacific Ocean,5480.0,539.8,31.19,19.24,7.6,1.77,24.78,3.31
7.91,23.1984,9.996,Indian Ocean,7062.6,278.6,39.73,4.27,7.26,14.35,10.41,1.43
7.91,29.3685,116.025,Indian Ocean,2702.6,622.8,32.49,8.42,3.84,6.33,23.64,2.25
8.31,-67.2791,112.9183,North Atlantic Ocean,8498.4,2428.6,38.09,18.41,9.33,18.63,15.71,2.63
7.62,78.9543,138.7759,South Pacific Ocean,1393.5,966.5,37.49,34.88,6.98,34.37,4.59,8.31
7.65,-56.9894,-105.921,North Atlantic Ocean,10463.2,687.3,38.47,12.07,9.55,17.51,8.31,4.9
7.88,29.3707,6.3673,Arabian Sea,1372.1,1523.1,38.91,10.53,6.18,46.17,47.27,3.22
8.35,-31.4196,33.3083,Southern Ocean,8169.3,394.8,32.04,11.73,8.89,82.42,1.04,1.53
8.49,36.4908,4.8589,Coral Sea,4368.8,1795.2,35.92,28.69,6.41,82.55,10.05,5.39
8.05,56.3715,127.4412,Arabian Sea,6972.3,-381.1,30.81,22.24,6.18,33.96,5.43,4.66
7.66,-75.4678,157.4596,Red Sea,3457.4,724.3,30.87,31.5,3.46,32.67,46.19,4.28
8.4,53.4607,-100.3689,Red Sea,1316.6,1194.4,36.89,2.25,6.4,74.58,42.7,3.06
7.66,-68.216,-159.1621,South Pacific Ocean,10318.6,1348.4,35.98,25.67,3.36,41.51,8.53,7.7
7.87,3.4089,84.8837,South Pacific Ocean,5611.0,-278.1,36.77,13.87,1.89,97.01,14.61,6.18
8.24,-29.1597,3.4225,North Atlantic Ocean,3305.7,2405.8,30.02,29.12,3.4,44.5,8.74,9.14
7.56,-34.7246,157.9542,Bay of Bengal,6869.5,853.4,30.9,6.7,9.17,24.32,39.17,3.3
7.98,-62.604,75.3547,Bay of Bengal,2837.0,1069.4,30.95,2.85,5.27,0.98,30.79,5.42
7.91,31.7929,-67.5418,South Atlantic Ocean,445.0,2840.7,32.12,25.25,1.44,95.41,15.11,1.29
8.45,-35.5151,11.2486,North Pacific Ocean,8730.2,1988.5,34.95,7.36,7.91,11.87,49.75,8.25
8.05,0.9902,143.4751,South Pacific Ocean,10954.5,1961.9,35.85,16.13,1.68,17.52,22.07,4.35
8.39,-87.2759,125.387,South Atlantic Ocean,10520.9,1456.4,35.34,6.56,3.76,3.83,44.11,9.0
7.59,18.77,-11.8106,Baltic Sea,9677.2,2839.9,33.69,22.33,4.91,46.49,9.04,7.97
8.06,31.9016,-100.1525,Red Sea,8221.7,2959.2,35.29,17.93,6.25,40.84,8.68,9.32
8.19,-78.779,-141.7134,Arabian Sea,1781.4,732.0,34.2,18.12,8.27,81.58,41.63,6.24
7.65,5.8539,-118.1891,Baltic Sea,1713.6,1567.5,36.94,24.1,1.98,55.54,11.45,6.34
8.35,38.5658,-20.832,Baltic Sea,1646.4,-439.2,38.73,-0.44,1.38,58.23,6.3,1.01
8.38,-64.5163,77.9655,Bering Sea,5055.7,2202.8,35.5,-0.69,4.01,79.02,45.35,0.21
8.18,-82.1191,-118.1691,Baltic Sea,5236.0,2564.1,36.35,1.77,6.52,58.29,39.51,2.26
8.02,-55.1679,65.7621,Southern Ocean,6353.5,1465.1,37.87,14.56,3.39,56.54,10.33,0.6
8.19,-26.702,-70.3298,South Atlantic Ocean,2493.9,97.9,37.79,10.71,3.32,92.85,48.23,9.11
7.79,-13.2178,45.3092,Coral Sea,436.9,941.8,38.24,7.95,5.55,43.7,26.83,3.65
7.61,-76.8872,-4.9611,North Atlantic Ocean,1108.4,1720.9,32.8,30.66,5.27,63.44,19.2,1.77
8.05,86.2744,134.2618,Southern Ocean,763.4,2549.1,32.27,30.8,3.91,38.43,7.19,4.14
7.98,34.0955,152.8515,Southern Ocean,8720.9,1705.4,37.91,6.65,3.68,65.07,31.2,4.58
7.93,-65.9276,-41.4055,Southern Ocean,1481.6,2043.3,37.44,28.38,4.3,1.01,22.44,2.39
7.69,53.5413,-46.9881,North Atlantic Ocean,8255.0,1276.5,31.7,16.6,9.26,72.67,8.03,7.92
7.69,-32.4171,40.6479,Indian Ocean,1178.1,1338.5,31.6,28.57,7.69,78.18,20.83,1.09
8.49,-22.474,-74.4292,Southern Ocean,5454.2,231.1,31.01,9.39,4.51,87.74,16.02,8.22
8.43,-76.9549,30.8819,South Atlantic Ocean,3166.5,1068.6,32.78,14.37,1.41,49.98,49.03,9.1
7.75,-13.8805,-31.7942,South Atlantic Ocean,7165.7,1119.1,37.09,5.27,3.73,28.62,14.47,1.45
7.56,-75.9979,-8.4488,Bering Sea,1605.8,-304.0,38.68,33.07,1.47,73.05,9.7,0.06
7.82,32.4473,104.7932,Bay of Bengal,6474.8,2428.7,39.97,10.4,4.11,94.9,49.01,6.09
8.35,-28.1938,-140.1538,Bering Sea,6287.5,1678.1,38.53,12.24,8.64,76.99,11.13,5.4
7.72,-36.666,-126.4525,Arabian Sea,4432.5,-268.5,39.82,21.85,1.52,91.12,25.47,4.34
8.48,26.7023,-138.6557,Arabian Sea,5307.4,2691.6,31.47,3.46,3.68,11.93,48.72,3.86
7.7,33.86,43.8539,Baltic Sea,1616.7,1559.2,33.66,-0.38,1.55,92.43,5.22,4.35
8.06,24.9767,132.3491,Baltic Sea,8915.7,900.8,32.03,15.38,4.12,71.08,8.29,2.04
8.49,51.9662,144.7194,Arabian Sea,6652.3,86.6,32.86,13.02,4.5,82.23,34.56,4.06
7.63,24.8927,8.3282,Indian Ocean,1313.9,570.5,31.1,28.44,5.65,42.09,40.5,9.12
7.7,80.1176,53.4108,Caribbean Sea,10092.9,976.6,38.63,-0.24,6.11,57.0,16.9,2.6
8.09,11.9199,68.5325,North Atlantic Ocean,6848.9,1602.1,30.57,0.12,7.09,61.33,36.61,8.41
8.29,69.2811,-14.0427,Arabian Sea,1895.7,2729.5,34.23,24.38,6.23,51.88,32.25,1.44
8.2,83.0119,54.8332,North Pacific Ocean,2466.0,-439.7,31.18,22.7,3.6,9.66,8.91,5.24
8.09,-60.5353,-52.6301,South Pacific Ocean,2245.5,685.9,34.52,8.49,3.18,23.2,11.65,7.8
7.93,31.8217,45.879,Arabian Sea,2478.3,449.9,32.63,6.22,1.11,13.95,49.26,2.11
8.29,28.1066,-1.3284,Red Sea,2307.5,2351.3,36.71,18.75,6.65,82.81,30.01,5.01
7.64,66.5087,-122.0835,Caribbean Sea,8205.7,1050.4,39.02,21.07,8.71,37.26,36.06,7.4
7.75,-29.3377,124.2002,Bay of Bengal,6505.4,1863.0,30.99,29.41,3.67,28.8,0.02,1.77
8.29,-19.0857,-84.2822,North Atlantic Ocean,2566.9,1831.7,30.28,11.46,8.71,21.83,25.58,6.48
7.78,-81.5124,-142.4413,North Atlantic Ocean,10251.5,-355.2,34.67,4.82,6.3,70.22,27.19,5.34
7.64,47.9299,119.076,Arabian Sea,127.8,571.1,30.66,0.76,7.29,52.01,14.9,2.53
8.34,-42.0737,131.3243,Arabian Sea,7541.5,2671.1,31.39,10.39,7.8,59.21,28.36,2.05
8.27,77.2135,-162.6676,South Atlantic Ocean,5977.2,2072.2,36.64,10.34,8.36,75.63,22.91,9.96
8.14,29.3467,157.3886,Bering Sea,5845.8,2700.6,37.73,33.97,3.06,96.98,31.54,4.73
8.16,-30.1268,-154.7729,Gulf of Mexico,6064.9,1576.5,34.51,7.85,3.53,74.12,29.04,7.74
8.16,57.3047,-104.8381,North Atlantic Ocean,5352.9,1826.0,36.37,31.05,7.37,97.11,3.61,6.88
8.23,57.121,-177.7305,Caribbean Sea,10411.3,2778.9,39.11,28.86,2.4,69.77,42.47,5.52
7.82,-60.9194,-174.7299,Arabian Sea,6806.1,2350.9,34.76,21.3,9.41,67.72,9.51,9.72
8.37,7.5339,-149.4223,North Atlantic Ocean,5053.3,587.3,39.9,4.54,4.79,14.42,16.05,1.37
7.76,-88.1746,138.7504,Caribbean Sea,9460.6,1607.2,30.32,0.49,5.62,9.3,34.01,9.36
7.91,-28.0655,-159.4384,Indian Ocean,9786.2,-331.4,31.75,1.4,3.15,2.39,38.99,5.74
8.01,34.9911,88.1523,Indian Ocean,8518.4,2648.1,33.01,-1.99,1.73,69.37,0.45,9.9
8.31,-30.5832,25.5689,Baltic Sea,6311.9,2587.3,36.6,24.59,3.51,64.91,13.29,3.58
7.93,-65.8862,103.5433,Norwegian Sea,469.7,429.8,30.94,13.51,9.02,63.13,38.28,1.16
8.01,13.9175,119.6332,Gulf of Mexico,10011.2,343.6,36.06,28.58,6.75,62.51,33.64,2.21
8.35,83.0703,-27.9451,Southern Ocean,8993.2,1883.3,34.82,14.8,5.4,68.84,31.15,3.76
8.5,-15.6701,-125.1776,Caribbean Sea,10268.6,-496.1,31.21,27.36,1.36,83.55,42.65,7.71
8.29,75.2404,-179.4663,Red Sea,1479.8,931.7,36.88,23.93,3.06,72.61,3.94,2.31
7.8,72.9983,139.8073,Bay of Bengal,10572.6,545.5,33.98,5.53,2.68,59.93,30.36,9.4
7.61,30.3308,16.0009,Arabian Sea,10622.7,-284.3,38.64,6.49,2.55,21.79,39.15,3.77
8.19,-77.3319,5.0493,North Pacific Ocean,4987.3,554.9,30.55,-0.32,9.23,76.73,10.2,5.91
8.19,27.6913,86.7235,Caribbean Sea,818.1,670.4,31.52,18.04,6.85,24.96,48.02,0.75
7.99,16.3884,-62.0074,Arabian Sea,6840.5,2378.2,35.37,13.92,8.56,68.03,24.59,5.35
8.22,14.6512,177.667,Baltic Sea,6888.7,2351.1,39.02,30.6,2.13,13.47,28.88,7.68
7.56,-29.0824,24.5165,Red Sea,5836.6,2541.3,38.95,-0.25,1.28,51.0,34.0,6.49
8.49,45.0995,-154.4083,Arabian Sea,3609.6,-72.1,30.51,34.98,5.95,63.29,3.54,6.65
7.98,68.9317,-117.7626,Southern Ocean,790.0,180.8,32.07,23.33,4.27,81.52,0.79,5.88
8.07,31.4617,-72.4376,Baltic Sea,6186.2,65.3,37.76,29.44,1.21,70.25,5.52,9.95
8.03,-63.3705,-124.1447,Bering Sea,3455.9,1638.8,33.07,6.57,5.64,80.64,20.86,4.0
8.04,51.2323,146.976,Gulf of Mexico,1096.2,465.1,37.9,34.49,3.04,85.52,6.92,4.88
8.28,-61.833,-15.1349,Bay of Bengal,2093.1,2332.6,37.78,-1.23,9.19,87.67,18.49,4.62
7.57,53.9736,-29.295,Arabian Sea,8695.6,2797.2,35.79,9.84,8.88,88.1,14.51,2.56
8.42,19.3992,91.5681,Norwegian Sea,8870.7,-426.1,37.77,20.15,3.2,26.35,21.9,3.82
7.84,-28.3071,116.7518,Bay of Bengal,8443.8,1135.7,37.3,14.98,4.76,80.79,29.15,5.32
8.13,11.983,-85.5953,Caribbean Sea,834.1,2912.8,36.69,28.65,7.81,1.69,6.78,6.42
7.56,58.2024,-162.9753,Arabian Sea,1216.4,1447.7,36.65,29.18,5.1,93.6,14.6,3.59
7.99,2.1026,-128.7918,North Pacific Ocean,2565.9,2277.9,37.57,1.81,6.85,18.62,1.61,4.3
8.31,-4.227,129.6958,Norwegian Sea,10773.1,1375.9,32.01,24.94,9.2,88.35,17.01,5.55
7.81,-51.7913,-29.9604,Bering Sea,3023.9,2106.5,32.71,22.42,4.68,80.43,13.3,9.51
7.86,-24.1436,-99.3299,South Atlantic Ocean,10282.4,62.5,31.88,29.47,8.05,38.95,44.88,5.8
8.14,3.5652,175.2573,Gulf of Mexico,7251.0,1835.2,31.46,8.56,6.6,96.34,9.46,4.63
7.57,-69.4288,-101.4227,Coral Sea,301.2,2337.5,38.1,32.5,5.28,9.41,33.89,3.97
7.88,38.2456,109.2015,Norwegian Sea,5361.5,2065.8,39.74,0.86,4.16,29.1,40.5,10.0
8.28,71.0828,179.8968,Caribbean Sea,9197.1,588.7,30.35,32.69,9.31,25.32,30.53,9.96
8.17,52.2672,-129.3753,Baltic Sea,698.9,669.2,36.45,30.74,1.97,0.82,23.84,9.05
8.05,-2.453,64.9015,Southern Ocean,6709.0,2916.3,35.55,6.68,7.49,16.46,6.16,1.08
8.09,-88.5152,120.2694,Southern Ocean,3525.2,2729.7,31.71,-1.95,5.25,79.4,33.81,3.02
7.75,-7.8862,151.4488,Caribbean Sea,2203.1,1309.9,32.95,0.73,3.18,83.18,28.1,5.81
8.45,-67.7214,-73.6031,Caribbean Sea,5813.2,1927.0,31.11,28.72,1.03,74.5,32.2,7.31
8.5,43.5645,-151.6026,South Pacific Ocean,8755.7,2337.5,36.3,13.64,3.35,54.75,43.26,8.59
7.66,-67.1442,-166.1819,North Pacific Ocean,8564.2,1559.2,38.6,22.63,6.22,63.23,43.6,4.63
7.58,-67.8262,-51.1864,Bering Sea,1916.1,-239.8,37.82,23.4,8.19,58.16,25.85,9.06
7.67,2.3431,-125.1252,Baltic Sea,3830.0,1164.2,31.84,23.55,6.71,25.23,26.67,9.12
7.82,-46.6157,-49.1227,North Atlantic Ocean,3830.2,2455.4,30.31,-1.46,1.87,38.46,12.8,0.86
8.21,-46.5342,143.1812,Arabian Sea,9069.0,636.9,35.15,0.96,4.34,81.84,39.48,9.83
8.04,82.7304,-96.2565,Caribbean Sea,5458.9,1259.0,35.75,8.97,1.57,9.38,22.0,9.39
7.56,-37.0757,29.8289,North Pacific Ocean,4127.6,218.9,32.17,25.06,6.82,3.87,27.78,4.87
8.0,75.4753,171.815,Coral Sea,8856.8,2382.8,31.21,16.6,8.26,68.81,26.48,2.41
8.1,-48.1356,-43.2675,Bering Sea,9800.5,206.6,38.84,16.51,8.82,83.84,23.75,3.15
7.63,71.7148,-102.8648,Arabian Sea,3561.6,2097.3,33.0,8.82,4.79,61.73,15.47,2.0
7.59,-53.3768,160.7966,Red Sea,10837.7,1736.9,35.06,24.43,9.19,76.23,15.72,9.17
7.92,-58.5455,28.9287,South Pacific Ocean,5893.0,2774.0,34.69,10.04,5.73,97.73,17.53,6.39
8.28,-40.0287,-160.3251,Red Sea,681.2,1565.9,39.48,18.0,3.84,63.09,11.63,3.61
7.67,-14.0972,-133.4888,Southern Ocean,4023.0,1928.9,33.92,24.43,9.37,44.41,46.74,2.5
7.63,-52.4406,29.111,Arabian Sea,5986.8,2977.8,39.12,20.55,3.28,99.32,39.31,0.55
8.34,20.9431,-5.9894,Norwegian Sea,9091.4,645.9,33.46,7.65,4.59,62.86,28.21,4.71
7.76,-5.7222,-18.6954,North Atlantic Ocean,7801.1,343.2,39.12,18.64,1.2,17.75,45.15,2.28
7.62,6.9981,16.9816,North Atlantic Ocean,2194.6,707.7,30.01,11.48,4.04,68.51,2.28,0.1
8.41,29.6391,-49.2434,North Atlantic Ocean,4660.6,1925.0,32.19,-0.41,2.18,74.31,32.88,2.75
7.88,-6.8461,120.1309,North Atlantic Ocean,1081.6,1161.6,33.86,4.82,1.99,1.13,46.64,2.66
7.92,-73.0047,160.6125,Indian Ocean,9650.2,1683.4,38.65,24.11,6.86,43.3,2.71,6.01
8.47,-26.3804,-66.6242,South Pacific Ocean,40.9,2895.1,38.4,16.34,5.01,94.63,17.04,3.63
8.21,3.2063,64.3123,Southern Ocean,2867.8,1384.4,32.93,6.72,6.15,81.62,42.98,0.08
8.41,-57.792,-43.5362,Baltic Sea,8385.4,1822.1,35.07,-0.08,3.5,20.47,22.73,7.21
7.8,-1.3029,-123.5805,Gulf of Mexico,242.1,58.9,35.46,14.19,2.43,30.46,31.85,6.05
8.11,-67.8154,-104.5206,Bay of Bengal,7931.5,634.7,39.84,9.87,5.7,66.02,26.23,0.33
7.97,-26.5767,-92.8498,Bay of Bengal,7197.7,2338.6,33.44,11.92,4.8,91.27,32.34,8.99
8.5,60.9977,-2.705,Southern Ocean,4900.0,-494.0,39.54,8.4,8.26,87.82,28.25,5.51
7.99,-81.5459,-85.643,Gulf of Mexico,1554.9,1637.5,35.04,34.18,6.01,24.28,28.76,9.01
8.19,-83.4349,5.2848,North Atlantic Ocean,3404.2,2170.8,36.54,28.04,5.12,68.15,33.96,4.29
7.7,-18.1443,-179.9596,Red Sea,2189.9,648.3,36.76,9.62,4.44,56.42,2.55,1.08
7.64,74.6227,-67.6182,South Atlantic Ocean,65.5,537.2,35.88,17.88,6.88,37.58,14.63,2.37
7.6,20.6056,-39.5204,Arabian Sea,4045.3,247.0,36.3,18.94,3.82,30.1,4.07,7.49
8.07,33.6898,44.1283,Southern Ocean,9926.4,2161.4,38.98,5.93,1.83,49.83,17.43,9.85
8.37,10.1826,-162.9076,Southern Ocean,5275.4,2939.7,34.17,26.63,7.07,56.85,32.49,2.28
8.37,49.527,152.2865,Southern Ocean,6606.8,1963.8,36.67,30.03,3.04,89.95,39.23,3.43
7.57,-16.627,-68.1815,Caribbean Sea,10355.4,2207.1,32.49,20.67,1.67,74.91,47.82,1.18
8.29,44.8284,-1.8223,Bering Sea,4959.9,606.8,37.22,30.04,9.04,6.02,7.36,1.01
8.38,78.155,70.2105,Bay of Bengal,6418.1,1975.1,39.89,19.81,4.66,17.69,26.88,6.42
8.31,-27.9015,-47.319,Southern Ocean,1015.9,1687.7,38.11,19.01,3.98,23.77,36.36,4.52
7.52,-16.0785,46.7546,Gulf of Mexico,1470.8,-1.1,31.01,17.1,4.91,20.6,46.6,6.45
8.21,-58.4919,-2.3618,Norwegian Sea,6424.0,1798.9,36.45,12.75,3.73,29.61,3.97,5.4
7.87,-68.8073,-9.2373,South Atlantic Ocean,525.6,2770.4,34.02,18.64,2.71,40.64,30.64,4.62
8.23,44.9413,-113.869,North Pacific Ocean,393.9,1253.3,33.94,33.19,6.29,1.69,38.64,8.72
7.96,15.8594,-38.727,Caribbean Sea,1149.8,2555.4,33.94,30.44,2.91,6.82,38.65,2.2
8.17,38.8539,-105.4986,Caribbean Sea,2565.2,2646.7,36.9,15.64,5.6,66.23,22.56,8.56
7.77,-59.7383,104.6937,Indian Ocean,1073.2,-221.3,30.53,4.29,6.2,60.07,42.83,9.13
7.65,46.2896,-132.2398,South Atlantic Ocean,2818.1,2415.0,33.93,13.48,9.22,87.63,19.68,0.16
8.42,-33.4867,-164.6918,Southern Ocean,8125.0,1364.1,30.75,23.89,2.4,95.5,40.06,5.62
8.22,21.5743,-38.393,Bering Sea,4571.8,1751.4,39.11,2.68,9.76,73.17,29.88,6.23
8.44,62.5521,-174.368,North Pacific Ocean,7305.6,-96.9,30.56,10.41,9.21,39.47,9.39,8.66
8.31,20.7725,-51.2073,Baltic Sea,8409.5,-76.3,31.35,28.48,4.9,74.39,2.89,6.9
7.73,-59.1605,100.9654,Arabian Sea,3608.7,2018.4,33.52,15.02,9.32,57.87,26.26,9.28
8.2,0.0124,107.7475,Gulf of Mexico,9835.1,2399.7,36.27,15.86,8.57,94.31,48.53,2.41
8.06,-44.4431,-43.4052,Southern Ocean,9476.6,2937.0,35.23,11.73,4.01,90.45,49.0,5.99
7.78,9.5102,43.3108,South Atlantic Ocean,4545.5,2743.8,34.96,22.67,9.4,84.02,41.03,8.47
8.37,-75.7743,43.4411,South Atlantic Ocean,9079.4,2344.8,30.21,8.6,1.52,65.04,4.66,5.42
8.28,86.8376,-23.8909,Bering Sea,3707.8,2897.8,36.58,0.14,2.48,17.1,8.5,2.12
7.63,21.659,14.4825,North Atlantic Ocean,7957.1,1983.6,33.73,31.58,6.32,76.97,27.92,8.23
8.07,-21.3055,44.5582,Indian Ocean,10682.7,2978.6,37.12,2.35,1.07,87.88,46.03,5.95
8.27,-27.9213,-21.3623,South Pacific Ocean,3427.0,808.7,34.22,24.43,7.8,75.09,29.47,5.93
7.66,14.57,160.4152,Caribbean Sea,6297.9,-315.6,38.31,16.37,6.81,58.56,1.25,7.93
8.49,30.9823,131.3187,Bay of Bengal,3963.4,2031.1,32.03,26.14,9.17,74.44,41.25,1.81
8.1,-47.8057,72.7599,Norwegian Sea,5471.1,312.1,36.85,24.91,5.88,36.62,5.16,9.71
8.36,9.1719,23.3825,Red Sea,2395.9,802.4,39.07,21.25,8.33,14.02,21.18,7.74
8.05,64.2245,68.9109,Caribbean Sea,4710.0,474.3,31.25,0.79,1.1,33.8,44.41,5.44
7.81,55.8578,118.8187,Bering Sea,7090.5,-474.4,39.44,8.46,4.56,86.04,23.1,6.28
8.34,-56.7895,-138.088,Gulf of Mexico,3791.0,1263.7,34.29,13.83,3.85,89.6,46.9,2.29
7.95,-21.019,-140.0912,Coral Sea,3178.7,-215.7,34.13,-1.13,1.7,20.06,20.92,0.08
8.08,52.3418,-43.8558,Arabian Sea,3641.5,277.5,31.19,33.79,2.08,8.75,12.28,6.83
8.08,-34.3552,159.715,North Pacific Ocean,3436.3,923.9,38.91,5.78,9.95,9.8,36.58,9.19
7.56,48.3849,-130.9682,North Pacific Ocean,1764.6,1285.1,36.54,34.72,1.49,54.57,1.77,6.56
7.84,37.6716,4.593,Caribbean Sea,9969.4,2116.5,38.62,5.91,5.88,26.7,0.42,3.66
7.83,-57.1062,-98.7731,Baltic Sea,10512.8,234.3,37.1,23.94,3.72,42.77,3.88,8.15
7.54,35.4344,-124.7173,North Atlantic Ocean,2912.5,1205.4,34.55,16.34,9.67,54.55,41.4,0.99
7.6,60.7037,135.4821,North Atlantic Ocean,6783.6,1876.1,34.61,8.64,3.97,5.71,17.34,9.82
8.07,73.2897,69.6501,North Pacific Ocean,3466.8,1650.6,38.49,24.93,4.09,78.93,0.64,4.45
7.82,-45.9162,52.0606,Red Sea,6380.9,61.7,34.74,18.77,5.92,17.94,38.03,8.11
8.0,89.4411,25.7801,Baltic Sea,3225.9,2398.9,31.51,22.44,2.44,45.14,19.01,8.97
7.98,-1.7477,78.9633,Southern Ocean,668.9,-434.8,33.57,18.01,9.14,87.13,49.42,4.01
8.15,-44.7285,94.4263,Coral Sea,1647.6,1034.1,38.2,0.97,7.65,82.22,14.8,8.27
8.35,39.9371,-46.6895,Coral Sea,5755.2,538.4,30.26,33.92,8.95,88.86,48.94,3.75
7.73,38.3267,-38.4944,Norwegian Sea,2743.1,-150.6,35.06,20.73,9.87,71.16,48.67,2.37
7.86,20.5576,-109.177,Bering Sea,5319.7,2161.8,33.34,26.47,9.83,23.53,17.3,8.17
8.06,-63.9337,130.5947,North Atlantic Ocean,10010.5,2538.9,33.93,5.19,4.81,39.68,45.2,2.08
8.24,-84.2474,-131.5094,Coral Sea,451.6,1372.5,32.76,20.46,9.06,10.1,1.69,3.17
7.88,42.3603,17.5989,Coral Sea,8968.2,1489.4,37.42,23.04,6.22,37.28,3.35,4.6
7.77,-27.1621,-169.2634,Bay of Bengal,5356.0,1454.7,39.44,14.44,9.78,0.49,35.54,4.04
8.18,-72.4165,3.1294,South Pacific Ocean,1697.9,743.1,33.51,10.3,5.32,54.25,31.63,2.96
8.16,77.6078,129.1789,Red Sea,2553.8,1322.6,34.57,23.16,5.46,5.18,6.75,1.15
8.26,76.7297,153.7577,Red Sea,10899.7,1435.0,36.97,33.63,7.39,11.03,5.91,2.8
8.0,25.6115,123.6486,Gulf of Mexico,3825.1,2992.1,34.68,21.02,1.63,58.24,18.19,5.14
7.58,-46.3053,94.938,South Pacific Ocean,712.8,670.0,35.43,21.03,1.92,6.59,8.34,0.37
8.09,87.2357,-122.9335,Bay of Bengal,6443.3,2242.8,35.6,10.03,6.37,69.04,19.47,2.45
7.81,-46.61,35.0343,Bay of Bengal,2114.1,469.1,36.41,5.49,7.21,67.41,2.61,5.62
8.5,-88.086,-136.0494,South Atlantic Ocean,9883.1,552.0,34.24,30.57,6.86,91.51,32.89,5.43
8.08,71.9142,-150.9319,South Pacific Ocean,3900.8,-360.1,31.49,0.06,7.6,46.86,32.26,8.87
7.94,-54.6946,-176.0344,Southern Ocean,6801.8,12.5,33.9,23.09,4.79,99.3,35.06,3.14
8.26,23.3573,-99.0761,Norwegian Sea,9366.7,917.2,38.62,19.69,3.05,92.19,30.52,2.89
8.48,-47.0976,87.3027,North Pacific Ocean,10825.0,2333.2,32.95,23.81,5.19,43.18,21.28,3.75
7.99,-9.5612,-7.1211,Caribbean Sea,10542.4,1362.7,35.71,29.63,1.83,31.55,17.04,7.16
7.83,-17.4497,-120.3552,Red Sea,1236.1,1039.2,30.83,27.24,6.31,48.87,45.24,1.83
7.98,-22.5076,-90.6503,Bay of Bengal,3715.2,2429.8,37.08,15.43,4.92,47.15,23.63,1.26
8.19,-32.7916,-84.0215,Red Sea,7073.7,2115.5,33.94,12.28,2.2,16.05,47.13,2.75
8.17,-87.2607,116.1161,Indian Ocean,1366.3,954.0,31.79,12.62,9.9,80.2,14.86,5.85
8.25,-51.3687,-79.4294,Coral Sea,4210.6,2961.9,37.86,16.03,9.22,9.65,34.02,0.33
8.12,88.9479,-103.7184,Bering Sea,10454.8,2290.7,39.81,24.61,9.4,11.61,7.47,8.2
8.45,-88.6052,-27.2928,Southern Ocean,2098.3,933.5,32.85,26.89,4.72,57.84,45.81,3.33
7.86,-77.061,138.3101,Gulf of Mexico,5467.3,2344.5,30.95,12.39,5.92,22.96,46.01,1.95
7.5,-84.1856,88.8361,Southern Ocean,545.0,1477.5,31.99,12.91,8.47,88.46,1.67,8.27
7.65,2.5309,60.8818,North Pacific Ocean,7039.4,-293.3,37.49,33.99,5.58,99.81,12.29,9.45
7.54,-83.3641,150.9456,South Pacific Ocean,6525.1,2019.1,32.6,29.82,4.96,15.49,36.2,0.17
7.65,6.5698,106.9725,Coral Sea,9189.0,892.2,31.89,6.52,6.72,93.88,48.43,6.82
7.71,-31.2495,-58.8698,Baltic Sea,9590.3,2036.7,37.76,14.84,2.59,78.82,15.52,3.58
7.77,67.9858,-160.1742,Gulf of Mexico,2336.6,1148.0,33.74,32.71,1.46,37.87,25.84,5.84
7.52,-25.3869,-145.2985,North Atlantic Ocean,9451.7,501.3,34.55,1.67,8.94,53.32,27.66,5.84
7.78,57.5743,-42.8028,Bering Sea,10780.1,533.1,39.65,33.31,4.23,39.15,13.45,9.51
7.65,36.8165,-51.9899,South Atlantic Ocean,9732.0,117.5,36.2,33.92,1.2,51.41,42.7,7.51
7.59,84.513,123.3494,Coral Sea,9500.3,2623.0,32.76,1.2,6.33,51.46,48.26,4.62
8.08,-10.3494,173.4498,Bay of Bengal,6292.2,2837.0,32.0,7.34,1.52,75.91,35.31,7.65
7.69,81.8514,164.7539,Arabian Sea,7206.4,1952.9,34.9,-1.25,6.66,66.32,9.8,4.03
7.58,26.4025,56.6674,Indian Ocean,8670.6,-235.5,37.91,30.93,6.29,7.76,28.38,0.27
7.68,-21.1116,-34.4173,Baltic Sea,1960.5,1209.0,31.59,2.91,3.76,29.82,30.36,1.86
8.37,-1.8164,-46.6192,Norwegian Sea,10752.3,-236.5,35.26,8.63,1.5,8.38,4.72,3.33
8.03,41.4526,-171.2829,Baltic Sea,3279.4,593.5,36.73,32.33,4.37,42.72,40.06,4.38
8.03,69.3012,132.9398,Caribbean Sea,5660.1,-366.5,31.07,12.23,1.65,48.32,29.79,2.55
7.77,-16.9421,144.7917,South Pacific Ocean,6029.9,2984.1,37.36,12.31,4.8,35.6,26.61,6.99
8.02,79.7283,-106.4769,Bering Sea,9203.2,996.3,38.51,9.86,9.91,17.89,19.13,0.08
8.24,-3.8986,-53.3103,North Pacific Ocean,5122.7,463.9,37.0,31.9,3.56,36.86,46.79,7.65
8.1,48.6681,42.8708,South Atlantic Ocean,4558.9,-216.7,31.37,34.49,4.48,69.02,0.69,6.62
8.04,73.3727,-73.9949,South Atlantic Ocean,3891.8,3.2,32.58,29.94,5.1,12.24,9.14,4.92
7.86,-50.4209,-52.6755,Norwegian Sea,9729.0,301.0,31.9,6.82,1.71,52.48,40.52,8.87
8.13,-53.8339,-14.1102,Arabian Sea,9367.8,1055.2,38.87,21.87,4.66,69.81,8.41,0.3
8.36,32.7426,-49.1807,Indian Ocean,4720.0,-18.4,36.53,14.54,7.71,20.61,2.01,0.53
7.69,23.7865,-140.8973,Baltic Sea,4572.1,-172.7,35.22,28.9,3.87,92.15,3.08,2.49
8.32,59.112,82.0027,Southern Ocean,2080.9,1872.6,35.17,28.86,5.55,13.56,37.11,4.15
7.98,7.462,-122.5282,Caribbean Sea,5535.4,1576.5,37.66,18.59,3.15,15.8,19.39,7.44
8.48,40.7895,128.5439,Baltic Sea,3735.8,140.9,34.17,30.21,9.97,12.47,37.37,9.71
7.76,-59.3937,-63.172,Gulf of Mexico,4466.0,1282.4,32.35,8.44,5.32,79.93,29.9,1.06
7.6,8.1588,-87.9517,Coral Sea,2153.5,327.9,36.31,20.62,5.34,9.61,44.89,8.0
7.66,-88.1603,75.7549,Gulf of Mexico,6768.7,-201.8,38.69,33.38,5.71,50.57,49.26,0.61
7.52,32.7482,98.0904,Bay of Bengal,4796.9,2008.2,34.72,11.82,7.14,88.77,23.27,7.98
7.87,84.7068,-67.799,Coral Sea,9971.0,1341.4,33.61,30.26,9.53,56.89,44.73,3.35
7.82,-58.4211,144.664,Southern Ocean,4688.2,1612.9,30.16,20.35,1.25,36.29,2.35,9.33
8.14,-65.403,59.0989,South Atlantic Ocean,8672.1,27.4,39.92,18.12,3.16,45.35,0.85,5.2
7.66,-4.7571,-133.7664,South Pacific Ocean,6542.4,2129.8,33.48,18.59,9.94,2.61,24.8,6.32
8.26,-9.6488,-127.9436,Coral Sea,9886.6,2190.3,38.75,30.69,3.98,50.12,46.95,7.83
7.82,-10.2934,-98.9433,Indian Ocean,9458.5,1247.6,35.33,23.75,2.81,90.06,28.92,7.76
8.38,-37.7222,101.6738,South Atlantic Ocean,9505.3,2533.8,30.43,12.38,7.92,87.44,7.85,3.39
7.68,-65.1203,156.7981,Bay of Bengal,10760.1,2971.8,33.54,9.22,4.81,6.97,35.91,3.42
8.3,76.117,98.4849,South Pacific Ocean,1192.2,1032.6,32.42,32.67,8.87,49.06,36.73,8.75
7.69,-27.2479,-171.1253,Bay of Bengal,3052.2,1931.7,33.99,22.75,8.31,9.95,19.25,5.27
7.52,-16.6955,-126.6013,Baltic Sea,1.5,-425.8,34.09,28.15,6.65,58.74,34.83,0.02
7.56,-14.1452,10.9227,Coral Sea,8870.7,-259.1,36.34,4.46,7.71,45.62,42.45,5.05
8.32,-66.9908,27.6742,Coral Sea,7661.7,1257.5,36.32,30.09,2.48,67.47,3.12,6.04
8.03,-54.3662,121.8491,Red Sea,10236.5,103.1,37.24,27.97,9.55,50.61,15.01,1.52
7.82,-87.6904,-49.9245,Baltic Sea,7787.7,-418.8,38.77,28.45,4.81,43.88,27.17,8.13
8.14,-0.4816,130.0786,Baltic Sea,648.5,-279.9,35.49,-1.76,5.75,35.53,43.57,1.58
7.88,9.7689,-122.6129,South Atlantic Ocean,2385.7,-133.8,32.79,21.53,1.17,6.57,38.47,3.3
8.32,-51.5671,-110.0918,Norwegian Sea,1021.0,2751.9,39.19,15.93,4.13,68.92,18.49,0.73
8.25,-13.8609,-76.9499,North Atlantic Ocean,178.8,1864.4,38.37,7.77,6.09,17.49,19.85,8.6
7.97,34.3867,-91.8491,South Pacific Ocean,2993.3,2260.9,34.05,33.31,5.23,81.76,7.41,7.15
7.51,-43.3317,101.9432,Indian Ocean,6372.6,95.3,34.25,31.4,7.1,32.31,34.75,6.72
8.02,-23.9024,-57.415,Coral Sea,9581.1,639.6,34.46,12.85,2.42,68.31,13.71,6.69
7.88,36.737,-139.6013,Indian Ocean,7301.5,-104.8,34.03,28.4,1.1,98.05,4.94,7.76
8.09,17.4224,6.3697,Norwegian Sea,2032.8,2538.7,39.36,17.36,7.16,45.05,39.94,9.66
7.66,1.1119,-134.4388,North Pacific Ocean,5290.6,1060.6,32.06,28.52,7.48,77.14,4.7,6.76
8.16,66.276,116.4748,Indian Ocean,2524.2,2598.7,36.78,20.54,2.38,79.2,35.09,6.2
7.71,-77.3317,-60.349,Norwegian Sea,6560.0,1759.8,31.64,29.75,9.73,3.36,5.06,5.82
8.48,4.6934,-2.0512,North Atlantic Ocean,6599.6,2703.5,30.32,3.62,1.64,53.81,13.24,0.61
8.32,35.954,138.1746,Baltic Sea,3909.8,1961.5,30.88,24.95,5.7,32.43,32.07,8.34
7.68,-40.2937,-35.4822,North Atlantic Ocean,1834.0,1410.5,30.36,8.08,6.93,44.7,29.08,8.09
8.04,-38.2242,-145.3326,Red Sea,7892.4,-465.5,38.13,9.26,5.64,30.03,24.85,9.76
7.95,-0.2577,131.5245,Norwegian Sea,3292.3,609.8,39.92,12.0,5.89,54.13,38.77,6.98
8.31,-28.6338,-130.5538,Baltic Sea,10216.3,1682.4,39.44,1.63,4.69,90.24,37.46,6.73
8.24,-13.7044,90.6448,North Atlantic Ocean,4331.5,2984.9,30.19,24.64,4.91,5.09,48.01,0.76
7.8,34.3832,-21.1616,Caribbean Sea,85.5,1304.7,38.14,34.27,5.39,21.48,7.96,1.72
7.86,-22.88,97.3231,Baltic Sea,5939.8,1814.8,33.35,12.1,4.78,89.32,41.51,7.74
7.56,-85.0518,-142.7737,North Atlantic Ocean,5616.1,2769.4,30.84,-1.76,4.18,7.27,9.76,7.16
8.07,-73.2254,87.4773,Caribbean Sea,3885.1,-93.4,34.01,12.4,1.64,36.86,4.19,9.01
8.26,1.0333,38.9092,North Atlantic Ocean,1425.8,1368.1,35.2,-1.05,8.13,25.15,0.49,0.42
7.92,78.3221,-98.9929,Bering Sea,7460.3,2254.3,34.58,19.71,4.98,17.48,32.03,2.73
8.45,-38.6348,-23.7929,Southern Ocean,3287.5,836.2,31.07,24.76,2.38,27.25,38.5,8.26
7.64,-85.7037,129.244,Coral Sea,495.5,1559.7,39.39,9.28,9.31,58.15,9.1,3.38
8.39,56.4996,14.0229,Bering Sea,10061.3,1971.7,39.15,4.61,6.29,96.81,42.29,1.72
7.52,48.9329,-131.9545,Coral Sea,1772.7,2177.2,36.96,-0.56,3.75,41.43,7.91,3.32
8.41,66.7918,92.0754,Caribbean Sea,1646.5,425.0,32.76,30.37,8.41,44.64,10.31,6.71
7.81,-6.0864,-135.4468,Bering Sea,1602.2,214.1,36.62,16.65,6.43,39.93,16.64,3.15
7.61,-76.3769,-53.2684,Bay of Bengal,2656.5,2722.9,31.74,0.45,7.38,95.54,49.98,7.24
8.49,-63.3975,-142.2462,North Pacific Ocean,2556.8,-419.0,33.18,10.53,6.13,13.11,29.44,9.47
8.24,82.8696,-37.3106,Red Sea,1526.2,2315.6,39.41,14.16,7.26,30.54,16.21,6.94
8.03,64.0871,128.3266,Southern Ocean,8399.4,275.3,30.24,12.58,2.93,3.01,20.28,9.0
7.89,19.2079,100.1395,Baltic Sea,7952.6,2172.2,33.17,29.96,3.03,34.41,35.94,4.61
7.76,-80.6752,147.5587,Caribbean Sea,437.5,1377.3,34.82,13.45,8.29,27.76,9.08,9.26
8.1,-78.0039,14.3802,Bering Sea,1363.1,1249.6,38.39,8.32,10.0,24.29,10.21,7.19
7.95,-57.0339,55.9438,Norwegian Sea,8732.1,706.5,38.8,13.69,4.14,22.28,14.14,0.8
8.01,28.576,47.6409,North Atlantic Ocean,5851.6,2733.5,36.76,11.74,3.46,33.34,28.83,2.05
7.96,85.1047,-162.065,Caribbean Sea,2307.9,132.9,33.6,0.85,1.53,25.21,14.28,4.03
8.14,14.2856,38.2235,Baltic Sea,8691.0,-312.6,39.79,34.6,5.24,6.23,29.61,4.69
8.42,60.8422,-10.4307,Arabian Sea,8163.6,1435.2,30.24,15.04,9.08,26.37,31.92,6.19
8.45,47.8638,-50.2546,Indian Ocean,7993.2,-135.4,39.64,5.31,3.47,97.72,25.83,7.29
8.34,-42.8226,-122.7012,Arabian Sea,930.5,1519.8,39.47,15.36,5.84,94.47,40.29,0.3
7.77,14.9445,-134.9285,Red Sea,8287.6,1325.0,33.94,17.74,5.46,71.45,30.43,2.25
7.75,37.3273,2.5944,Baltic Sea,4408.2,1844.7,31.94,12.79,6.53,19.17,11.84,0.09
8.08,-31.9978,-119.8064,Red Sea,2381.0,2535.4,37.99,10.73,5.36,57.52,49.12,5.27
8.47,19.9337,89.7263,Coral Sea,5078.0,749.5,36.77,24.03,2.17,84.02,24.69,9.21
8.05,-66.7092,98.162,Indian Ocean,3283.5,1569.2,36.39,22.86,2.24,11.07,1.66,1.63
7.61,54.139,-76.2278,Norwegian Sea,9588.4,1262.5,38.14,9.53,3.06,53.07,9.29,0.27
8.37,-34.0562,42.2611,Gulf of Mexico,5678.2,122.5,32.18,18.49,3.1,30.69,34.19,0.62
8.25,-35.1516,-157.5244,Caribbean Sea,7672.6,858.7,31.79,3.07,6.15,40.08,5.93,4.91
7.74,41.3134,146.6389,Caribbean Sea,943.1,1296.2,39.08,16.0,6.74,54.22,20.11,9.22
8.13,51.2027,45.5029,Baltic Sea,3472.9,-212.4,34.74,16.45,1.87,47.93,10.75,2.95
7.72,41.4087,-52.1492,Indian Ocean,7533.6,234.8,36.87,5.06,4.95,91.9,25.0,1.3
7.93,-30.1264,18.6628,Gulf of Mexico,3085.2,1080.8,32.87,5.03,5.96,53.32,1.33,3.84
7.74,75.6887,-54.1259,Caribbean Sea,6323.7,1700.3,35.0,3.21,8.9,68.08,6.72,8.85
8.1,17.1202,-150.8468,Indian Ocean,3061.8,1677.7,32.34,30.02,4.34,55.69,43.87,1.19
7.8,-25.293,-85.6022,Bering Sea,2798.0,322.7,36.06,25.24,7.16,40.43,6.67,1.16
7.67,-27.6085,-176.2685,Southern Ocean,2410.3,2846.4,31.58,5.38,8.01,20.6,18.44,1.84
7.56,-75.7989,98.1094,Indian Ocean,2519.9,441.1,31.49,28.98,1.59,8.11,9.94,0.38
8.13,-59.9044,167.9824,Norwegian Sea,8220.0,1129.2,36.85,9.62,9.25,67.74,0.45,2.11
8.1,27.6351,-69.763,North Pacific Ocean,387.7,1383.8,34.0,10.76,4.13,10.15,2.69,9.78
7.69,-33.3775,78.1636,North Pacific Ocean,2731.6,750.1,38.6,0.31,1.96,8.34,39.54,7.86
7.5,-43.5741,8.4851,Baltic Sea,10003.2,1412.6,33.45,24.85,8.77,91.55,35.89,7.51
7.64,-89.083,-172.3507,Gulf of Mexico,3547.5,822.7,33.61,6.35,9.86,97.03,22.25,6.84
7.81,61.8944,170.8208,Southern Ocean,4171.0,1288.6,32.18,14.72,3.37,60.13,44.78,8.72
8.02,-41.0766,166.4934,Baltic Sea,8679.8,1568.9,37.97,3.47,2.37,3.19,7.55,0.92
8.39,-34.7129,140.2988,Indian Ocean,7753.9,-96.4,39.41,26.77,7.36,76.27,3.45,3.26
7.71,88.9132,-66.6163,Bay of Bengal,285.8,1984.5,33.7,16.1,1.09,51.44,39.15,7.04
7.72,-3.8461,-131.7889,South Pacific Ocean,1171.3,2103.6,34.3,32.75,8.16,77.52,1.03,7.97
8.34,6.6403,-66.6823,South Pacific Ocean,4723.4,-211.4,33.15,6.31,6.35,41.37,7.03,8.27
8.01,-79.3891,85.3024,Southern Ocean,5497.3,-336.0,30.04,-0.23,9.79,74.49,17.82,9.8
8.19,1.4264,-7.9501,North Atlantic Ocean,1825.3,2124.6,37.9,10.5,7.06,79.53,9.49,5.63
7.85,-13.3515,150.1017,Gulf of Mexico,2747.2,2831.4,33.56,17.64,4.21,54.65,32.28,2.21
8.34,66.6261,-172.9873,Bay of Bengal,8606.6,854.9,39.5,19.52,5.15,96.88,23.6,2.19
7.95,4.1186,166.1533,South Pacific Ocean,4274.5,2631.1,31.25,28.58,4.2,30.71,38.73,5.86
8.4,66.4542,164.8904,North Pacific Ocean,8705.2,2490.6,37.37,18.88,7.54,94.61,24.04,7.05
7.9,45.8662,102.3627,South Pacific Ocean,8213.3,208.6,39.03,3.83,8.01,4.42,9.36,5.8
8.31,-87.7281,2.6215,Norwegian Sea,4104.5,1583.8,36.53,20.28,2.97,80.53,10.01,7.16
7.56,85.147,-51.0316,Arabian Sea,9240.3,-441.6,35.92,4.55,5.14,56.03,20.35,3.06
8.18,-76.8196,164.0067,Red Sea,6783.6,2585.5,33.98,28.42,3.54,34.35,27.4,4.6
7.64,-83.7012,68.0721,Red Sea,320.0,1323.4,34.38,1.49,3.74,7.61,36.02,3.76
8.4,-34.1793,95.1834,Indian Ocean,2156.6,2855.9,36.36,3.72,8.09,68.99,13.73,5.21
8.46,-13.6384,110.9665,Indian Ocean,2269.1,715.0,34.62,13.24,1.54,67.56,15.12,5.67
7.82,-49.8066,129.7776,Bay of Bengal,102.1,-418.8,39.88,5.79,6.17,72.58,40.92,6.86
8.06,-0.505,0.5236,Gulf of Mexico,7681.8,503.4,34.61,18.45,4.73,74.26,33.36,0.42
7.9,84.2278,164.3358,South Pacific Ocean,7907.6,671.9,38.96,25.24,5.03,11.88,36.68,7.69
8.11,9.982,-73.7622,Red Sea,8982.7,1223.6,32.62,24.2,6.81,85.88,39.51,8.88
7.85,-69.8817,104.6577,Red Sea,5332.5,41.7,36.65,3.63,5.65,14.7,3.74,9.02
8.32,74.1393,-134.2607,Arabian Sea,3660.3,1869.0,39.68,29.55,3.74,56.59,0.68,5.67
7.53,-70.1979,-47.388,North Pacific Ocean,7350.4,-236.0,39.77,7.34,9.09,79.69,38.7,6.44
8.24,-7.6522,-20.1046,Coral Sea,8279.2,312.9,33.59,3.04,5.68,99.99,27.22,5.56
7.51,-6.8888,19.4642,Norwegian Sea,8546.4,-481.2,33.68,13.6,7.62,19.32,28.75,4.26
8.46,41.077,-152.8456,Red Sea,5717.5,1388.9,31.57,-0.58,9.37,28.98,44.65,1.01
7.54,32.3451,-37.615,Indian Ocean,2874.1,252.3,30.85,4.09,9.95,29.6,47.83,1.65
8.3,20.9651,-67.7382,Coral Sea,1008.8,1599.8,32.59,19.72,4.64,71.11,43.05,2.04
8.2,24.5785,-13.7075,Caribbean Sea,5488.8,1474.6,35.16,-1.63,2.3,50.97,11.91,2.4
8.36,46.8889,82.751,Baltic Sea,3599.8,2248.6,36.35,14.55,8.83,39.57,27.53,7.66
7.63,-58.9951,-125.5339,Red Sea,10227.5,1941.5,30.86,26.84,4.96,94.66,11.53,3.89
7.85,85.7448,65.7072,Southern Ocean,10800.4,-330.7,36.27,7.74,2.19,57.49,19.14,1.41
7.59,8.2136,-51.4846,South Atlantic Ocean,215.6,1313.2,33.88,28.87,6.91,83.57,14.41,6.54
7.79,39.8711,-69.6934,Gulf of Mexico,10139.8,2514.3,30.93,33.59,6.37,96.51,26.0,3.15
8.11,14.2003,-35.1868,Caribbean Sea,5484.2,-267.8,30.23,20.96,2.24,50.45,28.4,6.5
8.47,67.575,128.155,North Pacific Ocean,7793.6,2831.0,38.44,30.69,2.04,90.24,26.63,0.88
7.75,15.7034,-155.7611,North Atlantic Ocean,1987.3,2971.8,38.32,28.7,9.49,79.88,3.02,0.15
7.84,-72.7872,26.8058,Arabian Sea,9595.2,980.8,39.04,22.01,7.02,99.73,19.35,9.59
7.91,67.2685,84.5425,Gulf of Mexico,1639.2,603.2,38.93,10.77,9.29,45.04,16.38,1.21
7.53,-71.578,44.7063,North Atlantic Ocean,8150.1,2458.0,39.75,10.86,3.76,2.16,21.74,0.09
8.19,3.8905,12.7365,Baltic Sea,8278.0,2537.0,32.93,29.09,6.46,10.92,23.5,8.94
7.63,-53.6706,43.98,Bering Sea,360.0,2382.9,33.39,4.62,3.76,75.07,47.38,7.94
8.38,-68.2251,-52.5149,Coral Sea,6465.4,2337.1,36.38,29.73,9.56,81.33,9.2,1.59
7.91,-67.9959,-27.0926,North Atlantic Ocean,7080.5,1882.6,34.06,8.32,3.44,36.02,46.79,2.92
8.37,65.8582,-40.3194,Indian Ocean,8446.7,-380.6,36.18,27.81,5.36,11.54,29.86,9.31
8.23,-27.7552,28.8006,Caribbean Sea,7278.7,1520.5,32.7,24.07,7.38,70.91,48.78,7.81
8.28,-26.4641,138.4913,North Atlantic Ocean,579.9,476.5,38.45,12.62,2.4,63.49,10.52,9.61
7.88,33.3454,-9.8185,Caribbean Sea,5280.7,1584.7,36.61,0.57,6.56,5.51,25.27,8.68
8.31,59.7145,-34.1487,South Pacific Ocean,9050.2,556.2,35.54,12.02,4.8,54.73,35.94,1.72
8.06,57.499,63.9371,North Pacific Ocean,6599.2,512.2,36.49,3.37,8.22,24.76,28.24,6.55
7.67,26.5865,-108.6617,Baltic Sea,1674.4,406.3,30.9,11.91,6.42,11.59,7.44,9.6
8.39,39.1998,141.2434,Gulf of Mexico,1870.2,815.5,35.13,4.83,1.9,18.15,14.79,1.83
7.91,20.8505,92.4886,Norwegian Sea,3442.4,794.6,38.8,34.52,2.47,20.98,17.18,1.11
8.4,59.7319,-54.0687,Southern Ocean,5622.6,2522.7,35.69,28.57,3.32,16.02,33.25,5.73
8.08,-27.9676,-104.9919,Bay of Bengal,3625.9,918.2,31.98,29.55,4.11,18.21,39.1,9.6
7.55,-47.1535,50.2459,Bay of Bengal,2111.3,774.7,30.61,22.42,4.87,53.83,32.67,5.62
8.28,-54.6025,165.3068,Arabian Sea,6719.0,389.6,38.92,9.57,7.03,4.5,16.5,4.37
7.53,18.6471,134.8406,Arabian Sea,9025.4,1415.3,39.17,16.18,4.23,29.8,31.0,3.57
7.6,-47.3265,-152.2016,Bering Sea,6747.1,758.0,39.28,33.06,5.13,10.88,1.56,8.66
7.84,-66.6055,-80.0267,Arabian Sea,1636.5,2923.9,37.6,23.64,9.1,62.17,27.18,4.55
8.13,83.6092,67.4429,South Pacific Ocean,461.7,1148.5,33.22,33.88,2.73,94.8,26.07,2.42
7.93,-21.9523,15.3732,Indian Ocean,6505.2,-487.4,35.94,17.82,5.36,4.44,8.98,4.33
7.9,70.9369,-109.9201,Gulf of Mexico,10765.5,728.3,34.76,-1.26,3.95,89.57,34.24,3.56
7.93,36.7953,131.7823,Arabian Sea,2081.6,163.2,38.5,13.06,8.26,76.51,44.79,4.12
7.63,-27.2796,167.6588,South Atlantic Ocean,6693.2,730.7,36.09,23.3,1.25,54.45,26.09,1.19
8.2,-64.4206,-40.3603,Caribbean Sea,5189.9,390.9,36.91,31.49,2.46,94.93,26.32,5.57
7.7,61.482,33.7146,Indian Ocean,9173.2,274.8,34.82,29.97,3.64,22.07,11.52,5.46
7.94,70.4869,-52.5096,Indian Ocean,651.8,198.7,36.71,20.02,8.84,4.41,45.97,7.89
8.47,-57.1084,-105.6297,Red Sea,4813.7,2705.3,35.2,26.64,7.27,78.37,42.34,0.02
8.43,23.1262,143.3325,Baltic Sea,3299.8,-384.3,38.97,21.42,4.72,12.31,23.35,0.32
8.27,11.3182,-28.2242,North Atlantic Ocean,2685.6,2245.8,32.45,23.18,9.24,83.28,5.54,7.48
8.39,77.1013,-170.1063,North Pacific Ocean,8143.0,-77.6,35.62,16.96,5.18,91.79,47.64,3.62
8.19,26.5785,-63.7256,Bering Sea,2238.9,-334.4,30.9,8.52,2.24,24.86,26.44,0.88
8.32,-41.2758,-37.3404,Southern Ocean,3994.5,706.7,31.91,29.56,7.32,86.32,12.46,7.23
7.75,38.8214,-118.8507,Norwegian Sea,9813.4,1772.2,33.91,17.14,9.26,53.35,26.21,8.76
7.95,5.0395,84.6643,North Pacific Ocean,8467.2,2963.0,35.43,7.72,1.84,34.74,16.33,4.97
7.79,-27.4874,-116.2835,Bay of Bengal,7451.0,417.3,35.66,19.42,3.82,27.97,38.3,3.84
7.54,19.3806,132.125,Southern Ocean,4038.1,407.9,30.3,26.84,7.34,78.51,26.35,1.49
7.74,83.2142,38.6202,Bay of Bengal,7269.0,22.6,36.92,9.48,2.79,66.26,44.57,1.47
7.76,57.1378,105.1879,Caribbean Sea,1758.3,2364.2,38.26,19.88,3.99,84.34,34.5,6.63
8.18,43.6362,65.257,Bay of Bengal,6837.1,2285.0,31.57,23.84,6.97,61.34,30.57,3.36
7.84,-76.257,94.6182,South Pacific Ocean,2401.1,1131.7,36.22,19.67,1.28,35.69,38.83,9.19
7.72,-68.2477,-29.8225,Caribbean Sea,1822.4,701.1,39.23,33.22,8.56,36.09,9.28,0.57
7.51,20.2152,33.5731,Coral Sea,8099.7,273.9,35.99,19.85,1.02,91.22,22.26,0.57
7.9,-84.292,-42.6513,Gulf of Mexico,8983.3,1106.5,31.43,19.69,3.96,66.74,34.46,9.79
8.27,25.6638,79.1821,North Pacific Ocean,9295.3,2332.0,31.0,23.74,3.25,84.25,21.43,9.54
8.13,-35.6525,-68.201,Bay of Bengal,771.0,1932.2,32.02,4.17,8.04,76.18,8.03,1.78
8.4,-61.0291,-59.4702,Indian Ocean,1434.3,1230.8,33.03,11.4,1.27,20.35,10.78,8.62
8.07,-81.6882,118.0006,Bering Sea,9908.9,1377.0,33.5,22.69,8.82,45.45,20.34,8.82
7.55,-51.9247,-115.1468,Indian Ocean,4283.4,1497.7,35.14,8.58,5.01,8.39,42.2,9.24
7.94,35.2633,-36.3563,North Pacific Ocean,7994.5,2167.4,36.57,18.03,7.49,83.65,15.58,1.54
7.92,-9.0898,26.3718,North Pacific Ocean,3709.8,-94.5,31.65,19.33,3.16,55.94,1.28,0.49
8.35,-84.1016,-131.9387,South Pacific Ocean,2302.2,1316.9,35.5,22.55,7.4,91.3,23.09,0.87
8.16,-77.5644,40.6013,North Pacific Ocean,10429.0,266.3,36.44,15.67,2.38,16.82,22.49,9.11
7.77,15.0581,-45.43,Gulf of Mexico,2371.0,2673.6,33.97,8.61,7.04,92.34,39.03,7.96
8.2,60.702,-102.88,North Pacific Ocean,6836.9,2710.2,34.79,33.76,7.13,88.72,13.63,3.78
8.33,17.2948,-159.4529,Baltic Sea,3697.5,182.2,37.46,22.64,9.59,16.1,10.52,8.62
7.56,-20.679,22.7848,Southern Ocean,10197.9,2552.6,38.17,4.62,7.36,76.27,40.84,9.12
8.22,-11.4376,169.6917,Baltic Sea,8967.4,2071.4,34.14,12.19,8.58,47.06,48.93,5.15
8.3,-18.009,98.3582,South Atlantic Ocean,2863.4,1268.9,32.7,15.33,1.6,26.4,28.36,2.12
7.86,71.433,-37.3793,Gulf of Mexico,4517.1,2079.0,35.26,22.33,6.38,92.14,40.3,9.59
8.45,-62.5129,-111.7394,Baltic Sea,5941.4,-237.2,34.96,25.43,4.25,79.57,3.04,1.38
8.33,-21.3072,90.257,Caribbean Sea,442.7,2769.4,35.95,34.17,3.66,16.4,22.68,7.51
7.76,-34.5109,130.9373,South Pacific Ocean,3410.9,1614.4,33.59,7.4,2.46,95.11,22.44,7.08
7.89,16.0549,-55.7461,Norwegian Sea,7250.7,-434.6,38.16,22.0,3.1,52.8,1.56,0.27
8.41,34.5767,-157.6153,North Atlantic Ocean,729.8,840.2,35.68,6.13,6.43,54.8,33.49,6.33
8.33,3.1306,42.9239,Southern Ocean,3350.5,939.0,35.6,8.13,7.65,66.97,19.32,7.81
8.31,88.4628,-146.9897,Southern Ocean,7225.9,2564.8,32.48,0.19,5.63,42.05,26.92,1.95
8.47,-44.2428,-117.5155,Coral Sea,2576.6,2044.5,34.96,30.41,4.44,36.96,7.37,6.5
7.57,-86.6675,-178.4165,Arabian Sea,2506.4,-202.3,39.07,33.42,8.45,75.95,31.18,1.02
7.56,40.2248,-86.0779,Southern Ocean,2214.4,-418.0,35.54,24.9,6.2,49.07,8.07,7.11
7.94,-45.9361,94.2457,Baltic Sea,8819.9,-372.6,31.13,15.43,8.27,57.82,28.77,9.81
8.41,84.7171,115.4627,North Atlantic Ocean,8457.0,-385.0,35.21,23.5,4.4,35.68,35.03,7.53
8.03,54.6505,161.3316,Norwegian Sea,7963.3,641.7,31.87,31.39,6.72,59.24,36.41,2.05
8.43,22.7004,116.2021,Caribbean Sea,9042.2,393.6,39.14,31.01,9.65,66.0,15.67,6.02
7.66,36.7849,-103.9375,Baltic Sea,1434.5,2302.3,35.3,3.84,1.58,24.93,22.6,5.49
8.24,53.9436,8.4577,North Pacific Ocean,7441.4,1903.3,37.34,25.65,7.05,92.2,28.4,1.18
7.82,33.1947,31.2654,Arabian Sea,5371.3,51.3,30.61,2.11,7.56,51.08,42.9,5.99
8.18,-33.4645,-134.0982,Coral Sea,3403.1,1521.8,34.06,30.81,1.49,37.07,46.86,5.52
7.93,1.1409,-23.2409,North Pacific Ocean,4167.1,2794.4,35.97,25.68,7.24,69.69,45.69,1.15
7.8,-33.439,-70.0818,Bay of Bengal,5582.4,1574.0,31.12,16.95,6.13,93.95,43.49,3.05
8.36,36.4867,91.0228,South Pacific Ocean,4506.0,1091.9,30.59,19.99,3.57,54.48,1.76,8.29
7.89,-88.4998,-151.3135,South Pacific Ocean,1652.1,2321.4,39.17,22.57,4.0,33.12,26.21,7.83
7.73,-20.5915,-80.698,Bay of Bengal,6307.5,2421.0,31.14,0.54,6.69,66.36,32.67,0.42
7.65,-61.4591,-142.6742,Caribbean Sea,512.9,832.8,35.22,22.57,5.58,92.16,29.33,4.6
7.68,80.8895,-13.3057,Red Sea,2586.7,122.6,39.45,-0.58,9.24,18.05,39.08,9.54
8.02,39.4663,-112.0036,South Atlantic Ocean,8454.6,2383.9,30.13,12.59,9.74,53.44,45.97,7.47
7.55,0.6199,-142.212,Indian Ocean,3228.8,2215.7,38.54,6.4,6.38,22.16,0.19,1.24
7.58,-46.4127,57.0349,Southern Ocean,10321.5,1893.9,32.08,2.64,5.5,53.31,22.87,8.82
7.95,-86.5386,124.242,Baltic Sea,9212.5,1085.6,39.32,0.03,7.3,77.64,19.32,0.91
8.2,46.0298,-107.4593,Gulf of Mexico,4220.2,97.0,34.97,-0.87,1.06,80.34,0.84,4.52
8.19,-0.6638,-136.0224,Arabian Sea,9894.0,2219.3,31.46,4.77,7.9,3.6,3.94,7.86
8.4,-73.8855,57.7248,Indian Ocean,1874.9,238.7,35.14,11.2,1.1,30.1,19.15,4.07
8.01,13.5103,-164.4215,Bering Sea,2183.1,392.5,36.29,7.11,6.69,20.46,21.03,4.77
7.72,-82.7976,-94.199,Baltic Sea,9216.4,71.1,36.14,8.97,3.03,28.92,44.05,7.12
8.3,-12.025,-70.2124,Indian Ocean,9060.3,2588.9,37.38,15.1,9.18,46.27,6.16,1.73
7.65,-10.8351,151.0502,Caribbean Sea,8220.1,1206.2,39.9,8.04,3.8,7.02,38.97,7.71
8.17,65.458,-53.612,Norwegian Sea,8684.8,-77.2,33.32,20.66,2.95,49.12,45.14,5.19
8.2,87.7238,11.7153,South Atlantic Ocean,6183.0,2173.1,36.22,5.64,9.36,73.34,30.61,3.59
7.69,-64.0779,98.2799,Red Sea,845.4,1431.4,30.64,6.37,3.49,49.69,7.78,0.88
7.55,36.3723,124.2749,Gulf of Mexico,9835.9,2158.5,35.23,7.4,5.19,65.09,32.65,4.86
7.69,66.9035,-145.5981,North Atlantic Ocean,1444.4,1823.9,39.75,32.65,6.45,77.7,14.76,9.89
8.29,-12.5839,91.5018,Baltic Sea,1886.5,2181.9,34.5,22.74,7.8,93.15,28.87,3.95
8.33,-31.2128,91.3419,Gulf of Mexico,8719.9,-36.9,37.66,9.94,7.09,84.24,28.74,5.68
7.76,-86.3986,136.1871,South Pacific Ocean,563.2,-6.2,33.88,25.11,1.21,84.93,4.26,5.53
8.02,11.4221,95.6212,South Atlantic Ocean,5400.5,1257.4,39.55,28.84,9.9,31.13,33.94,6.17
7.56,-57.5171,-133.4385,Bering Sea,2939.0,2256.7,33.86,32.24,7.97,35.7,0.46,0.01
7.69,-76.6227,-71.7284,Southern Ocean,3737.4,1827.1,38.13,0.88,6.59,28.68,5.89,2.31
8.07,-89.2659,-27.583,Bay of Bengal,4272.0,2275.3,37.85,29.07,5.6,85.46,10.13,7.1
7.73,82.976,-139.2321,Southern Ocean,1913.5,769.7,31.51,29.16,9.96,38.57,45.32,6.11
7.55,64.4447,-136.5371,Norwegian Sea,8855.2,-380.8,38.47,28.32,4.37,0.85,9.42,1.67
8.39,83.2081,103.883,Baltic Sea,3141.4,-100.5,37.06,16.72,7.5,9.21,7.75,2.38
7.73,79.5124,-118.6898,Arabian Sea,4496.8,517.7,31.7,31.29,9.09,12.64,29.13,5.29
8.28,22.5507,145.8314,Baltic Sea,828.4,2720.1,32.47,22.29,1.94,5.84,34.32,6.18
7.92,19.1081,-103.4846,Caribbean Sea,1072.6,2069.0,33.34,12.52,6.95,58.69,32.98,2.23
8.21,62.48,-3.2997,Caribbean Sea,6557.8,1607.8,30.11,11.57,8.09,7.98,18.52,0.75
7.86,80.3813,-103.8004,North Atlantic Ocean,4660.0,2653.6,35.92,26.28,4.78,65.26,45.01,8.54
8.1,16.0875,158.8117,Caribbean Sea,5381.1,-486.6,36.78,29.47,7.36,24.98,6.36,1.55
8.16,-68.4187,15.1768,North Atlantic Ocean,6589.5,1319.7,33.66,6.3,2.16,77.66,47.39,1.33
7.62,-66.3113,21.4563,Southern Ocean,9387.8,1958.3,33.27,28.83,2.35,61.69,40.99,6.75
8.38,28.786,133.6214,Indian Ocean,2598.7,-404.4,37.37,22.56,7.43,89.99,34.56,2.91
7.85,-75.4605,-126.1107,Bering Sea,476.0,2037.3,33.2,23.48,1.83,46.41,3.95,0.99
8.29,20.1033,-148.7504,Red Sea,5464.2,1805.7,30.93,-1.39,3.06,39.15,45.95,9.36
8.05,83.501,170.8509,Arabian Sea,6265.9,1635.1,35.45,24.28,3.2,32.83,1.22,1.79
7.68,-89.4054,150.6701,North Atlantic Ocean,481.9,2861.8,37.91,2.98,6.12,18.18,25.43,6.65
7.86,-56.5656,-89.0189,Caribbean Sea,1449.2,136.4,35.96,13.59,7.58,33.35,42.85,4.67
7.59,80.0184,33.1827,Bay of Bengal,9641.0,2902.1,37.03,29.66,7.49,0.84,10.06,0.8
7.77,-2.0067,69.6475,Red Sea,146.2,2714.9,37.79,15.83,9.57,91.18,9.27,2.22
7.71,-38.3706,153.6141,South Pacific Ocean,8763.2,2303.3,39.33,28.46,2.97,97.36,13.65,5.34
7.77,-45.2131,-104.3246,Southern Ocean,7698.3,2717.8,38.13,31.68,6.6,90.21,11.16,2.2
8.3,65.5044,103.7386,Baltic Sea,10498.9,2874.8,34.43,34.58,2.63,6.98,17.09,4.16
7.58,-12.6783,-115.7116,Bering Sea,2507.1,1434.4,32.87,32.62,9.13,14.19,1.67,3.25
8.13,24.4208,21.3956,Arabian Sea,2395.1,970.8,30.1,31.16,9.78,82.73,24.67,8.21
7.85,-34.2121,-107.8365,Indian Ocean,5879.3,583.3,33.81,14.96,1.74,49.8,47.08,8.92
7.98,8.1021,-72.8145,Indian Ocean,5327.6,288.5,32.08,28.15,8.66,5.93,17.44,4.52
7.71,53.284,11.4328,Indian Ocean,7235.6,1266.9,36.55,19.64,5.2,32.49,1.01,7.1
8.45,-29.0581,-64.9771,Red Sea,7550.5,2232.3,33.9,17.1,7.44,36.46,43.02,2.25
8.16,-18.3886,178.9759,North Atlantic Ocean,612.3,818.1,38.03,7.72,7.65,64.18,12.02,4.74
7.7,-10.206,52.0617,Bay of Bengal,6536.6,2380.6,39.96,-1.02,5.03,6.39,42.98,1.66
7.99,17.8065,121.088,Red Sea,7529.1,1241.8,37.89,34.13,6.13,90.29,26.72,3.61
7.66,-35.2355,-109.1594,Arabian Sea,4466.3,353.8,37.7,12.31,2.35,8.87,19.39,0.78
8.41,-9.7708,-133.1206,Baltic Sea,9819.2,1650.3,34.62,21.0,9.82,38.02,26.82,4.93
7.97,8.6157,-79.1126,Bay of Bengal,5044.6,2769.4,33.9,16.91,9.6,3.81,45.59,3.12
7.57,-26.1708,113.2082,South Atlantic Ocean,8520.4,80.3,30.98,25.58,9.89,59.57,26.83,0.93
7.65,-88.7327,-108.567,Coral Sea,1068.7,1278.5,36.08,6.81,6.68,89.81,47.63,8.06
8.0,-41.4199,-91.5795,South Atlantic Ocean,10365.2,-254.0,33.19,6.55,9.02,87.59,18.19,7.61
7.7,56.8693,87.5188,Gulf of Mexico,5331.6,2186.7,34.89,15.65,4.23,45.63,31.7,7.32
8.21,-38.9769,108.3266,South Pacific Ocean,2073.5,2567.3,35.22,-1.17,2.21,21.49,9.53,9.52
7.93,58.0217,17.0867,Southern Ocean,1178.9,144.6,35.37,23.75,2.14,20.51,17.94,8.13
8.06,-16.3794,-128.0995,North Atlantic Ocean,5466.6,-7.8,33.86,28.46,7.17,13.78,35.28,6.53
8.12,65.929,120.505,South Pacific Ocean,2106.9,-384.3,33.85,26.34,9.93,55.39,49.59,2.24
8.45,-22.4251,29.5588,Bay of Bengal,2615.3,2058.6,30.97,33.33,3.48,20.33,14.48,0.78
8.43,-37.3698,155.588,Southern Ocean,549.7,-352.8,33.74,12.98,6.25,46.66,5.64,0.12
7.88,-47.231,-105.6552,Arabian Sea,10170.1,2899.2,37.87,3.57,8.27,97.25,31.8,0.86
8.4,-35.5182,-127.3829,Coral Sea,4355.3,352.4,33.26,31.95,3.24,13.34,16.12,0.05
8.49,-54.3023,-98.7394,North Atlantic Ocean,8845.7,1584.4,34.5,11.55,6.07,33.47,49.55,0.87
8.38,45.0978,-111.5389,Baltic Sea,8788.2,1811.7,34.54,30.05,1.92,77.49,12.46,5.7
7.55,86.7302,109.9954,Red Sea,8304.8,49.9,37.64,18.94,7.33,39.53,26.5,0.65
7.83,-18.4999,-145.7171,Coral Sea,8907.3,45.2,33.68,23.34,5.84,56.5,8.05,3.23
7.61,-30.0187,112.2257,South Pacific Ocean,258.5,-445.9,31.7,26.53,1.7,3.36,2.6,8.82
8.18,24.7636,52.4825,Baltic Sea,7845.6,2133.3,30.35,15.35,7.9,10.23,41.2,9.52
7.85,-12.5181,150.0971,Bering Sea,8743.1,-47.9,37.63,13.32,6.12,54.47,13.49,7.13
7.69,-81.3455,-12.116,South Pacific Ocean,4230.9,558.3,34.53,24.12,8.1,6.44,23.25,7.87
7.71,-28.016,-82.8254,Indian Ocean,5667.1,1298.9,34.45,5.01,6.06,86.66,1.39,6.04
7.88,54.029,144.781,Norwegian Sea,9011.3,2170.6,33.23,25.81,6.4,84.48,47.91,9.36
8.1,-77.6392,-177.4073,North Atlantic Ocean,10168.8,452.0,30.53,21.74,2.56,0.2,2.92,5.71
8.18,-43.4373,150.4978,Southern Ocean,4613.3,2126.2,37.41,18.99,3.13,6.46,29.55,7.07
7.52,85.4718,44.9113,Indian Ocean,3646.7,805.1,37.76,29.8,8.69,78.38,41.97,4.71
8.48,-39.0422,-121.8158,South Pacific Ocean,2128.9,1822.0,39.42,28.73,6.67,69.84,8.64,2.06
7.54,63.273,-74.4883,Southern Ocean,2502.1,939.0,34.28,10.91,3.26,8.62,45.78,7.15
8.48,71.8454,32.4316,North Pacific Ocean,3495.0,2593.7,31.51,10.26,6.81,20.72,11.14,2.36
7.77,32.7291,-145.0517,Coral Sea,304.3,645.2,34.05,8.47,8.6,27.02,32.36,1.21
8.39,-4.6099,-159.3323,Coral Sea,9137.6,2012.5,33.86,18.64,1.45,56.76,39.03,8.5
8.38,81.9945,6.7948,South Pacific Ocean,9543.6,1592.6,35.44,8.63,4.84,31.34,2.86,4.68
7.98,83.4305,-167.9366,South Pacific Ocean,1168.5,2352.8,31.82,12.43,8.49,21.87,4.49,2.56
8.25,24.5172,97.5578,North Atlantic Ocean,9072.8,2621.7,33.59,10.75,6.01,30.04,12.78,6.12
8.16,44.1931,70.8702,Bay of Bengal,6808.3,2715.9,39.32,5.78,4.06,97.23,1.7,9.1
8.32,68.5199,153.9075,Red Sea,3203.6,1725.9,38.43,31.08,9.76,38.09,14.25,2.68
8.06,-70.7112,117.2454,Indian Ocean,1936.2,588.0,31.19,13.76,3.54,71.81,32.12,9.02
7.84,11.7339,-157.124,Coral Sea,9367.2,-259.7,30.44,15.95,5.9,42.6,48.57,3.42
7.92,65.4404,-107.2946,South Pacific Ocean,9392.2,268.3,35.76,22.32,9.73,8.95,48.45,2.6
7.64,74.3653,-107.8052,Bay of Bengal,5544.4,79.7,38.63,23.44,5.02,11.98,19.06,0.7
7.79,89.9352,-20.802,South Atlantic Ocean,10472.0,201.2,35.48,2.79,8.78,44.74,18.6,8.52
8.47,41.9189,16.7814,North Atlantic Ocean,6400.1,2773.7,33.29,3.8,4.44,82.18,35.06,2.21
7.93,-52.3506,-13.393,North Atlantic Ocean,5202.5,1235.6,39.87,32.51,2.42,26.62,3.07,2.61
8.21,24.1778,-98.242,Baltic Sea,2035.5,1011.6,30.0,17.9,3.61,53.97,24.43,7.82
7.81,88.1137,149.4331,Southern Ocean,1749.6,294.6,30.82,14.75,3.41,64.96,23.88,8.82
8.22,15.7661,-166.697,Caribbean Sea,2461.4,1247.0,30.45,24.42,9.49,93.38,26.31,9.34
7.98,-20.5831,-169.1386,Bay of Bengal,9990.5,2957.1,30.93,19.47,6.57,46.44,15.8,6.54
8.29,-41.1583,93.2562,Norwegian Sea,2582.8,233.6,35.23,10.43,5.65,33.42,15.56,8.91
7.9,-27.169,-77.4433,Indian Ocean,9979.8,499.5,32.86,17.19,2.06,60.23,3.34,4.15
8.46,42.4851,87.7302,Bay of Bengal,8322.1,2173.5,39.58,5.88,3.25,29.68,5.96,8.63
7.68,-52.1241,-72.2983,Indian Ocean,5672.4,2750.6,37.84,22.51,3.15,37.84,33.37,8.9
8.01,25.3558,23.7393,Red Sea,4255.8,1339.2,32.04,16.39,4.28,40.22,30.08,6.04
7.66,22.844,131.573,Gulf of Mexico,2254.7,2205.7,33.53,23.3,5.21,42.24,36.26,4.23
7.76,-42.4662,-112.4805,Baltic Sea,7089.9,-443.6,38.7,21.7,2.28,13.57,46.18,0.8
8.02,0.7689,78.2104,Gulf of Mexico,10707.9,1742.5,31.72,16.34,6.36,10.63,2.75,8.99
7.68,65.9609,112.1096,Bering Sea,9753.1,-350.6,37.02,27.07,3.76,41.23,13.68,8.54
7.61,53.1527,170.5744,South Atlantic Ocean,3211.6,2964.8,35.63,25.76,6.24,7.89,40.61,4.04
8.35,15.507,-111.3009,North Pacific Ocean,10831.7,1431.3,35.51,12.39,6.38,45.43,45.61,3.86
7.87,30.1031,0.4032,Southern Ocean,8782.9,63.9,36.28,19.29,1.32,94.52,15.85,3.58
8.21,-83.6929,-74.1775,Coral Sea,7426.4,2517.7,33.71,26.17,3.81,58.3,35.75,1.42
7.98,-73.9325,-23.1641,Norwegian Sea,1146.5,2007.8,36.28,28.87,2.98,1.07,15.92,8.08
8.25,-22.5383,-156.0536,Indian Ocean,8676.3,677.8,37.54,16.12,1.7,49.0,28.76,4.08
7.76,-20.9385,141.7818,South Atlantic Ocean,1186.3,-346.2,35.24,28.27,9.17,10.99,13.86,3.44
7.6,-36.3825,-64.5118,Red Sea,5482.7,1766.3,34.46,6.37,3.41,46.68,35.5,7.51
8.02,27.1072,176.0153,Bay of Bengal,8582.5,1725.5,30.81,-1.73,7.49,97.44,35.89,9.4
8.13,19.2565,-21.4431,Bay of Bengal,1387.0,593.5,30.2,0.49,9.9,94.76,18.76,4.08
8.45,33.2181,-52.5284,South Pacific Ocean,9872.4,1755.7,33.07,30.86,4.79,42.38,30.08,6.82
8.27,-48.418,1.4489,Gulf of Mexico,10066.2,93.1,30.3,6.33,5.37,92.3,16.56,0.92
8.37,-89.5125,-129.6386,Bay of Bengal,6899.9,2733.7,39.58,13.67,2.51,6.37,12.82,8.83
8.23,84.0997,124.6839,Bering Sea,7944.4,779.6,30.17,17.17,7.8,15.41,49.02,9.43
8.49,49.0635,110.8539,North Pacific Ocean,4671.5,39.5,39.51,-1.87,9.4,19.18,43.49,1.29
8.24,-7.7404,116.4026,North Atlantic Ocean,3923.4,2526.9,36.68,33.35,9.35,5.36,20.15,6.08
8.15,-82.1235,-30.6679,South Atlantic Ocean,8561.3,853.2,31.07,9.0,5.24,61.47,6.39,4.79
7.82,-54.1568,-50.8546,Caribbean Sea,1765.2,1876.2,32.54,24.3,6.42,58.07,39.36,6.48
7.75,-80.4673,165.1735,Bay of Bengal,6218.3,1662.0,39.78,21.61,8.38,58.2,2.99,1.49
7.78,-4.104,24.4086,Red Sea,5514.1,92.2,30.04,29.02,7.33,26.23,42.5,7.24
7.53,-50.9101,139.9861,South Pacific Ocean,8195.2,952.6,30.23,34.6,4.0,65.47,15.65,3.54
7.73,6.9414,-86.5399,Bay of Bengal,9336.1,2400.1,38.85,13.44,9.22,4.82,20.11,6.2
7.79,-78.835,16.0568,North Atlantic Ocean,7092.3,175.5,34.95,27.39,7.51,22.88,14.79,5.62
7.59,37.9495,62.7857,Gulf of Mexico,10262.1,1237.7,30.69,14.71,8.38,94.89,12.76,8.89
7.51,-71.8747,-144.6397,Baltic Sea,4774.0,1335.8,38.11,26.82,2.74,1.47,34.03,4.76
8.0,-34.2989,138.1696,Baltic Sea,9272.3,2592.6,34.1,-0.71,5.52,12.51,11.58,9.52
7.68,26.1348,-20.9981,Bering Sea,2069.9,1627.8,34.39,3.86,8.03,97.04,29.47,0.27
7.73,-70.6341,106.8352,Baltic Sea,44.2,2533.5,38.52,7.61,6.5,80.73,43.47,3.56
8.48,86.1373,107.5983,South Pacific Ocean,6933.9,2574.2,30.27,11.99,7.38,71.46,36.34,5.11
7.65,-55.579,65.2971,Red Sea,1957.4,1033.8,38.83,18.39,7.28,95.6,45.45,0.35
7.55,-83.5002,-43.2384,Bering Sea,10752.7,-184.5,37.74,34.02,1.05,17.72,45.39,6.88
8.33,30.3399,22.1381,Coral Sea,700.2,2617.2,31.97,11.09,6.33,46.28,3.63,2.42
7.77,-21.323,110.225,South Pacific Ocean,6150.2,130.3,33.98,6.84,7.67,17.48,20.68,0.1
8.0,84.1225,-143.0625,Arabian Sea,9565.2,1398.6,35.82,12.38,3.73,74.14,46.08,3.78
8.33,-74.2865,114.3207,North Pacific Ocean,6499.9,-55.3,32.31,24.43,5.56,85.0,34.55,4.44
8.01,-26.093,-76.7209,Indian Ocean,5369.1,2863.8,32.63,4.84,4.53,86.2,44.12,9.68
8.39,16.8017,-43.9097,Bering Sea,5510.8,-456.7,35.17,29.99,5.56,42.89,40.03,1.32
8.16,7.9731,-77.9699,Norwegian Sea,1709.2,651.6,35.95,31.94,9.42,79.07,42.91,2.65
8.12,-2.1443,173.6068,North Pacific Ocean,4770.1,2938.1,33.63,12.05,5.31,95.65,3.58,9.68
8.26,-20.9029,76.6999,Gulf of Mexico,10293.6,121.1,39.57,11.74,3.92,61.88,29.03,7.6
7.72,60.2476,179.2951,Coral Sea,386.8,2009.7,31.61,21.18,7.86,85.28,48.07,3.32
7.67,-65.1459,-145.3877,Caribbean Sea,7162.6,1720.4,33.37,3.06,7.4,77.58,18.88,4.91
8.34,0.259,168.6347,Baltic Sea,7138.1,-458.0,37.7,19.06,4.65,31.86,26.22,8.85
8.4,13.0405,-98.4602,Gulf of Mexico,10183.0,2594.2,36.22,3.7,8.13,91.32,3.19,8.07
7.66,69.2557,-173.2883,Bay of Bengal,1257.4,-419.9,31.12,21.76,1.04,84.4,42.62,3.91
8.03,-39.1561,-102.1789,Southern Ocean,7689.0,1982.2,32.83,29.9,9.4,24.06,20.91,0.83
7.67,-40.7197,-113.7377,Gulf of Mexico,9254.2,1077.9,34.93,-1.98,7.04,7.49,10.85,1.46
7.53,55.7781,89.0497,South Atlantic Ocean,1216.5,-271.2,34.52,10.97,6.81,50.94,8.41,5.13
8.0,-40.1643,61.8161,Caribbean Sea,3015.1,1149.2,33.9,23.37,7.8,20.16,49.16,7.39
8.1,-80.3017,-51.9362,Red Sea,6223.5,1862.3,30.1,13.8,3.14,49.23,15.13,4.43
7.97,4.0181,-113.3196,Bay of Bengal,80.0,-300.6,32.5,15.33,2.5,87.6,33.79,6.47
8.28,46.627,-50.5842,Gulf of Mexico,1118.8,2681.4,31.97,20.93,8.75,7.13,36.63,6.61
7.73,-62.3741,167.6454,Baltic Sea,531.0,651.4,30.37,17.36,9.29,14.39,14.83,5.76
8.42,47.1651,-71.3958,South Atlantic Ocean,29.2,188.7,33.89,11.15,6.25,17.17,6.83,5.15
8.06,-26.187,67.4482,Bay of Bengal,6368.7,2449.7,30.76,13.64,5.28,83.82,44.99,2.34
8.03,80.7302,-59.272,South Atlantic Ocean,5700.4,947.6,30.92,17.59,8.3,8.7,34.29,1.47
7.95,-74.3363,110.0952,South Pacific Ocean,5213.3,2507.7,39.39,30.64,7.13,31.08,1.71,9.06
7.72,-33.2467,27.3243,North Pacific Ocean,10683.3,557.0,36.19,34.87,4.23,3.87,25.77,4.11
7.78,-52.1747,59.7781,Bering Sea,6066.2,1546.2,35.01,5.06,1.41,77.23,24.31,7.94
8.05,71.4395,-166.3539,South Pacific Ocean,10460.2,2917.1,32.45,20.81,4.63,64.08,4.47,2.97
8.24,-39.738,84.8649,Coral Sea,6600.6,759.8,32.58,9.23,7.3,18.41,39.51,5.91
7.64,-42.1861,-83.1754,Southern Ocean,7001.6,1253.7,33.28,21.54,8.42,23.04,20.13,1.53
8.02,36.8448,51.7695,Caribbean Sea,1218.9,2327.3,30.75,26.43,1.48,11.84,7.91,4.85
7.53,80.8365,-29.1122,Gulf of Mexico,4629.8,1716.9,36.84,30.61,6.33,51.31,5.09,3.6
7.68,16.2416,-64.5984,Southern Ocean,9277.5,2257.6,32.86,14.89,1.58,9.84,31.26,2.86
8.3,79.5439,-53.7671,Southern Ocean,9315.7,747.0,39.29,16.42,1.05,16.75,20.08,1.37
7.78,28.4452,-138.0453,South Pacific Ocean,9163.8,946.4,33.43,5.41,9.18,49.7,7.15,8.55
7.78,-54.5155,-132.0227,Red Sea,6875.6,-397.3,38.21,7.92,3.52,73.45,25.92,9.86
8.03,44.0197,-137.5958,Baltic Sea,5054.9,2308.1,32.24,1.58,2.96,28.15,8.57,7.46
7.87,-36.6401,62.6816,Red Sea,7760.2,1443.9,39.8,32.86,2.02,22.35,18.43,7.86
8.34,-34.4141,-79.0128,Arabian Sea,3918.0,1461.2,33.56,13.32,7.82,75.47,34.68,2.78
7.95,55.5845,165.5538,North Atlantic Ocean,3386.5,663.7,39.49,7.17,3.22,25.28,0.63,6.61
8.36,-43.4224,115.398,Red Sea,8607.5,2631.3,38.22,32.02,8.19,69.13,29.78,0.66
7.51,-30.014,-55.7189,North Pacific Ocean,3518.8,1982.1,32.04,19.33,2.6,51.59,25.47,6.34
8.31,87.6948,5.7097,Coral Sea,1822.1,-295.8,39.18,21.14,1.34,50.6,35.56,7.69
7.53,-59.3926,102.5843,Arabian Sea,10730.8,2174.0,30.9,23.23,5.71,48.23,49.44,0.42
8.37,23.7819,-127.3607,Red Sea,5695.0,-356.6,31.91,17.93,5.62,7.94,45.29,2.49
8.45,-18.9707,-114.2631,Arabian Sea,3103.8,686.6,35.51,29.56,7.34,96.59,23.08,5.74
8.39,-32.4495,-43.6708,Indian Ocean,4936.1,1095.1,38.76,12.79,6.53,46.68,11.43,3.85
8.39,-66.0557,8.0657,Bering Sea,1767.8,1769.8,33.99,18.17,4.88,41.95,2.95,5.46
8.05,5.8553,-134.2619,Bay of Bengal,3169.5,1859.2,31.65,20.71,4.32,9.43,49.72,6.74
8.45,12.5822,-12.0252,North Pacific Ocean,4863.9,1256.5,30.3,20.53,8.31,41.33,38.28,8.35
7.62,33.8253,-109.3783,Norwegian Sea,2097.4,647.4,37.6,2.17,9.23,74.54,27.67,1.0
7.61,51.8373,136.4626,South Atlantic Ocean,7621.6,1597.2,36.64,23.65,5.89,20.77,29.03,9.72
7.78,-15.7122,156.6698,Southern Ocean,1537.5,1893.0,35.28,21.12,8.44,67.12,45.54,5.65
8.05,6.9496,84.8181,Bering Sea,9535.4,510.2,31.69,19.01,7.08,74.81,8.06,0.73
7.67,-78.2665,-130.6712,Caribbean Sea,7729.2,1586.5,32.0,16.6,1.37,62.31,40.28,3.09
8.38,-14.9011,67.5506,Baltic Sea,5819.1,1261.2,36.24,18.97,6.7,97.6,43.84,1.58
7.76,-66.2492,14.1955,Bering Sea,9081.4,-260.3,39.99,1.86,2.15,43.81,9.82,3.3
8.41,-89.8696,125.814,Arabian Sea,592.6,2465.2,31.35,14.6,5.92,30.71,32.84,1.82
7.79,-79.2452,-42.676,Gulf of Mexico,7572.0,2696.5,39.41,16.9,6.35,3.46,14.68,2.02
7.64,-85.5518,173.017,Gulf of Mexico,2049.1,1626.1,39.37,33.27,1.16,24.67,12.26,1.1
8.24,-19.3896,108.3966,South Atlantic Ocean,3145.0,2307.7,38.76,7.94,7.5,70.49,8.87,2.71
7.55,-20.8188,-107.1873,Bay of Bengal,4381.9,1576.9,35.36,29.88,5.97,30.58,43.15,4.96
8.28,-54.1824,61.0578,Indian Ocean,5811.0,1328.0,34.6,34.52,7.11,30.85,30.32,0.59
8.43,-6.2651,6.7416,North Pacific Ocean,8326.8,1770.2,30.7,11.57,4.51,70.88,27.81,8.48
7.73,-75.6857,84.7548,Bay of Bengal,2378.2,1601.9,30.68,30.02,4.47,57.81,0.08,2.9
8.31,-37.4685,-44.7943,Caribbean Sea,6342.1,1975.8,31.92,23.48,5.69,43.1,9.74,3.68
8.42,-81.8203,-175.1333,Red Sea,2939.4,1666.7,34.84,30.58,5.27,5.99,33.22,4.96
7.82,-88.7933,-40.4773,South Pacific Ocean,1679.9,2905.0,34.63,28.38,8.52,13.46,23.76,6.42
8.28,15.6664,56.9583,Southern Ocean,10053.8,1683.7,33.36,15.02,4.66,45.42,12.73,8.06
7.6,39.1112,-131.6847,South Pacific Ocean,5166.5,955.1,37.39,27.8,7.62,58.91,31.28,5.59
8.37,-43.4529,157.8837,Baltic Sea,2108.7,-332.5,30.73,23.17,9.65,39.69,3.25,6.76
7.97,34.6938,-58.7835,Indian Ocean,9070.8,2150.3,38.42,27.91,7.67,23.67,10.63,5.78
7.75,23.0142,32.4022,Gulf of Mexico,3506.4,-113.4,30.29,20.34,2.06,84.25,28.82,7.33
8.03,49.5912,-140.1418,Red Sea,1431.7,1441.1,39.24,23.08,8.51,71.87,37.87,4.8
7.76,-53.0236,-171.0367,North Atlantic Ocean,674.3,-469.3,37.46,-1.28,8.84,90.31,22.63,0.92
8.3,-3.4534,8.4532,Gulf of Mexico,3679.1,1995.9,36.29,9.19,3.87,91.74,9.26,6.58
7.82,-52.0404,-9.8783,Coral Sea,9341.9,145.0,31.55,24.32,4.74,65.54,5.18,2.77
7.57,66.7187,179.1994,South Atlantic Ocean,4749.0,721.3,33.09,21.68,3.69,39.43,20.75,3.61
7.54,26.1821,116.8174,Bering Sea,1915.4,2087.5,34.89,23.92,9.48,47.59,31.84,5.3
7.76,-74.6532,73.0531,Indian Ocean,3271.8,1584.0,37.66,6.47,2.82,6.48,26.86,4.28
8.03,-24.1458,50.5806,North Atlantic Ocean,1324.8,229.8,32.06,12.52,4.42,11.64,9.73,6.74
8.14,-83.0966,160.1958,North Pacific Ocean,7468.9,673.1,38.36,21.36,3.82,26.11,45.3,4.79
8.01,87.2596,141.505,North Pacific Ocean,1951.9,1064.4,38.01,24.22,1.21,16.66,44.9,0.48
8.2,58.1967,-144.304,Southern Ocean,4879.2,881.8,36.2,18.85,7.77,11.65,19.63,5.2
8.18,-26.4706,-66.7299,Bering Sea,385.6,1694.7,36.79,-0.05,4.56,45.11,35.35,8.61
8.07,-20.8223,-102.8214,North Pacific Ocean,7206.6,972.6,32.14,1.77,7.07,53.98,10.8,4.04
8.18,-23.4965,61.1338,Baltic Sea,3298.3,1553.8,32.77,25.85,4.98,81.94,20.33,6.67
8.36,28.3565,127.4329,Indian Ocean,1987.6,371.4,36.99,9.37,5.36,51.24,40.1,0.73
7.54,-27.3318,161.3618,South Atlantic Ocean,7720.6,2998.6,30.58,0.6,5.13,47.38,43.83,5.52
8.33,-51.7692,178.4632,South Pacific Ocean,5127.9,2207.7,34.81,20.32,5.42,32.15,2.82,8.83
7.86,-41.7567,130.5669,Norwegian Sea,7625.7,882.4,34.84,22.93,9.04,80.36,29.98,9.64
7.81,53.2076,-57.4368,Coral Sea,4951.1,2889.0,33.25,28.95,6.84,67.03,18.76,1.93
8.36,-71.4765,-107.4369,Bering Sea,1788.5,1975.4,34.29,14.59,3.19,17.93,26.45,8.21
8.11,-12.5833,-81.7645,Norwegian Sea,6472.5,1088.2,39.41,30.07,6.17,53.08,19.49,9.86
7.56,-18.7589,71.3676,South Atlantic Ocean,9758.0,241.4,38.85,13.91,9.74,15.91,19.84,3.12
7.69,10.2512,53.1346,North Pacific Ocean,8706.2,1529.2,32.32,16.3,4.87,70.66,33.96,7.17
8.44,-79.0778,122.3442,Caribbean Sea,4491.5,678.4,39.64,29.94,2.77,30.99,37.08,0.91
7.91,-83.9608,-83.7403,Baltic Sea,9278.4,-349.2,35.51,18.78,4.68,52.51,8.94,3.03
7.77,35.0333,23.2907,Baltic Sea,372.7,698.1,30.86,9.15,3.54,1.64,7.92,7.51
7.7,4.1636,146.3774,Indian Ocean,8444.7,-432.9,34.67,6.73,7.04,85.9,42.2,9.97
8.06,-68.1742,-154.8651,Bering Sea,7679.4,1373.8,33.98,28.77,5.68,39.57,15.05,4.94
8.47,-20.6798,-50.2045,South Pacific Ocean,7958.8,-306.8,39.57,25.47,9.75,1.78,30.95,3.91
7.63,4.3126,-151.0907,Norwegian Sea,1518.7,-187.7,36.97,28.87,6.08,7.23,38.27,5.71
7.74,-26.4193,90.3471,Bering Sea,93.1,2786.5,37.81,33.39,5.87,80.64,39.03,8.52
8.0,-69.4872,-160.2521,Baltic Sea,3458.6,1544.5,36.75,16.44,2.86,78.53,37.87,3.21
7.72,-62.9111,160.5489,Bering Sea,3394.0,2678.7,33.93,31.94,4.23,13.26,18.23,0.78
8.5,-45.8389,120.4986,Baltic Sea,6510.1,-248.7,31.4,4.94,7.23,71.7,47.52,6.81
7.91,-89.7798,-159.4515,South Atlantic Ocean,3616.9,2956.2,34.71,8.66,9.91,54.54,29.97,1.42
7.94,41.169,114.6235,Baltic Sea,1926.0,2173.6,33.64,7.09,6.57,75.82,23.62,9.75
7.72,33.5843,-140.4581,Coral Sea,10499.6,2353.3,30.67,7.76,9.85,26.89,23.74,8.56
8.3,68.6173,72.3774,Baltic Sea,7214.3,2690.3,33.84,15.75,2.74,7.15,3.93,1.13
7.97,-69.4006,70.3538,Red Sea,3583.9,2791.0,35.51,1.63,7.73,14.63,2.78,4.56
8.15,20.8196,167.0441,Bering Sea,6400.9,2001.8,35.69,26.44,5.02,93.44,3.45,7.54
7.67,39.9568,-15.4276,Bering Sea,6069.9,1637.5,39.95,5.58,1.64,23.25,14.24,0.63
7.63,19.2879,90.4775,South Pacific Ocean,8833.0,-70.0,33.82,32.46,2.42,95.43,38.77,7.9
8.06,-25.9642,23.7961,North Pacific Ocean,8224.3,-120.8,33.08,-1.74,6.32,47.8,10.76,4.66
7.68,-31.3041,172.9579,Caribbean Sea,2328.8,573.3,36.12,21.2,3.12,44.83,44.24,8.99
8.02,-65.0961,0.9087,Coral Sea,5423.8,942.5,36.79,5.9,1.71,96.89,6.59,3.89
8.5,84.8555,158.7134,Arabian Sea,3949.5,2963.2,30.55,30.61,5.0,20.76,12.71,3.33
7.94,-70.0218,-33.457,Red Sea,2190.9,1743.8,30.41,6.51,9.5,71.14,27.49,1.52
7.52,32.8422,-112.227,Indian Ocean,9070.8,1765.5,32.58,32.34,6.92,12.39,22.44,6.87
8.13,69.3769,-44.2145,Norwegian Sea,476.3,1421.5,32.15,22.75,8.01,86.95,41.16,0.92
7.76,72.0298,-19.0228,Coral Sea,2535.5,-46.5,38.96,10.6,5.24,4.23,35.24,6.27
8.44,76.3865,56.3416,Bering Sea,9285.7,1412.1,39.04,0.1,3.5,77.07,8.12,7.04
7.73,28.7643,42.1179,Norwegian Sea,7779.6,419.7,35.99,11.31,3.88,25.02,21.83,5.07
8.43,-66.5156,-112.887,Bering Sea,4780.1,1485.1,38.89,30.07,7.52,59.76,27.75,8.43
7.52,3.5951,-134.5058,Baltic Sea,2604.4,538.3,30.82,-0.29,8.97,85.44,48.38,9.98
8.48,-11.0932,6.7784,Red Sea,3717.4,1301.0,33.35,27.52,7.99,73.65,3.98,8.88
7.77,30.9076,-158.7115,Southern Ocean,7931.3,1685.9,32.72,18.19,1.46,95.83,30.25,7.63
8.28,-7.4635,41.9809,Red Sea,7850.5,1132.8,30.96,5.4,7.01,85.32,6.83,3.05
7.97,57.9916,40.9104,North Atlantic Ocean,3562.8,-433.0,35.81,34.07,1.36,41.58,42.77,4.45
7.87,-15.8359,-108.115,North Pacific Ocean,8852.7,64.7,35.8,-0.32,5.86,37.46,27.19,0.32
8.46,45.6779,160.1237,Baltic Sea,8194.2,1633.8,34.67,1.27,8.02,76.22,10.5,2.8
8.44,81.2681,26.7079,Bay of Bengal,4483.1,214.2,39.06,8.5,3.54,29.12,29.19,8.93
8.1,40.8406,179.9662,Arabian Sea,8268.2,215.3,35.35,28.55,6.58,36.47,16.64,5.98
8.44,47.3123,-164.5277,Arabian Sea,984.2,1915.1,35.49,27.98,5.36,84.54,12.76,6.11
8.29,37.9624,92.6461,Bering Sea,4376.6,984.6,30.02,22.77,5.73,13.38,0.48,0.17
7.86,61.2903,-87.6888,South Pacific Ocean,7988.5,2038.1,34.49,25.35,2.88,2.21,33.72,3.61
8.4,-37.4917,6.67,Southern Ocean,3567.7,-191.1,31.79,10.29,7.77,95.31,19.32,5.89
7.86,88.5784,-142.2222,Arabian Sea,1050.6,2238.8,35.18,30.76,3.12,21.64,43.33,8.56
8.45,53.2493,-125.9906,Gulf of Mexico,1797.1,1543.9,36.1,9.93,7.17,14.72,48.94,8.62
8.02,46.4236,-65.4084,Southern Ocean,6568.0,1338.7,36.9,5.18,3.81,58.83,22.36,3.41
8.24,-73.8877,100.426,North Atlantic Ocean,10924.8,2319.6,36.79,5.44,3.07,89.42,21.08,5.95
8.14,-30.0395,116.7299,Caribbean Sea,10255.3,2818.0,32.82,1.09,7.22,39.5,33.84,0.23
8.23,-44.3851,-115.2752,South Pacific Ocean,4193.9,1782.1,35.24,34.67,8.76,68.84,22.85,2.29
7.68,-69.852,-132.909,Baltic Sea,2087.9,-34.8,35.73,-0.94,2.93,62.8,6.39,9.48
8.39,74.518,160.9797,North Pacific Ocean,8008.4,1661.6,38.46,16.25,7.24,41.18,11.63,7.5
8.32,19.8153,79.6703,South Pacific Ocean,9424.2,-488.8,33.11,4.98,8.28,8.81,12.14,1.49
8.13,71.45,-129.9072,Indian Ocean,9691.3,649.9,31.55,19.8,6.96,92.77,44.35,7.29
7.71,5.8272,-150.8018,South Pacific Ocean,2851.1,1955.8,36.64,11.9,5.35,97.85,18.38,2.02
8.07,73.9345,-41.0675,North Atlantic Ocean,5714.8,2550.2,37.63,-1.93,3.93,54.62,46.96,1.01
7.94,76.6999,-139.5025,Arabian Sea,1628.6,754.1,39.62,14.81,7.46,12.06,13.02,0.82
7.52,27.4375,75.8422,Southern Ocean,24.7,352.1,34.66,28.21,9.69,70.95,47.01,5.63
8.42,0.1772,-114.5749,South Atlantic Ocean,1413.8,72.0,37.37,28.24,2.97,6.56,18.36,4.2
8.27,-50.1063,-2.4927,Indian Ocean,9050.0,1198.3,35.05,3.81,1.42,59.24,31.26,5.76
8.4,74.5368,-48.1214,North Pacific Ocean,5457.3,1064.4,31.34,0.16,7.77,48.84,21.33,1.0
8.1,50.3423,43.8549,Red Sea,2829.4,1238.5,39.18,15.59,7.06,5.2,6.86,7.28
7.83,-29.6092,153.5155,Baltic Sea,10920.7,422.3,36.25,21.87,5.53,15.38,41.42,8.15
7.94,30.1209,-28.9639,Coral Sea,3584.1,1143.4,30.31,21.57,5.82,13.84,25.29,2.03
8.33,19.9983,-7.7559,North Pacific Ocean,5864.7,729.0,34.49,7.85,9.81,71.05,14.77,2.38
7.7,-70.6354,131.5435,North Atlantic Ocean,6539.0,2946.9,32.31,7.38,2.49,76.34,48.65,4.37
7.65,77.6021,47.7024,South Pacific Ocean,2094.3,160.0,38.88,34.56,4.39,9.91,7.58,3.31
7.6,-88.9333,-160.7847,Norwegian Sea,2112.4,-80.4,34.75,4.77,1.63,35.03,9.93,6.16
7.6,59.0638,-169.7443,South Pacific Ocean,10515.4,2344.6,34.63,14.29,3.26,12.89,44.11,1.85
7.99,2.0574,155.5652,Bering Sea,5437.1,2201.6,33.17,20.99,1.01,91.69,35.88,7.44
8.24,58.6328,-107.2793,Baltic Sea,3355.8,2364.0,30.45,22.9,7.5,5.92,45.37,7.76
8.39,10.0224,148.1764,Southern Ocean,1659.3,1237.5,32.81,32.35,2.99,40.31,36.44,7.46
8.07,-62.4146,-23.1728,South Atlantic Ocean,443.1,266.4,35.57,30.5,1.25,24.06,15.34,2.03
8.0,-4.7354,-15.1848,South Pacific Ocean,10360.5,2671.3,33.27,4.29,4.42,93.63,46.38,2.67
7.89,68.1882,177.2323,Baltic Sea,2565.5,2278.1,30.55,1.74,3.65,87.67,12.94,4.95
7.8,-48.6771,5.3439,South Pacific Ocean,5066.0,2110.4,37.83,12.86,9.06,35.76,18.0,5.55
7.53,-68.4434,170.4014,Bay of Bengal,402.9,-374.8,35.57,26.71,8.95,43.48,34.5,2.96
8.23,-15.3927,49.6924,Bay of Bengal,8749.1,1201.2,31.91,28.58,3.53,9.13,12.37,3.21
7.57,55.9802,97.5149,Arabian Sea,3108.5,689.6,35.52,11.33,7.07,39.77,2.6,5.43
8.26,36.9968,-156.3761,Coral Sea,10529.0,704.2,36.92,8.79,9.4,55.29,11.22,3.81
8.21,89.4144,-174.8264,Norwegian Sea,8981.1,-59.3,36.59,1.63,3.88,37.11,0.95,3.5
8.49,68.452,79.3779,Arabian Sea,9340.2,2591.1,36.42,24.73,7.66,8.48,41.28,3.71
7.52,-59.152,2.395,Baltic Sea,2258.5,348.8,31.57,19.1,6.21,21.34,4.36,8.37
7.74,51.8296,107.5951,Coral Sea,2102.4,-327.7,30.34,26.44,5.74,26.79,47.74,5.14
7.58,39.2627,-115.6314,Southern Ocean,6716.8,1107.0,31.51,33.5,1.12,77.03,46.55,5.92
8.43,-54.8185,113.817,Bering Sea,1334.2,1402.8,35.39,15.85,4.84,20.34,0.34,0.54
8.01,50.46,59.2649,Baltic Sea,10563.7,747.8,35.7,12.16,7.3,69.09,22.9,1.11
8.46,-46.3306,-88.4974,Norwegian Sea,1051.7,787.3,36.71,24.56,9.89,31.36,35.03,3.55
7.66,-8.0091,147.7787,Arabian Sea,7714.6,876.7,34.52,8.05,4.59,11.09,0.4,4.31
7.83,-40.0691,169.0769,Bering Sea,1802.4,1897.1,39.51,20.41,8.96,50.19,26.7,9.52
8.14,-8.7757,-14.4919,Bay of Bengal,6834.9,398.5,34.25,5.67,5.02,82.51,14.09,5.76
7.78,-35.6472,-17.5317,North Atlantic Ocean,9533.7,2790.3,35.1,18.46,5.3,30.4,26.98,0.16
8.42,28.6444,25.7,Gulf of Mexico,2270.1,835.3,35.71,11.42,4.5,58.77,31.18,7.35
7.94,54.3798,77.6192,Bering Sea,1408.4,968.5,36.55,17.76,2.97,82.75,49.47,6.76
8.11,-86.65,72.3624,North Pacific Ocean,6944.4,16.3,30.18,31.61,7.5,26.72,7.33,3.22
7.85,-17.5363,11.5328,Bay of Bengal,1066.1,1127.4,35.32,17.33,3.88,9.18,10.58,5.57
7.71,-63.819,150.6502,North Atlantic Ocean,9553.7,1937.8,38.02,7.87,2.2,22.48,24.38,3.94
8.3,-86.5139,-121.3371,Red Sea,9746.8,684.3,32.89,25.32,9.46,85.81,13.06,9.95
8.29,86.9694,-108.3401,North Atlantic Ocean,8446.0,173.5,33.49,32.57,1.72,32.84,26.72,2.25
8.32,31.2733,79.8042,Southern Ocean,4240.5,2186.5,34.99,8.54,5.88,17.72,45.68,2.58
7.83,-8.5859,86.9784,North Atlantic Ocean,4442.9,1582.5,33.5,19.57,8.06,50.43,48.1,5.52
8.35,-12.4195,-38.3188,Bering Sea,2338.9,1211.8,31.76,24.7,2.33,61.81,13.6,7.72
7.82,61.3578,-72.4087,Baltic Sea,7107.0,850.5,36.28,23.26,5.11,46.23,39.96,5.44
7.86,12.7339,-163.4342,Arabian Sea,830.9,498.4,39.55,2.33,2.79,32.39,48.42,7.74
7.8,44.822,-40.7472,North Atlantic Ocean,8311.7,-94.8,34.0,34.94,5.91,49.22,17.19,4.73
7.93,75.6758,-90.8079,South Pacific Ocean,2174.6,430.9,34.83,-0.45,5.24,90.34,42.37,4.7
7.53,69.0418,120.26,Indian Ocean,10027.4,460.0,30.77,27.94,4.16,64.73,13.43,4.28
7.75,-72.9034,-3.7781,Bay of Bengal,8145.9,674.7,33.75,-1.37,9.49,43.14,15.61,4.94
7.76,-2.524,23.4285,South Atlantic Ocean,4614.5,452.9,35.02,8.55,9.67,81.47,36.76,0.84
8.35,24.0283,87.4613,Indian Ocean,3285.1,-418.8,32.23,14.88,8.75,0.2,31.37,10.0
8.19,-6.6189,-72.6602,South Pacific Ocean,2711.1,529.6,39.75,14.38,9.7,19.65,31.13,9.71
7.76,-37.7672,139.7978,Southern Ocean,7597.1,-467.4,30.28,4.67,5.37,53.76,19.27,7.96
7.86,74.9601,-37.9959,Southern Ocean,9843.8,2077.8,38.66,16.38,4.41,65.57,33.5,5.27
8.46,71.7531,-141.3379,Bering Sea,10394.0,165.3,35.93,28.87,6.96,49.26,29.17,4.73
8.1,61.5332,128.6741,North Atlantic Ocean,10639.9,-80.7,33.75,32.49,6.54,65.06,2.76,8.79
8.2,78.0089,152.1669,Baltic Sea,10335.3,1714.1,33.35,28.83,7.69,61.14,37.39,6.21
8.47,43.7458,-101.4914,Red Sea,7834.5,2821.7,30.43,26.64,7.4,56.46,19.79,9.73
8.16,-19.8347,54.8898,Norwegian Sea,2140.4,2726.7,32.02,9.9,2.01,14.45,29.39,4.04
7.9,-0.4166,67.7899,South Pacific Ocean,3681.6,1424.8,34.78,18.89,4.0,44.22,10.79,6.07
7.88,58.3218,-91.8518,Southern Ocean,4229.4,714.3,38.48,14.85,1.62,43.97,36.7,6.82
7.61,73.9023,-25.8461,Coral Sea,7247.7,270.7,38.01,-0.1,9.03,22.87,40.03,8.24
7.6,30.6823,-36.8833,South Pacific Ocean,4883.2,842.6,35.61,11.64,8.56,89.47,42.51,4.16
7.88,14.6058,46.0216,Red Sea,3817.7,-344.3,32.78,7.4,7.41,87.95,25.98,4.14
7.92,70.6993,-4.0412,Arabian Sea,3931.2,1550.9,33.84,5.31,5.47,30.22,47.49,4.74
8.16,45.0024,63.3759,Arabian Sea,6127.9,2675.2,30.19,30.85,9.82,21.78,38.36,9.62
7.96,74.3819,-147.0491,Coral Sea,8240.9,1828.1,37.69,9.89,4.59,39.2,21.52,9.09
8.23,68.9365,-76.0278,Norwegian Sea,2951.4,1667.6,38.73,18.76,4.92,3.46,40.91,9.43
7.6,-30.8155,-161.092,Caribbean Sea,6020.1,496.9,31.68,1.67,8.59,89.72,12.7,3.34
7.82,-66.4298,19.1894,South Atlantic Ocean,1870.1,1052.3,38.28,27.08,5.57,19.14,12.68,6.95
8.4,36.3887,-28.6774,South Atlantic Ocean,10985.2,2837.6,36.89,-0.46,6.47,22.4,15.8,8.37
7.54,78.0793,168.5422,Norwegian Sea,5827.2,2094.6,39.43,10.23,2.48,44.91,11.98,2.22
8.16,73.7075,-70.4795,Indian Ocean,2483.7,-279.7,32.38,9.63,8.02,57.75,17.93,2.53
8.05,75.5985,-80.4851,Red Sea,6975.0,157.5,37.44,1.86,8.67,43.9,30.27,4.04
7.56,66.7943,-52.6082,North Pacific Ocean,3018.9,1027.5,35.89,3.38,4.01,50.27,13.73,8.85
7.63,-11.0986,-7.0984,Baltic Sea,7387.1,2439.1,39.69,11.04,4.67,87.41,35.73,1.61
7.79,78.5803,40.5319,Gulf of Mexico,2527.4,2684.5,36.93,34.09,5.91,81.62,30.24,9.9
7.6,24.6817,-51.0043,South Atlantic Ocean,1442.7,651.7,34.78,20.1,1.93,1.11,34.85,0.11
7.87,59.4583,61.1106,North Pacific Ocean,2765.5,114.3,36.91,17.2,4.46,48.3,23.29,2.31
8.17,-36.1615,79.1234,Coral Sea,6232.4,-65.8,39.97,7.57,1.75,73.69,46.33,2.9
8.23,0.0032,87.0253,Bering Sea,5018.9,-213.3,37.93,22.94,2.03,69.74,17.85,9.04
7.87,-68.8535,124.329,Red Sea,8259.6,61.0,39.43,33.97,2.95,35.74,32.89,2.75
8.38,-62.2456,-124.8518,South Pacific Ocean,2789.8,-149.7,39.63,7.72,2.05,68.36,26.66,9.1
8.37,55.3046,88.7759,North Atlantic Ocean,7241.4,1241.3,38.07,6.18,6.05,63.34,46.35,2.31
7.64,79.908,-73.5594,Baltic Sea,4113.1,2154.6,32.15,33.61,2.69,26.03,23.99,9.1
8.17,4.9802,81.5336,Red Sea,5174.3,547.6,38.1,30.04,7.12,21.0,49.41,0.39
7.77,-2.5569,-169.3041,Norwegian Sea,10090.7,1299.3,30.81,13.45,1.64,7.2,14.36,4.58
8.09,79.5959,-103.1262,North Pacific Ocean,8735.8,2576.7,33.84,17.87,6.83,43.6,42.5,7.18
7.88,59.618,-6.6656,Indian Ocean,2748.1,2718.8,39.78,28.97,5.11,51.78,49.32,9.45
8.07,-57.1152,33.3099,Caribbean Sea,7748.6,729.9,35.09,13.82,1.49,3.93,7.35,1.43
8.13,-82.4686,160.8603,North Atlantic Ocean,1343.1,2064.5,35.31,27.37,8.36,40.18,17.98,6.64
7.65,81.0352,-91.2306,Indian Ocean,10974.3,-249.3,37.27,7.79,2.15,9.13,35.31,2.75
8.0,7.2649,9.3452,South Pacific Ocean,9782.2,1505.9,32.98,9.11,9.72,7.52,44.78,8.73
7.66,26.3483,-2.6797,Coral Sea,9321.7,1570.8,30.45,17.3,9.47,28.71,37.31,8.61
7.68,5.5617,69.3543,Bay of Bengal,7039.8,1410.2,32.1,5.92,3.87,52.01,5.45,1.28
8.24,42.9526,-92.3512,Southern Ocean,2191.8,77.6,37.86,28.92,5.76,61.08,27.56,2.67
8.41,71.558,154.1978,Bay of Bengal,5466.7,1831.9,33.65,1.39,9.89,56.43,17.67,2.36
7.94,88.8814,178.1104,Bay of Bengal,5033.3,309.8,31.25,6.38,8.35,96.35,5.15,7.24
8.26,-24.5445,138.4489,Coral Sea,4551.2,2710.1,36.34,24.76,8.49,22.62,33.4,0.5
8.08,3.5086,73.6913,Gulf of Mexico,7180.4,-189.8,35.21,17.18,8.45,44.55,19.36,5.13
8.38,69.0316,62.3738,South Atlantic Ocean,8124.5,1865.8,34.48,-0.95,9.39,50.11,0.02,9.1
8.43,-11.5786,90.0315,Bay of Bengal,2985.6,863.4,32.31,14.75,5.56,20.72,8.01,1.68
8.34,-25.3816,21.3258,South Pacific Ocean,7283.3,656.6,37.47,3.94,2.65,24.66,45.1,6.97
8.42,84.4095,-95.049,Red Sea,4009.0,564.0,35.59,14.01,6.24,64.94,41.92,4.19
7.75,41.7455,140.2802,Baltic Sea,190.2,800.7,39.83,21.22,6.14,85.84,46.87,4.72
7.79,1.2591,56.4298,Bering Sea,1735.8,314.3,38.63,5.61,7.76,41.16,23.49,2.68
8.09,53.2647,-151.5818,Bering Sea,7138.5,2449.9,32.38,12.93,4.38,58.97,34.4,3.48
8.3,-32.5808,-1.0421,Indian Ocean,8945.8,1696.6,35.32,6.54,2.99,98.31,27.64,6.53
7.59,16.0588,-18.774,South Atlantic Ocean,681.7,2085.5,35.29,12.36,8.16,77.7,26.95,3.12
7.82,37.9321,-145.8323,Bay of Bengal,1723.1,312.7,31.47,3.1,2.45,11.17,13.87,2.4
7.83,38.8718,-48.364,South Pacific Ocean,5061.2,234.7,38.12,17.91,6.19,99.95,42.93,1.27
8.37,-54.7565,-105.1815,Arabian Sea,1179.1,997.4,33.36,5.86,9.27,69.56,9.65,9.67
8.25,89.0525,-164.0617,Baltic Sea,7151.0,1979.1,31.42,28.85,8.04,15.87,32.06,9.24
8.15,45.7133,-172.0524,Norwegian Sea,372.0,2901.7,32.42,24.3,8.68,23.27,46.92,2.12
7.69,43.7425,-79.6491,Southern Ocean,1178.6,787.9,39.72,-0.9,5.11,67.37,34.66,2.18
8.02,15.4599,-146.9994,Gulf of Mexico,8022.3,2517.0,35.64,23.04,4.57,83.99,31.19,7.01
7.51,-28.2932,123.1861,Southern Ocean,9098.8,2760.0,30.21,-1.6,5.22,52.04,16.29,2.87
7.71,-2.0443,171.2708,Norwegian Sea,2822.4,-475.6,35.27,0.72,4.65,57.08,23.14,4.51
8.3,-13.347,-13.0189,Bay of Bengal,5042.1,2000.6,39.78,32.9,2.64,19.58,3.04,9.06
8.16,-69.3809,32.3588,South Atlantic Ocean,6370.9,997.4,30.91,24.88,4.98,61.3,2.03,7.73
8.05,76.4576,161.836,Bering Sea,244.5,1566.8,33.8,14.62,8.45,58.15,0.19,4.69
8.34,1.3763,90.1453,Southern Ocean,7798.9,1349.8,33.99,-0.73,2.54,43.8,18.58,8.94
7.94,-82.2389,3.3287,Coral Sea,656.9,2531.3,31.51,30.07,1.5,5.41,0.33,3.94
7.78,-14.4951,-26.664,Norwegian Sea,1991.7,151.8,34.27,17.77,7.6,66.16,34.84,5.83
8.34,-14.2948,88.7912,Bering Sea,8064.9,1910.8,31.09,34.9,1.59,51.88,37.57,8.0
7.8,-74.4077,-64.0435,North Atlantic Ocean,9141.8,379.5,36.95,20.13,7.0,48.6,26.74,1.74
8.36,-54.7504,89.9712,Norwegian Sea,7820.5,2422.0,39.28,-1.29,7.06,96.45,18.68,2.67
8.16,-76.0022,-154.0578,Caribbean Sea,10078.5,2556.5,34.13,6.59,2.91,57.71,0.79,0.23
8.13,-61.1442,5.2807,Indian Ocean,10857.5,250.1,39.75,12.63,1.64,93.13,42.54,2.17
7.58,-69.3935,-114.8057,Southern Ocean,8933.4,743.8,35.56,16.52,1.25,68.69,37.34,2.76
7.98,72.4239,84.444,Norwegian Sea,6792.1,1363.0,30.34,31.79,7.87,19.51,11.33,5.72
7.87,49.6781,169.1065,South Atlantic Ocean,592.3,-267.3,31.67,32.47,6.8,55.66,22.85,1.37
8.43,67.1159,55.8472,Baltic Sea,9901.4,1269.6,31.02,31.26,3.97,74.69,48.89,7.79
7.51,-65.0614,80.9337,Norwegian Sea,3161.5,1596.5,37.05,9.63,4.87,74.67,34.77,8.46
8.1,30.4723,-121.1577,Caribbean Sea,4300.3,2685.8,37.31,-1.19,3.8,11.38,14.39,1.08
7.91,72.3098,17.9628,North Pacific Ocean,5728.4,780.8,33.99,7.5,5.87,10.32,16.04,0.55
8.3,81.5982,100.3812,Bering Sea,9720.3,340.8,38.3,10.65,2.25,2.27,46.54,8.68
8.33,-79.5001,128.7453,Red Sea,8838.3,1360.3,38.77,4.71,5.36,64.94,23.03,1.75
7.96,-21.7614,171.2144,Bay of Bengal,5538.4,2359.4,32.62,34.01,2.84,39.51,11.47,4.34
7.66,-24.5786,88.79,Norwegian Sea,9665.4,1490.3,38.52,30.44,5.21,79.58,27.35,6.38
7.7,-56.324,26.4814,Indian Ocean,9373.0,2526.2,38.05,10.11,8.67,87.37,36.44,7.51
8.22,-62.2151,113.2271,Baltic Sea,3791.1,129.1,34.09,3.87,9.51,77.01,24.8,1.44
8.32,-23.221,-87.1425,Red Sea,3096.7,2548.4,33.72,14.27,2.82,50.29,14.29,3.08
7.87,38.1249,134.1893,Gulf of Mexico,4325.8,1461.5,39.77,34.17,3.25,50.26,31.84,1.17
7.87,41.517,101.3363,Bering Sea,8440.6,490.1,34.12,29.17,8.4,14.18,35.21,9.0
7.67,13.9037,-119.918,Indian Ocean,6904.6,-182.8,32.98,25.67,5.81,62.14,28.76,5.63
8.16,51.4645,126.4712,Bering Sea,1318.9,-231.6,36.07,19.97,2.18,34.24,12.67,8.33
7.62,36.6869,119.1198,Norwegian Sea,3510.9,1861.4,38.75,24.5,8.03,7.8,2.73,5.42
8.2,53.1978,152.9748,North Pacific Ocean,9646.1,2823.0,36.23,7.08,6.49,66.47,10.8,5.7
8.1,85.4707,144.3481,Norwegian Sea,10253.9,2037.4,38.88,23.53,8.58,64.54,19.53,2.19
8.31,14.3088,-61.7532,Bering Sea,1486.5,2084.8,38.02,11.52,5.27,3.32,36.38,4.23
8.1,47.963,4.1159,Bay of Bengal,10718.3,198.3,38.9,-0.46,4.57,98.13,46.36,4.44
7.71,59.9981,110.055,Southern Ocean,6898.9,597.1,37.78,26.88,3.16,6.93,33.99,8.84
8.08,74.3271,97.0478,South Atlantic Ocean,8793.6,2298.7,36.02,19.22,2.25,18.3,0.31,2.16
8.4,8.142,110.5845,Red Sea,9106.4,1252.9,30.57,2.53,7.75,70.65,31.2,0.48
8.29,75.4025,-96.1765,North Atlantic Ocean,1598.4,-414.1,33.6,2.68,1.16,76.35,4.75,6.61
7.67,7.0166,105.7078,South Atlantic Ocean,6827.5,419.7,30.5,7.84,2.51,32.12,40.23,1.0
7.59,34.7514,-143.4212,Baltic Sea,1523.0,2581.5,39.2,28.4,2.42,63.19,15.85,2.21
8.46,-27.3373,-5.8569,Arabian Sea,4811.3,2362.6,39.45,27.5,9.92,33.39,13.1,3.32
8.25,87.3043,-159.8395,Gulf of Mexico,3920.4,151.0,31.53,27.56,2.61,32.99,25.03,4.17
8.33,-50.8705,-16.8701,Norwegian Sea,9311.2,361.8,36.24,1.95,7.07,92.83,24.5,2.2
8.4,-43.557,-91.6932,Indian Ocean,1632.0,2802.7,38.25,22.41,6.4,71.5,8.81,0.63
7.97,-44.6929,6.871,Southern Ocean,9365.2,910.4,30.79,15.61,1.28,51.74,44.0,0.9
8.37,-14.2203,76.6826,North Pacific Ocean,3917.9,-8.8,39.68,3.28,7.25,22.69,47.84,9.1
7.63,48.2475,-168.8471,Baltic Sea,670.1,1252.1,36.1,30.44,8.2,30.8,10.18,0.4
7.84,87.1576,-85.1894,South Atlantic Ocean,7308.1,1150.3,33.65,28.54,1.64,91.48,13.38,1.25
7.84,21.1762,-126.1032,Norwegian Sea,10949.9,2904.8,35.62,12.5,6.85,55.34,2.64,3.91
7.54,21.1611,-113.8996,Gulf of Mexico,9779.7,1759.0,35.65,27.38,1.21,54.55,21.35,0.34
7.69,4.9785,29.5063,North Pacific Ocean,10165.4,1091.0,31.17,18.94,4.32,35.53,17.37,3.8
8.23,72.362,-156.9639,Indian Ocean,3979.8,795.2,35.7,29.91,6.37,11.31,14.81,9.56
7.96,-30.285,74.1589,Indian Ocean,2250.8,1648.8,36.71,7.68,4.92,50.69,45.73,4.9
8.1,-55.8224,-96.1125,North Pacific Ocean,9520.9,1364.4,32.3,8.04,1.94,94.17,15.51,5.6
8.12,-48.8057,165.5941,Southern Ocean,343.8,1842.2,30.29,13.44,9.38,66.98,18.27,1.49
7.71,64.801,156.4452,Arabian Sea,10429.1,1422.6,35.08,5.46,4.29,35.42,20.47,3.25
8.43,-59.4583,83.475,Bering Sea,4097.5,2681.1,30.84,21.46,7.16,80.38,16.82,9.53
7.64,-0.0835,103.4788,Bay of Bengal,7693.0,-486.0,32.62,5.97,1.61,89.34,33.0,6.66
7.5,-32.0919,78.8916,Baltic Sea,4219.8,1459.9,34.87,9.08,7.49,28.81,46.67,6.06
7.76,-56.9998,81.5195,Bering Sea,6846.7,2275.1,30.48,3.0,9.61,30.71,2.89,6.22
8.01,12.9917,-115.1443,Bay of Bengal,3669.3,-186.6,39.16,31.59,6.28,65.93,3.18,8.65
7.67,63.9292,153.4807,South Atlantic Ocean,3487.8,-172.8,33.63,8.56,7.28,52.61,49.97,3.66
8.27,-32.4687,108.5648,Norwegian Sea,3950.6,-168.5,34.57,4.98,5.38,39.59,38.59,6.91
7.71,-68.4452,26.2241,Baltic Sea,8675.6,2796.0,35.59,14.43,6.44,20.23,18.62,0.55
8.45,22.1384,-120.1779,Gulf of Mexico,2255.6,2460.2,35.12,3.7,9.53,29.2,25.94,7.0
8.21,43.1572,99.3633,North Pacific Ocean,4810.6,-117.9,32.14,4.64,4.68,27.68,38.85,3.16
8.36,10.6311,147.0571,Norwegian Sea,3343.2,1778.5,31.47,18.74,1.42,6.75,4.95,2.98
8.05,-68.854,-10.1027,Baltic Sea,910.6,1537.7,31.78,8.06,8.41,6.2,16.8,9.7
8.05,-89.1584,-149.0596,North Atlantic Ocean,7997.6,-30.9,33.7,26.35,9.65,52.95,37.11,3.35
8.47,-74.4777,168.324,Baltic Sea,9706.6,1346.2,37.12,15.1,1.25,72.83,32.43,2.34
7.62,76.0847,-118.5032,South Pacific Ocean,2701.8,-360.8,36.65,13.28,1.06,22.09,20.12,7.42
8.08,13.9581,105.9193,South Pacific Ocean,4123.4,-479.4,36.07,15.54,5.75,79.26,19.96,2.14
7.57,-22.8902,174.303,Caribbean Sea,9730.1,511.9,31.66,26.79,6.84,99.47,47.68,2.88
8.49,-57.0485,-74.9292,Baltic Sea,9745.4,2717.3,30.94,-1.66,1.7,79.76,38.84,3.99
8.13,35.8151,-144.223,South Pacific Ocean,7872.0,1462.0,31.8,1.13,1.31,37.02,48.77,4.75
7.58,47.5718,111.8962,North Atlantic Ocean,5166.9,-389.9,37.96,16.28,9.75,79.39,25.34,7.92
7.79,55.3556,-154.9841,Norwegian Sea,1701.9,-378.0,37.9,19.49,9.8,45.06,30.17,5.22
8.39,-86.6882,10.149,Red Sea,6560.3,-81.0,36.81,0.26,2.78,30.34,34.68,8.07
7.58,48.5923,83.0158,North Pacific Ocean,4225.9,450.8,39.0,18.32,8.85,35.15,19.99,9.1
7.77,-61.2304,50.7327,Red Sea,3513.5,34.9,30.48,12.33,9.05,66.58,18.38,9.26
8.0,53.3971,23.6826,Caribbean Sea,9112.2,286.3,36.49,17.4,6.9,4.13,0.84,3.78
8.48,-62.8052,-89.884,South Pacific Ocean,4580.2,52.8,38.26,2.46,1.54,85.84,18.56,4.34
7.71,-45.9167,-66.1982,Southern Ocean,5598.0,2218.1,35.21,29.15,8.09,63.42,11.35,5.36
8.29,50.0184,-50.9087,South Atlantic Ocean,4577.7,915.9,34.12,7.61,2.84,91.58,19.23,7.58
7.84,23.2413,56.0032,South Atlantic Ocean,7740.6,1856.4,36.82,5.91,9.55,62.95,18.6,4.38
7.51,-83.7323,64.734,Gulf of Mexico,2366.2,573.9,37.1,33.53,9.58,76.91,13.2,7.24
8.28,-60.1696,-116.9587,Arabian Sea,7244.3,1076.3,36.79,6.4,3.13,65.87,41.98,3.22
7.99,-48.4222,-171.8081,Gulf of Mexico,5690.4,1633.0,39.6,32.8,2.68,61.01,48.06,2.49
7.98,61.7855,-153.4324,Indian Ocean,8398.2,-262.0,39.68,7.43,6.7,81.53,26.93,7.36
8.17,20.5247,65.9801,Coral Sea,5737.8,383.3,36.29,18.17,4.2,30.08,44.4,0.37
8.15,-56.8175,-145.8431,Gulf of Mexico,4030.4,2871.2,39.65,25.7,8.28,0.73,40.79,1.11
8.16,-44.0536,-67.5148,Bering Sea,1262.9,2495.7,39.27,6.47,2.26,45.24,46.48,0.16
7.83,-8.1169,18.226,North Atlantic Ocean,5665.5,2749.4,32.28,21.54,9.19,54.05,46.34,4.9
8.08,-74.9259,18.5563,Southern Ocean,3430.1,-360.3,37.3,34.79,9.72,53.3,2.7,9.9
8.38,-15.6566,13.5466,North Pacific Ocean,9888.7,1474.5,33.22,27.19,6.22,1.42,11.48,0.69
8.39,52.7896,151.0942,Southern Ocean,2734.6,471.3,37.99,30.39,3.68,57.6,28.32,9.95
7.9,-18.8149,-20.2868,Baltic Sea,8782.8,2457.3,33.0,10.94,5.86,49.54,34.93,0.06
7.73,51.4417,-120.2435,Arabian Sea,5113.4,1589.9,32.31,26.86,4.98,63.72,43.11,5.19
7.57,22.4267,-160.3745,Norwegian Sea,142.0,163.5,39.71,30.49,8.56,99.49,2.99,3.2
8.36,-17.2151,4.9666,Gulf of Mexico,2943.5,-258.6,32.71,0.88,2.12,22.63,3.83,9.39
7.67,70.8037,38.0269,Indian Ocean,10083.6,1957.1,37.03,16.62,6.43,3.0,9.14,4.11
7.82,-10.5314,27.9051,Red Sea,3397.9,2753.9,30.55,34.35,1.34,97.79,42.48,9.07
8.31,42.27,-110.9024,Bay of Bengal,6458.6,621.6,35.0,24.33,5.38,71.0,15.46,9.98
8.28,53.9067,-164.6296,North Atlantic Ocean,6385.2,1016.2,35.16,0.96,1.07,25.36,3.93,5.96
7.93,74.8669,135.6273,Indian Ocean,7256.7,2065.3,37.53,26.16,8.68,97.9,39.96,8.8
8.19,-40.0345,-19.8102,Gulf of Mexico,10455.8,1568.6,36.84,0.37,2.78,9.68,9.61,1.4
7.74,-53.7972,-141.8181,Caribbean Sea,8136.1,1665.1,36.36,8.55,5.44,31.59,6.29,8.53
8.43,-9.341,57.7037,North Pacific Ocean,6171.9,424.5,32.85,16.06,6.51,40.35,17.37,6.41
8.45,67.5371,54.9854,Bering Sea,10043.8,-129.5,34.33,7.65,6.1,44.18,36.16,1.66
8.44,-30.6931,40.6446,Bering Sea,8519.4,1152.4,35.96,-0.96,6.62,40.39,8.51,8.24
8.12,-40.797,-96.3881,Bay of Bengal,2796.7,1437.3,33.95,14.25,8.53,37.45,24.71,9.82
7.57,-83.5844,126.0285,North Pacific Ocean,2594.1,2195.7,38.82,25.44,6.71,29.65,17.69,5.12
8.11,36.0923,-148.3567,South Pacific Ocean,9348.7,-223.3,39.12,10.03,9.84,65.3,0.31,2.76
7.92,35.9622,-137.9018,Bering Sea,1356.9,160.3,35.09,19.73,3.58,89.91,16.86,1.3
7.9,60.193,-41.435,Arabian Sea,2005.6,293.3,31.18,9.12,4.97,75.34,24.27,0.49
7.53,-0.7485,143.8553,Bering Sea,7714.4,1408.8,32.41,0.43,6.02,20.37,10.23,6.76
8.37,70.2734,116.0968,Indian Ocean,2018.8,944.1,39.43,33.3,7.73,2.81,11.34,4.92
8.36,-74.519,147.2113,North Atlantic Ocean,9432.9,1970.4,37.99,17.09,5.27,49.24,5.23,5.33
7.82,11.3518,72.254,South Pacific Ocean,2179.7,2512.2,37.23,33.91,1.63,77.22,14.4,2.97
8.48,-4.1697,43.7792,Caribbean Sea,2993.7,1676.3,33.76,34.52,3.56,89.58,31.32,1.66
7.64,71.5574,102.1341,Southern Ocean,5762.9,2549.4,33.53,24.87,3.67,35.33,36.3,6.21
8.34,73.4925,-108.0673,South Pacific Ocean,6666.4,1803.4,35.58,2.07,1.72,46.79,46.89,7.53
8.12,85.7544,-139.9048,North Atlantic Ocean,6135.2,1559.3,35.64,20.06,6.34,4.54,42.77,7.17
7.99,-26.5959,154.9495,South Atlantic Ocean,5150.4,1387.0,36.04,31.61,1.38,18.99,5.38,9.47
8.46,-21.6534,121.519,Red Sea,793.6,1256.0,35.74,27.08,5.02,74.27,37.37,1.1
8.08,-55.3116,-28.2698,South Atlantic Ocean,6473.4,95.3,33.18,30.83,2.9,30.81,26.93,4.69
8.33,43.6927,100.1178,Norwegian Sea,8331.4,1224.8,31.81,-0.71,3.49,52.14,27.01,9.48
7.73,59.9789,3.5983,Bering Sea,5146.4,2220.0,39.71,27.2,5.34,32.58,15.51,4.07
7.53,63.3903,-174.1248,Baltic Sea,3154.0,1413.8,30.92,21.13,9.23,20.72,23.41,1.27
7.71,88.2728,-174.5612,North Atlantic Ocean,1495.0,996.9,38.18,34.33,4.53,84.62,35.86,2.85
8.49,11.1722,-9.7625,South Atlantic Ocean,3600.3,2789.7,31.97,18.44,2.16,61.97,38.13,1.77
8.06,-51.4116,31.0565,Baltic Sea,10141.7,-428.7,39.54,12.79,3.68,42.44,22.52,4.86
8.34,18.2155,116.1961,Bay of Bengal,4055.2,-56.5,34.99,25.83,9.02,85.79,35.26,4.94
8.18,-24.7318,32.2987,South Pacific Ocean,8087.6,2634.5,33.38,8.32,5.39,8.37,35.47,4.54
7.65,-29.9178,33.5304,North Atlantic Ocean,3258.9,-83.1,39.19,32.29,9.12,18.6,45.61,4.55
7.61,36.0726,178.8237,Norwegian Sea,1338.3,1448.0,33.41,13.18,1.27,5.07,21.27,5.07
7.99,-53.4474,-179.4187,Caribbean Sea,9652.3,2718.1,35.28,9.11,1.88,29.78,11.83,6.79
8.44,8.0943,-54.5235,Coral Sea,2299.0,1898.0,38.0,25.14,2.45,79.49,17.36,4.59
7.63,-64.6047,154.6307,Red Sea,887.3,1043.1,37.47,31.72,8.41,59.36,21.07,3.26
8.0,70.3579,-42.1281,Bering Sea,4222.0,-215.9,38.95,2.55,1.98,29.88,9.83,3.28
8.26,-74.0329,-93.4516,North Pacific Ocean,9372.6,214.7,33.67,8.81,8.83,87.08,5.84,4.21
7.58,77.7595,-22.1976,South Atlantic Ocean,1056.5,1968.9,32.04,-0.17,6.75,34.69,45.66,6.06
7.91,89.9321,96.3965,Norwegian Sea,1773.3,1922.4,34.35,13.85,6.63,20.14,14.6,5.33
8.04,-47.6198,94.6135,South Pacific Ocean,7889.6,1548.3,36.83,1.29,1.1,83.11,46.87,0.12
7.61,-73.3054,-59.9902,Caribbean Sea,3823.4,1328.3,32.62,27.14,5.79,80.4,35.3,9.82
8.16,-84.3035,-137.6224,South Atlantic Ocean,6233.7,514.6,36.78,1.5,1.14,54.96,15.16,3.88
8.24,-63.7736,167.1966,Baltic Sea,4087.5,1747.6,31.7,23.67,6.49,28.1,15.56,1.84
8.14,74.7389,-97.0398,South Pacific Ocean,10722.9,2815.4,39.94,24.3,9.49,43.75,14.52,8.17
7.57,41.4063,153.8324,Coral Sea,9468.8,1792.7,35.48,10.62,3.07,30.05,22.25,8.87
7.51,-73.4198,-34.853,South Pacific Ocean,8497.1,2586.7,30.78,22.79,9.52,9.14,2.71,7.04
8.3,83.0522,175.6113,Bering Sea,7358.1,2005.7,31.18,9.94,1.08,3.43,5.49,0.01
7.99,27.8921,-90.6625,Baltic Sea,5530.5,2131.9,35.9,6.15,1.06,19.98,1.2,2.06
8.07,77.3447,60.8234,Norwegian Sea,4469.3,-45.0,35.55,8.92,4.39,67.18,3.7,7.7
8.41,38.4109,115.2798,South Pacific Ocean,65.9,-159.9,34.14,28.42,2.87,20.94,21.33,3.87
8.06,-22.3916,-33.8234,Coral Sea,7507.9,610.2,36.06,33.21,5.92,87.13,2.53,3.26
7.75,-77.8661,-126.8929,Red Sea,6204.7,816.5,30.98,10.03,3.31,65.95,20.59,5.7
7.95,-87.0501,-144.9565,South Pacific Ocean,1077.7,1732.0,31.23,15.53,8.72,13.66,42.61,1.8
7.98,19.7584,-98.7315,Baltic Sea,7640.8,891.6,32.91,9.71,2.22,79.91,20.0,6.39
8.18,0.4929,-160.2231,South Pacific Ocean,5821.3,613.7,38.24,6.05,7.81,59.12,11.69,2.61
7.85,14.3801,132.5239,Bay of Bengal,3708.9,2979.5,32.4,1.66,7.97,82.21,17.17,4.12
8.34,83.4896,73.4837,North Atlantic Ocean,2519.8,1574.2,37.38,10.92,2.58,34.57,27.47,5.34
8.04,72.6157,54.7701,Red Sea,7022.1,-277.1,35.79,19.43,3.61,79.8,2.54,7.69
8.05,-25.7596,70.4654,Bay of Bengal,2137.9,-429.4,33.42,17.76,2.74,60.85,22.72,9.31
8.26,-32.6747,48.8244,South Atlantic Ocean,5599.8,2071.8,31.26,2.31,8.95,89.95,28.62,7.59
7.58,-38.8706,-167.141,Baltic Sea,8099.6,1119.3,37.28,26.75,4.43,86.77,40.9,3.29
8.39,79.3094,27.3879,South Pacific Ocean,8711.6,2631.6,34.35,21.05,7.0,73.77,32.83,6.53
7.69,73.4834,-31.3336,Bay of Bengal,4637.3,2105.0,36.08,11.86,2.0,5.51,18.92,9.58
7.83,78.6576,-123.0723,Coral Sea,4420.6,2276.9,34.46,29.09,5.01,26.56,41.14,3.92
7.59,-48.2829,59.79,Caribbean Sea,5827.5,252.6,36.9,16.85,3.89,46.1,5.21,0.31
7.97,-5.4296,-25.9668,Indian Ocean,3677.8,713.2,30.56,5.7,1.1,24.67,12.67,9.69
7.84,-26.0863,-87.5459,Norwegian Sea,9521.4,1881.7,30.49,32.08,8.01,61.15,27.93,8.1
7.72,-31.8841,83.575,Bering Sea,7258.9,2451.2,32.63,15.46,3.0,3.05,45.39,1.13
7.68,-72.6434,-158.2911,Caribbean Sea,4021.6,2335.3,38.0,11.6,1.52,70.38,21.41,4.25
7.64,61.2624,-48.3437,South Atlantic Ocean,1924.9,680.0,34.27,29.57,6.9,0.13,42.98,1.8
7.56,-36.5181,-79.9376,South Pacific Ocean,10747.9,1571.0,39.77,25.12,5.34,96.55,12.99,0.22
7.72,-26.7789,-136.1386,Bering Sea,10578.0,-488.0,37.81,8.42,7.24,45.43,20.61,3.8
7.5,19.0688,-133.1802,Arabian Sea,2558.1,2765.3,36.12,6.05,3.28,52.63,22.31,6.0
7.58,76.7069,-102.4746,Bay of Bengal,3036.1,474.3,32.57,8.3,6.15,2.22,29.14,0.68
8.47,40.3499,-172.6858,Southern Ocean,3151.4,-67.9,32.64,9.93,3.1,84.88,39.96,4.54
7.9,25.7255,34.6899,Indian Ocean,3782.3,2215.9,33.4,9.97,3.09,80.48,46.39,6.01
8.42,-72.7743,4.0105,South Atlantic Ocean,3467.8,1989.4,38.47,16.62,4.93,20.2,21.24,0.98
7.9,22.2594,128.49,South Pacific Ocean,126.0,791.4,37.99,20.4,6.62,7.78,22.47,1.27
8.28,-42.072,106.4013,North Atlantic Ocean,8512.0,894.0,37.35,7.49,8.11,31.52,5.27,6.47
8.2,25.0999,172.0098,Southern Ocean,6296.9,1957.3,35.25,14.18,8.3,5.91,35.39,3.65
7.66,-31.0679,-171.8599,Bering Sea,884.5,-416.5,33.7,23.18,4.47,7.52,20.92,9.18
7.97,-76.2037,0.244,Indian Ocean,10695.6,2833.8,37.36,14.72,8.26,8.54,32.87,1.28
7.62,62.0291,-119.3734,Gulf of Mexico,3678.4,2748.7,33.33,19.04,9.41,40.74,30.14,8.97
7.91,9.8504,-10.9784,North Pacific Ocean,9443.3,894.6,37.76,0.1,9.31,90.1,0.29,3.81
7.78,-39.393,-113.836,Bay of Bengal,10342.3,2111.0,31.52,27.76,2.14,6.32,2.0,3.18
8.12,-25.6856,-153.5879,North Atlantic Ocean,176.6,1482.6,36.26,12.91,9.62,75.74,43.41,9.72
8.24,21.2278,118.8157,South Pacific Ocean,10583.6,1960.6,30.98,29.35,8.77,0.49,8.18,3.19
8.41,32.3037,-24.5434,Arabian Sea,4094.3,2676.9,35.57,14.0,2.05,69.18,23.77,4.96
7.55,-2.3732,66.65,Bay of Bengal,1101.3,1003.5,30.99,19.93,3.51,48.91,17.66,2.15
8.24,4.6428,-139.7852,Arabian Sea,6236.1,1007.3,38.96,2.53,7.1,19.3,27.89,6.85
7.63,-70.8111,27.1793,Red Sea,434.8,2434.8,34.03,16.79,8.39,87.34,15.51,0.46
8.37,-63.5512,118.2221,Caribbean Sea,3328.5,-418.3,36.34,9.91,5.86,60.55,20.81,9.52
8.15,-52.1831,140.9228,Coral Sea,9185.6,394.6,33.42,7.42,2.44,90.11,8.53,1.91
8.4,5.4574,-71.0051,North Atlantic Ocean,8717.6,-10.9,35.43,31.76,2.18,71.6,24.86,7.46
7.63,-14.4307,148.1307,Southern Ocean,10686.7,2640.9,37.19,12.19,1.16,19.02,43.4,2.36
7.98,12.7668,-4.5537,South Atlantic Ocean,320.4,1476.1,33.42,28.67,4.09,26.69,47.68,1.93
7.99,-58.8881,-91.1787,Bering Sea,6068.5,-358.7,32.13,28.55,1.03,68.46,10.28,7.06
8.24,84.2419,18.2351,Caribbean Sea,1147.6,959.9,36.94,26.4,8.28,53.18,7.48,6.7
8.47,20.7335,67.7532,Indian Ocean,10007.0,2388.4,31.29,23.25,5.27,64.63,9.01,4.22
7.51,-66.9472,-150.3522,Gulf of Mexico,411.1,-173.1,38.24,11.36,1.94,67.57,20.93,6.99
8.15,-23.3534,69.6811,Norwegian Sea,10149.3,533.1,35.56,15.46,4.14,39.41,4.55,1.85
7.54,86.4369,92.5907,Bering Sea,3319.0,2630.0,31.44,34.0,8.18,95.08,40.97,9.91
7.92,83.9466,-24.8522,North Pacific Ocean,7342.8,-273.1,34.66,5.91,6.98,66.61,13.1,0.84
8.35,-77.3801,142.5671,South Atlantic Ocean,4871.0,2986.4,33.57,22.22,8.61,67.05,21.5,6.6
8.06,59.562,-100.0665,Baltic Sea,6677.7,584.1,31.57,25.62,3.15,8.64,11.43,6.37
8.35,25.5468,-111.4683,Gulf of Mexico,4594.4,-369.2,30.39,4.08,2.78,39.75,9.45,2.0
8.14,-56.6874,45.5331,Coral Sea,7868.5,53.5,34.47,16.37,5.55,94.88,1.28,1.28
8.41,59.9857,-14.5297,North Pacific Ocean,1937.5,1742.5,36.52,3.21,4.05,30.11,21.91,6.89
8.29,25.1383,-29.6514,Gulf of Mexico,3471.7,-33.2,38.88,17.61,8.38,22.87,43.58,8.45
8.22,-69.615,45.6367,Coral Sea,2579.7,2166.1,33.33,19.34,5.19,25.94,11.75,1.47
8.24,62.6317,-48.4869,South Atlantic Ocean,3398.7,881.8,33.04,4.11,1.94,6.31,8.61,9.3
8.07,46.6507,164.9263,Coral Sea,1863.3,2642.4,35.29,16.56,2.25,41.19,21.43,5.32
8.35,-88.6827,144.4921,Coral Sea,6747.2,-223.2,35.68,0.8,3.16,72.39,45.22,3.25
7.97,-44.1914,-68.364,Gulf of Mexico,4951.1,887.2,31.42,31.58,1.43,50.55,17.71,0.78
7.57,-41.5079,-110.7764,Coral Sea,4384.3,1562.8,30.75,34.89,1.66,79.61,19.64,4.76
8.25,-7.3048,-116.0418,Red Sea,9479.2,2458.7,31.78,33.99,3.69,9.31,44.42,6.83
8.24,-48.535,100.3582,Indian Ocean,6595.3,1373.6,36.14,19.23,2.34,63.28,22.72,3.6
7.64,58.9883,37.7061,Bering Sea,5980.7,2127.9,33.91,32.51,4.02,59.5,30.89,2.41
7.75,36.3327,14.7523,Norwegian Sea,7422.0,1696.9,30.94,19.02,6.59,56.84,12.38,3.11
7.75,-84.5753,56.1809,Gulf of Mexico,6836.9,513.2,37.81,32.34,6.38,43.32,24.93,0.9
8.09,37.2544,85.7986,South Atlantic Ocean,7155.1,912.2,36.34,13.76,3.28,95.28,31.66,6.37
8.06,81.2341,-98.6353,Coral Sea,6930.2,2453.0,38.35,34.28,2.73,2.76,20.29,3.76
7.62,-1.0902,172.6912,Red Sea,3111.8,-120.8,33.06,33.84,1.63,92.2,44.97,0.64
7.94,-57.2239,-52.4161,Indian Ocean,7781.0,2889.0,35.67,32.5,9.54,92.07,30.3,1.24
7.52,68.4714,-151.8345,North Atlantic Ocean,5612.9,1706.8,37.05,17.53,2.4,99.71,45.31,7.03
7.66,28.6966,120.488,Coral Sea,8546.8,974.4,39.2,25.86,3.2,83.83,10.7,7.14
7.57,-12.9594,11.2188,Bering Sea,3676.6,2534.9,30.52,3.6,8.86,92.13,1.15,2.82
7.99,-15.8119,-173.5217,North Atlantic Ocean,5783.1,1501.5,39.18,28.75,7.39,11.86,15.04,0.06
7.56,-39.2204,38.858,Coral Sea,8238.9,1939.7,31.88,20.97,6.19,84.94,45.91,4.67
8.45,-70.8725,43.2266,Coral Sea,3808.6,-147.5,34.06,12.57,4.89,21.12,40.84,9.26
8.13,66.983,63.0815,North Atlantic Ocean,7794.4,2400.7,31.26,34.22,8.96,50.81,29.88,4.06
8.27,86.9721,34.4561,North Atlantic Ocean,8341.7,2700.6,38.82,3.75,1.34,62.9,32.93,7.01
7.91,80.2786,-83.9499,Coral Sea,6032.2,-191.4,32.77,30.1,2.24,40.18,45.43,6.72
8.45,-59.5322,179.6497,Red Sea,2310.0,289.0,36.06,7.39,6.65,41.49,41.93,8.92
8.27,-14.5814,-11.6735,South Atlantic Ocean,10301.7,927.9,34.72,27.91,3.66,14.15,39.87,3.39
7.81,-37.4615,-40.2849,Coral Sea,5175.5,1285.3,38.77,34.98,2.91,49.98,1.8,2.23
7.62,-28.2548,-178.6273,Coral Sea,9488.0,2669.7,30.4,14.99,6.44,71.19,26.34,8.72
7.96,-31.8384,24.782,Caribbean Sea,9986.9,2995.8,34.15,29.24,5.56,5.88,23.17,5.9
8.05,77.2951,-4.3032,Bay of Bengal,839.3,2111.4,32.56,34.13,5.7,31.65,49.19,5.26
8.03,80.4521,160.8602,South Pacific Ocean,4681.9,2095.4,32.59,30.65,7.86,93.25,25.04,7.43
8.44,-82.7128,-64.9916,Gulf of Mexico,4539.6,2236.9,35.32,12.87,2.12,48.75,8.38,6.44
8.19,6.4822,64.5909,Indian Ocean,5264.3,78.0,32.39,25.23,5.74,79.69,4.94,3.65
7.97,29.1388,46.8882,Caribbean Sea,2114.7,953.0,35.22,34.85,9.8,5.92,5.8,9.97
8.21,-45.7551,104.499,North Pacific Ocean,10297.2,2182.3,31.35,-1.41,5.02,71.97,43.04,5.68
7.85,-78.9622,106.2943,Bay of Bengal,1652.9,2660.4,39.25,14.25,3.11,92.69,19.52,4.16
8.3,-76.4878,-178.6828,Coral Sea,1305.6,2748.1,38.22,10.75,4.21,71.0,28.08,0.9
8.38,42.8078,132.5722,Red Sea,2791.4,-494.3,30.88,21.06,2.2,11.83,45.44,7.85
8.45,-24.2768,-137.5246,North Pacific Ocean,875.0,2730.8,38.12,33.84,9.06,75.38,48.62,8.3
7.53,11.55,-161.043,Baltic Sea,4419.7,2816.2,37.69,5.3,1.43,39.63,44.75,6.54
7.79,-33.0034,110.5804,Red Sea,2508.4,-492.9,30.69,28.45,1.76,54.38,27.91,0.68
7.67,56.6994,-149.4955,Gulf of Mexico,5260.8,-458.1,34.94,16.92,2.85,76.46,7.81,7.07
8.17,-73.1883,-163.7663,Arabian Sea,6272.0,446.5,31.53,12.13,8.79,6.94,11.43,4.83
7.76,-87.2412,-92.8058,Coral Sea,5650.4,-296.9,30.56,28.28,8.78,78.07,44.98,1.49
7.96,-10.5722,8.5788,South Pacific Ocean,9749.7,1671.8,36.72,29.29,5.94,39.2,34.05,0.63
8.29,-17.3586,133.2995,South Atlantic Ocean,9821.9,1060.0,34.61,24.48,3.89,86.61,6.33,3.62
8.35,-86.9931,150.4627,South Pacific Ocean,6536.7,321.1,35.73,0.42,5.12,1.29,24.16,7.0
8.1,59.2364,-16.7889,South Atlantic Ocean,5805.5,2268.2,31.44,30.2,8.41,46.87,10.01,5.95
7.95,6.8717,32.5771,Baltic Sea,4262.4,101.5,34.23,28.89,6.44,85.02,4.55,2.36
7.56,61.3081,152.6114,Bering Sea,7601.0,2181.7,31.28,8.24,7.7,73.29,32.34,3.53
8.24,-7.6205,98.5871,North Atlantic Ocean,2360.9,2905.6,35.03,20.27,1.98,94.68,32.71,8.29
8.21,21.5325,43.9432,Bay of Bengal,2957.7,1535.2,34.06,31.59,4.72,94.32,5.96,8.36
7.74,-84.984,-91.8246,Red Sea,6064.3,2388.7,39.84,8.49,5.0,86.08,33.59,8.28
8.23,51.0565,-10.5679,Bering Sea,6642.1,-152.0,30.19,13.41,3.32,31.78,27.44,5.91
7.73,-78.7231,129.2631,Bering Sea,7898.3,565.8,32.96,0.93,7.08,21.29,28.66,3.86
8.18,-40.9122,-68.1069,Gulf of Mexico,10558.2,1916.1,36.12,12.03,6.63,20.04,16.55,8.26
7.65,-5.4892,-127.7144,Red Sea,536.7,1951.2,36.22,12.92,1.67,35.39,22.43,7.63
8.41,-44.6884,-124.4075,Bay of Bengal,7015.2,-92.1,35.56,29.07,4.53,0.86,3.76,3.9
7.9,-79.3905,98.1013,North Pacific Ocean,5589.1,2708.9,38.58,-1.58,9.71,77.86,45.9,4.93
8.1,36.8609,-120.624,Indian Ocean,4310.1,2823.3,37.47,16.96,3.78,49.43,1.69,7.05
7.71,-18.9118,-163.8093,Indian Ocean,1001.2,-389.0,39.32,9.03,6.38,93.79,24.07,8.8
8.35,43.1678,127.5159,Bay of Bengal,7679.0,2337.7,36.77,20.85,3.26,37.52,29.86,6.06
8.47,-46.9599,156.196,Bay of Bengal,8090.0,-17.9,32.63,0.43,1.45,63.94,9.81,1.46
7.81,-4.8803,175.0636,Arabian Sea,1795.7,-72.5,35.67,14.01,6.02,70.21,49.51,8.33
7.7,-26.1632,-48.4169,Norwegian Sea,7659.7,1951.0,37.62,27.52,9.97,22.45,2.44,0.81
8.04,-11.6709,147.4088,Bering Sea,396.3,-217.0,38.3,5.62,2.89,1.41,2.9,1.09
8.46,85.115,-124.4555,Southern Ocean,1703.2,1069.0,30.9,19.81,7.76,0.85,11.93,4.75
8.26,-18.1369,177.4412,Bay of Bengal,2236.7,845.2,34.45,13.53,9.23,42.14,39.09,9.08
8.48,2.6885,-173.8843,Coral Sea,10624.8,1876.7,32.32,15.09,7.4,62.56,42.38,3.25
8.38,82.7245,-55.3162,Coral Sea,6104.1,2287.0,38.28,11.95,6.81,7.07,13.96,9.29
8.19,-81.1088,88.0786,Bay of Bengal,5573.3,237.8,30.7,8.67,6.07,57.12,25.55,2.59
7.68,-32.6446,36.6747,Red Sea,10793.7,146.0,33.63,2.91,4.25,39.59,19.27,8.15
8.38,-53.2847,-36.09,Red Sea,1751.2,2672.8,31.19,8.26,2.28,29.03,40.89,4.78
8.11,-8.6329,-152.0468,Gulf of Mexico,10710.7,-479.3,36.61,34.64,5.03,54.06,13.1,3.74
7.95,-68.6054,162.728,Indian Ocean,2574.3,1465.2,30.09,33.08,5.01,3.87,32.43,3.48
8.0,-7.1162,127.4449,South Atlantic Ocean,7293.7,1575.2,38.39,-0.43,2.42,55.76,25.69,8.71
8.46,-37.5874,-152.8092,Bering Sea,8403.6,2365.9,35.14,2.68,2.14,23.72,43.09,0.86
7.51,84.2478,90.9069,Norwegian Sea,107.9,260.9,34.12,29.25,8.08,25.95,15.41,4.69
8.25,-61.222,-120.0372,Indian Ocean,8067.8,2822.9,33.71,4.51,1.74,88.45,13.64,7.17
8.26,-6.3872,166.8869,Coral Sea,5571.7,-258.4,33.21,12.63,1.27,53.93,15.17,5.97
7.6,33.4345,-156.0576,Southern Ocean,5713.9,563.6,33.1,1.33,2.91,56.95,19.89,2.14
8.47,18.546,-113.9068,South Atlantic Ocean,3473.7,359.6,39.49,0.6,3.86,46.74,20.82,5.92
8.0,-30.3829,98.168,South Pacific Ocean,9969.5,258.7,34.6,20.72,1.07,63.12,14.32,1.26
8.22,-41.9928,-173.8522,South Atlantic Ocean,2101.9,85.0,30.88,28.28,7.97,58.4,27.39,5.49
7.93,-16.1529,135.4966,South Atlantic Ocean,4171.0,150.9,34.64,4.18,8.82,94.64,47.98,4.8
7.82,-77.4032,-86.019,Coral Sea,465.9,2212.0,37.28,19.34,1.48,92.87,44.08,9.2
8.07,-28.5327,130.0454,North Atlantic Ocean,4868.5,2878.3,35.79,24.39,8.01,15.96,30.83,7.47
8.39,17.5511,-10.2047,Southern Ocean,10081.1,2204.1,38.38,33.9,6.54,63.45,44.22,1.56
8.14,87.9601,-159.5469,Bering Sea,2676.7,375.8,33.76,34.94,6.46,3.43,21.2,3.83
8.15,23.7893,14.4469,Coral Sea,8640.7,375.4,38.85,10.61,8.81,33.33,34.9,6.6
7.82,80.4023,79.844,Arabian Sea,418.7,2063.3,36.73,7.28,1.17,14.62,33.71,8.43
7.73,-89.031,12.6749,Arabian Sea,9016.7,655.4,35.5,20.93,4.53,79.25,38.84,1.6
8.13,49.1662,144.1704,Caribbean Sea,3443.5,2294.8,37.5,4.47,3.37,21.79,2.92,8.98
7.65,-6.4871,91.0817,Bay of Bengal,684.6,-449.1,30.82,9.92,2.56,58.18,9.83,6.38
7.95,21.2829,-135.3698,Norwegian Sea,3663.5,813.3,32.54,19.49,9.86,10.35,24.1,6.0
7.75,-25.5012,-163.4055,Arabian Sea,6173.0,843.7,33.75,-0.42,8.5,10.67,21.92,8.53
8.21,-37.0726,-49.7875,North Pacific Ocean,10223.0,650.0,36.13,14.35,7.3,1.19,6.5,5.04
8.04,-26.7402,73.4587,Southern Ocean,3615.2,2011.1,31.59,9.24,9.72,7.33,3.68,4.21
7.6,17.7304,128.5437,Southern Ocean,4114.9,1861.6,39.89,1.46,8.11,99.44,21.42,3.96
8.06,21.168,129.834,Bering Sea,7640.5,2983.6,39.46,2.07,3.77,76.66,6.85,8.16
8.1,9.377,-155.5479,Red Sea,216.8,1648.3,34.36,10.68,4.17,17.07,37.4,0.45
7.79,-16.7405,109.9018,Norwegian Sea,7748.7,2420.4,38.96,2.54,2.56,95.07,12.16,1.32
7.83,50.9446,-76.372,Southern Ocean,422.0,335.2,38.72,22.87,5.38,75.17,33.74,6.44
8.37,53.4283,150.6165,North Pacific Ocean,10395.9,1784.4,33.69,2.91,8.3,2.89,44.68,0.0
7.61,39.8932,-1.2885,Arabian Sea,10933.7,1193.3,35.44,6.29,8.82,57.84,16.91,3.29
8.47,-58.9459,-125.5038,North Atlantic Ocean,8194.8,2489.0,30.42,13.0,3.28,1.02,18.68,7.06
7.71,-23.6297,177.4111,Southern Ocean,4832.0,2585.1,35.11,27.93,4.82,79.87,44.48,6.83
7.74,73.8494,-106.4129,Indian Ocean,1977.3,388.8,35.1,18.29,9.29,26.9,39.05,9.05
7.89,-5.986,-81.4527,Red Sea,478.0,-291.1,38.34,22.66,2.45,66.14,43.02,6.91
8.45,3.9902,10.2658,North Atlantic Ocean,9115.2,1386.6,30.74,12.32,2.72,2.68,25.42,9.28
8.4,57.73,-170.459,North Pacific Ocean,8500.8,676.4,36.04,10.39,1.0,31.61,18.47,2.34
8.25,78.9191,117.4611,Bering Sea,10102.5,1988.3,38.26,24.83,9.15,15.05,33.93,1.39
8.29,78.5334,-17.2864,Coral Sea,2932.8,-479.4,34.14,12.04,5.07,31.86,12.39,3.07
8.02,-44.0809,-53.615,South Pacific Ocean,4582.3,1909.3,35.59,21.49,1.99,81.46,28.64,2.03
8.4,-76.8873,-21.5916,Norwegian Sea,10018.7,1386.1,36.56,19.56,3.59,91.57,33.18,4.34
7.63,3.458,168.9143,Gulf of Mexico,4061.6,632.9,30.63,34.2,5.47,93.99,24.18,2.21
8.04,35.501,-2.6929,Coral Sea,2996.4,1507.7,34.55,7.57,2.43,79.5,31.06,4.63
8.32,48.2732,91.0427,Bering Sea,6429.8,2770.5,32.3,-1.31,2.64,44.57,43.53,3.55
8.07,29.8543,-174.5313,Arabian Sea,5203.5,2600.9,39.14,17.33,9.87,35.35,12.18,4.15
8.31,-74.0297,91.9885,Gulf of Mexico,2257.6,2555.6,39.43,7.19,6.91,59.0,1.63,5.98
7.67,-29.8097,-145.8607,South Pacific Ocean,9676.7,329.1,37.64,33.78,3.85,5.66,44.06,7.24
7.54,-88.9276,105.7221,South Atlantic Ocean,7024.5,912.9,31.25,24.68,1.78,89.71,30.62,0.35
8.06,52.7875,150.6203,Baltic Sea,2960.9,-245.8,39.98,8.16,9.86,50.43,29.43,0.29
8.2,-74.6185,-95.7714,Bay of Bengal,6966.0,-44.3,30.5,19.99,1.79,97.36,29.48,6.79
8.06,18.1942,-80.2157,Red Sea,10473.2,328.2,39.37,3.68,2.96,17.04,34.76,7.4
7.86,-28.1492,110.9007,Gulf of Mexico,2001.1,2593.1,32.31,30.04,1.87,57.08,27.53,3.59
8.22,-6.931,102.4968,North Pacific Ocean,6905.6,-80.0,32.19,10.27,4.19,95.88,39.65,6.35
8.43,-37.3643,105.4821,South Pacific Ocean,10982.9,728.4,35.56,32.12,7.7,29.66,21.14,1.06
8.07,43.0137,110.8853,Bay of Bengal,5418.4,-395.7,35.85,12.25,9.08,66.19,29.46,5.03
7.67,-30.3778,-55.6937,South Atlantic Ocean,8426.6,419.2,35.03,-0.61,2.36,50.68,33.95,8.12
8.02,38.8094,162.127,Arabian Sea,7785.6,2293.2,38.56,9.92,1.84,93.61,38.04,2.11
8.25,-20.9654,143.4408,Caribbean Sea,5430.8,2739.4,30.07,26.59,5.72,64.32,22.42,5.02
7.7,-16.486,-134.0219,Southern Ocean,4666.0,945.3,32.88,20.97,7.06,75.89,7.79,9.22
7.94,8.1589,-164.8067,Baltic Sea,7448.1,478.9,37.77,27.3,8.64,42.29,18.39,2.42
8.17,-11.6811,150.4735,South Pacific Ocean,6534.1,1510.6,35.37,22.93,1.83,38.25,26.61,5.43
7.58,16.3891,-102.6696,Caribbean Sea,5268.2,-403.2,31.57,21.02,4.71,17.34,47.05,4.4
7.7,75.213,86.8059,Southern Ocean,1321.1,666.8,34.44,7.54,6.9,26.75,39.55,0.41
8.22,-24.8752,58.4128,North Atlantic Ocean,8544.1,2251.2,30.48,21.06,1.82,35.44,46.73,3.85
7.81,37.8099,80.9663,South Atlantic Ocean,8794.9,-430.8,31.93,32.67,8.59,27.91,43.98,3.65
7.59,67.2234,42.4106,Indian Ocean,3652.5,464.9,36.61,25.56,8.79,58.46,19.84,3.02
8.25,-75.2344,-76.9194,South Pacific Ocean,3434.9,178.9,31.62,3.62,3.55,24.61,18.97,9.8
7.71,10.4474,33.849,Baltic Sea,5149.9,733.5,35.44,15.24,4.84,14.6,32.9,8.44
7.6,-68.6412,11.4968,North Pacific Ocean,3857.3,-246.8,35.39,28.21,7.68,80.48,17.81,0.01
8.12,51.7889,-69.7274,South Atlantic Ocean,8532.9,995.1,31.1,1.19,7.23,43.97,33.8,4.64
8.41,-23.2262,-54.6934,Bering Sea,10532.3,1146.7,39.34,2.17,4.44,58.13,21.3,8.96
7.98,2.0873,52.9832,Bay of Bengal,1027.5,-163.6,36.21,1.65,4.68,59.21,9.22,6.55
7.72,5.8443,120.8738,Southern Ocean,1540.7,2373.5,38.21,9.26,6.22,87.3,37.55,5.13
8.08,15.0185,33.9513,Southern Ocean,4133.5,2047.0,35.35,16.7,6.14,57.48,6.21,8.85
8.14,86.3256,-22.4561,Indian Ocean,4967.5,416.4,37.53,20.5,9.04,27.06,7.7,8.03
8.44,2.1162,-135.8801,Arabian Sea,2800.5,3.8,35.34,10.65,3.88,99.42,11.85,7.22
8.47,45.0106,-173.4898,Baltic Sea,9884.3,2993.9,35.09,3.73,1.97,11.81,26.05,4.64
7.84,85.7922,-148.4171,Coral Sea,8117.4,-407.2,31.74,8.44,4.84,86.58,32.11,5.66
8.24,47.4486,-155.4758,Bering Sea,9625.0,1315.0,30.32,3.32,1.62,70.74,6.47,1.03
8.36,60.092,-120.6942,Baltic Sea,3859.6,2075.0,32.42,21.8,7.42,12.21,16.95,0.63
8.14,-81.9949,145.3769,North Pacific Ocean,9725.5,2782.4,31.84,18.27,6.94,34.04,31.68,2.12
8.35,-56.0326,-125.7261,Gulf of Mexico,10080.7,1327.6,36.64,3.86,5.22,96.65,19.79,9.91
8.02,32.1919,-110.4406,Red Sea,10087.0,1518.5,31.9,15.89,7.47,71.49,6.87,3.32
8.1,72.3266,40.5879,Coral Sea,53.0,2619.7,31.28,19.18,6.89,82.15,27.16,6.62
7.6,-78.6228,13.9984,Arabian Sea,5207.8,927.7,38.56,8.1,9.3,22.86,32.54,1.31
7.88,55.7108,121.0969,Red Sea,7812.9,806.5,33.05,4.71,8.9,11.64,2.28,3.97
7.51,-56.4557,-97.3022,South Pacific Ocean,8580.6,2617.8,38.54,29.25,5.96,96.31,25.06,3.15
8.25,-9.8202,-5.9792,Gulf of Mexico,2408.8,2043.9,38.02,9.39,5.95,52.26,22.12,7.03
7.9,61.9072,-140.7229,Coral Sea,6619.0,1833.0,38.21,13.4,9.04,12.68,0.42,5.67
8.4,-59.126,31.3895,North Pacific Ocean,5058.3,73.5,31.79,34.84,6.32,58.61,22.57,7.42
7.6,27.9557,36.8292,Indian Ocean,7368.2,994.7,30.25,14.49,1.33,75.97,28.2,6.32
7.52,59.3019,125.1953,South Pacific Ocean,8131.2,890.7,33.16,12.04,6.52,20.45,11.57,4.3
7.88,22.8171,-61.0964,Gulf of Mexico,5032.7,2700.3,38.23,10.26,1.42,8.73,1.64,1.68
8.47,-84.9692,-72.7521,Arabian Sea,367.8,-333.8,39.84,6.35,7.92,80.94,6.16,1.04
8.47,27.9291,162.8302,Red Sea,6820.9,2945.8,34.76,21.69,4.87,63.57,48.31,5.88
8.18,-57.0905,-17.9654,Coral Sea,10942.7,2697.6,31.72,25.4,8.53,5.06,20.19,9.17
7.75,-57.619,-75.8771,Bering Sea,8801.5,1727.1,32.49,5.39,7.49,21.13,11.98,1.39
7.98,-19.5464,38.2019,Arabian Sea,2468.0,988.5,38.58,19.03,7.68,57.61,27.11,1.1
8.48,49.0857,-128.4563,North Pacific Ocean,7674.9,2195.7,31.15,24.89,2.05,96.69,40.07,6.78
8.3,-72.4626,-40.9619,Red Sea,4568.9,2420.2,33.31,19.52,5.07,19.75,21.9,7.75
8.17,-2.4087,-14.7631,Southern Ocean,3345.0,105.6,38.37,32.86,9.95,20.23,43.11,2.7
8.43,70.0527,138.011,Norwegian Sea,4567.2,2564.9,32.74,18.97,6.74,52.64,45.24,7.04
8.19,-3.1656,81.626,North Pacific Ocean,7374.4,13.3,35.57,2.5,4.71,90.08,31.72,9.0
7.8,-33.9272,-39.1739,Bering Sea,7797.7,918.5,32.59,33.83,7.16,99.54,27.83,9.26
8.06,-39.8818,-12.5282,South Atlantic Ocean,736.2,212.5,30.59,25.39,8.46,2.69,0.93,6.06
7.77,87.8712,159.1941,Norwegian Sea,8146.7,1390.6,33.4,27.01,8.68,65.96,29.67,9.47
8.07,-70.5934,121.314,North Pacific Ocean,9627.0,2759.5,30.16,17.96,4.25,13.97,26.14,3.96
8.46,-15.8867,-137.7017,Baltic Sea,7603.0,705.7,39.19,9.49,1.4,29.25,10.03,7.75
8.01,44.9229,-50.8476,Southern Ocean,4275.2,2363.4,31.53,34.08,7.49,1.23,9.06,3.49
8.01,-34.7236,-13.3146,North Atlantic Ocean,9357.8,1294.7,36.13,27.12,3.74,41.05,47.92,7.93
7.78,61.9799,-107.3438,South Atlantic Ocean,5128.5,2350.1,39.57,3.37,8.16,59.4,39.92,7.44
7.73,20.8324,-133.6172,Bering Sea,6876.6,2651.5,39.21,11.25,1.88,0.82,10.99,0.42
7.61,-7.0396,-65.6861,North Pacific Ocean,2017.9,1020.1,31.07,31.25,4.01,44.64,34.11,2.15
8.16,76.5093,58.2195,Gulf of Mexico,174.3,883.2,37.48,20.09,2.14,31.8,24.95,1.74
8.07,-22.5504,165.1584,North Pacific Ocean,6952.3,243.1,34.05,2.41,5.21,0.51,42.29,0.28
8.01,83.8281,171.115,Baltic Sea,2019.8,2617.9,30.82,2.23,3.19,48.89,9.21,7.94
8.44,-76.9946,135.2998,Baltic Sea,563.8,2106.5,36.92,2.72,4.65,80.46,4.76,2.42
8.14,-82.92,75.8882,Indian Ocean,2068.5,1115.4,39.21,-0.6,9.78,93.1,31.33,3.51
7.86,-75.2726,-153.0486,South Pacific Ocean,8127.5,867.7,31.98,18.0,4.78,73.89,1.79,6.35
7.76,-74.6959,-174.2905,Bering Sea,2893.5,-141.9,31.32,23.15,6.26,76.82,44.49,8.96
7.98,-48.2246,-171.4475,North Pacific Ocean,6837.5,200.3,32.96,14.65,1.86,74.85,47.21,8.21
7.82,-16.6687,-144.0355,Bay of Bengal,7616.9,490.8,31.56,16.21,4.15,24.3,23.6,1.94
7.84,56.0485,-13.0987,Norwegian Sea,2420.9,2596.8,31.94,0.93,3.75,35.82,29.35,1.52
8.19,-19.6943,-173.3289,Bering Sea,6725.7,1836.5,34.1,10.55,4.26,44.15,30.12,0.1
7.79,-67.2141,-52.0832,South Pacific Ocean,2969.6,146.8,31.12,22.97,9.45,22.24,17.8,5.12
7.52,-84.4202,162.6976,Baltic Sea,7554.6,731.3,30.87,13.14,1.02,35.01,5.09,3.96
7.85,10.3846,21.976,Bering Sea,2585.7,156.8,34.54,6.39,1.57,66.21,18.45,8.38
8.43,-48.3688,38.0998,Southern Ocean,5078.8,520.5,33.98,16.05,5.39,18.32,22.21,4.17
8.16,-25.0231,-3.3968,Red Sea,3074.3,45.7,37.48,3.18,8.61,2.26,49.89,7.6
8.02,-46.4484,173.3934,Southern Ocean,10936.9,2370.3,37.64,13.31,1.36,52.91,38.57,8.5
7.94,-17.0117,-119.8802,North Atlantic Ocean,7266.9,-296.6,35.18,19.54,7.89,66.4,48.91,6.65
8.35,85.1543,171.1997,North Atlantic Ocean,1233.3,1063.2,38.54,5.15,9.75,43.39,31.2,3.94
7.62,85.1596,-11.8702,North Atlantic Ocean,10442.0,500.9,30.95,30.43,8.64,31.4,19.8,7.03
7.81,38.3451,153.1217,North Pacific Ocean,7542.3,916.6,31.16,11.6,9.6,84.16,21.06,6.51
8.07,-47.4337,50.6285,North Pacific Ocean,6071.9,2629.2,34.51,0.09,6.76,70.75,33.91,0.16
8.17,63.7082,-107.0939,North Pacific Ocean,3605.8,1102.9,39.43,1.54,6.54,55.87,39.64,9.08
7.82,-88.079,106.6049,Southern Ocean,4680.9,1024.1,35.3,26.71,9.86,42.54,26.36,9.98
8.31,2.6444,-132.094,South Pacific Ocean,7198.0,969.6,33.86,34.61,4.18,70.65,0.34,0.71
7.82,67.8512,112.2609,Indian Ocean,2333.2,6.8,31.98,0.03,5.3,90.14,16.3,2.91
7.53,-14.6406,-167.3402,Baltic Sea,4882.0,1455.4,39.73,7.09,1.99,48.38,36.19,2.09
8.01,-45.8705,-128.6082,Red Sea,7299.2,484.4,33.46,26.81,5.31,57.64,4.64,6.02
8.5,22.6997,-50.7174,Norwegian Sea,5900.1,1643.4,32.72,5.99,8.86,65.49,5.55,9.92
7.83,57.2984,-156.5657,Caribbean Sea,9847.7,1819.6,33.79,27.89,6.48,46.05,46.5,2.96
7.82,30.4748,114.617,Arabian Sea,3141.2,2350.9,36.26,24.25,6.49,49.65,0.48,8.77
7.99,-44.5153,-17.4694,Baltic Sea,10090.1,1967.4,30.61,15.2,3.78,4.15,39.73,2.12
7.68,-67.4195,42.8074,Indian Ocean,7581.5,1656.1,31.15,1.46,1.3,92.28,17.14,9.41
8.1,-40.7126,-143.5637,Red Sea,3761.7,2193.7,39.88,8.01,6.26,94.84,41.73,5.25
7.92,-64.1789,-177.5023,Bering Sea,1612.2,1815.5,33.7,9.43,4.38,93.32,15.67,8.09
7.9,82.5238,173.282,South Pacific Ocean,3244.3,702.0,35.67,34.02,9.42,6.35,32.08,4.42
8.2,-23.755,-128.0764,Indian Ocean,2495.0,-103.2,33.71,32.32,3.18,0.1,35.44,7.05
7.69,84.1556,118.8039,Bering Sea,10017.7,2137.4,30.05,-0.54,1.36,5.95,4.41,3.78
8.5,13.7497,50.6335,Bay of Bengal,5594.3,260.2,37.52,28.76,9.65,57.04,41.07,4.81
8.05,34.2862,109.9748,North Pacific Ocean,7414.4,2517.1,34.8,16.94,7.27,42.36,48.83,6.53
7.68,73.7625,36.8504,Arabian Sea,742.0,1945.8,34.86,17.76,3.14,99.1,3.19,3.2
7.58,88.8526,-39.9322,Baltic Sea,10428.8,1069.1,35.18,22.56,4.88,78.35,12.95,2.98
8.25,80.8292,10.3813,South Atlantic Ocean,9741.1,2871.0,32.0,32.32,9.34,67.17,21.06,8.27
7.73,-9.4438,12.4012,Arabian Sea,5529.0,2128.5,38.25,31.37,4.56,12.77,1.37,0.24
8.24,34.6948,-115.7854,Coral Sea,10435.4,1186.1,38.04,22.89,7.27,38.2,27.57,4.23
8.22,-20.0858,50.1003,Southern Ocean,5799.5,549.6,32.56,20.96,2.1,87.5,14.45,1.69
8.5,23.4491,-117.0345,Gulf of Mexico,9435.0,427.2,38.35,4.65,4.15,72.93,35.18,4.8
7.59,3.9981,14.9853,Indian Ocean,6910.2,412.2,39.48,-0.14,3.6,2.84,30.41,7.56
8.05,-86.6562,61.9785,Red Sea,3337.1,1112.9,30.14,28.31,3.67,31.99,31.41,7.96
8.2,65.8653,112.1455,South Pacific Ocean,8152.9,168.6,36.7,9.0,4.65,63.39,35.77,1.8
7.69,-25.8255,15.6156,Bay of Bengal,3372.8,2000.5,37.26,19.78,9.33,52.42,35.39,1.28
8.28,-9.1539,41.2181,Indian Ocean,3495.4,2419.4,34.48,29.24,4.45,98.61,10.71,7.78
8.02,-27.9418,81.8393,South Pacific Ocean,8500.3,-218.5,30.66,30.7,2.08,54.07,4.21,2.74
7.87,-3.0162,-49.3579,North Atlantic Ocean,6291.3,2105.4,31.39,22.15,8.46,67.83,11.61,0.44
7.86,-0.6512,-163.1488,Red Sea,6271.5,1273.4,39.63,2.96,4.89,78.16,44.08,0.99
7.87,23.8366,-73.5133,Red Sea,4767.4,-214.3,35.29,20.08,9.62,31.29,1.36,1.04
8.27,-22.3658,-137.3936,Coral Sea,2971.1,562.1,36.8,13.13,1.85,88.0,44.51,8.56
8.46,-48.9408,93.6448,South Pacific Ocean,7396.1,2597.0,34.81,0.09,4.44,1.56,11.62,1.71
8.16,-18.5653,113.0249,Caribbean Sea,10852.1,2008.6,35.19,34.56,5.09,96.29,34.61,1.83
7.72,-32.1218,168.7386,Red Sea,1816.5,896.1,31.95,9.45,7.02,54.68,7.79,7.98
7.62,12.2755,36.5542,North Pacific Ocean,1490.2,1992.9,32.62,17.5,1.22,3.44,8.59,6.45
7.58,40.7551,-8.5369,South Atlantic Ocean,3927.1,413.5,33.41,28.22,8.31,60.4,45.65,6.55
8.06,39.0477,158.7366,Arabian Sea,7192.3,146.7,33.2,16.69,4.25,20.35,41.87,1.73
8.39,70.491,151.0279,South Pacific Ocean,8301.8,2716.0,30.94,6.88,9.81,86.86,4.8,6.85
7.91,-53.0232,51.0212,Baltic Sea,5193.8,650.9,37.01,4.59,3.21,42.83,48.5,4.66
7.65,0.595,98.5761,Bay of Bengal,161.4,241.8,30.74,32.09,3.45,56.65,14.76,4.68
7.94,22.3762,-108.4604,Caribbean Sea,4062.0,1611.2,35.49,13.68,7.4,94.77,6.39,7.94
8.29,2.7875,5.3505,Gulf of Mexico,9885.4,2584.5,34.07,8.43,9.68,13.88,7.16,7.88
8.28,25.3225,-57.3554,Caribbean Sea,4862.8,2157.2,34.81,16.82,6.71,16.06,45.3,8.31
7.9,64.3117,116.482,North Pacific Ocean,909.2,1043.9,36.86,6.36,6.74,11.74,9.57,0.54
7.98,-73.4446,140.4322,Gulf of Mexico,1577.3,1726.3,35.99,8.75,9.89,13.18,10.12,3.47
8.13,-22.9005,-35.5353,Gulf of Mexico,6650.8,206.2,39.18,26.03,2.01,56.49,17.23,6.44
8.01,0.9657,-7.6277,Red Sea,4562.4,1286.7,39.66,27.16,1.78,11.54,26.33,1.87
7.74,4.1824,-96.9255,North Atlantic Ocean,211.4,2435.2,39.87,9.66,6.92,34.17,43.02,2.38
8.27,-87.7963,136.092,Bering Sea,9184.5,2768.0,34.41,0.2,2.1,12.2,10.02,9.31
7.94,13.8515,-130.0289,Coral Sea,5554.9,2061.2,33.68,11.98,1.9,47.22,37.29,5.97
7.84,35.2553,150.164,North Atlantic Ocean,8634.1,870.9,34.27,23.07,5.28,3.32,34.12,6.23
7.78,-19.8644,42.1614,Caribbean Sea,9121.1,435.1,32.08,31.63,9.65,35.86,21.62,9.34
8.38,74.3959,-91.7697,Red Sea,1850.3,623.9,34.44,25.34,6.9,89.33,38.66,9.52
7.8,32.4755,-26.5948,South Atlantic Ocean,9729.6,2125.5,36.31,4.33,2.41,43.16,18.7,1.5
8.2,23.4493,-143.4201,Arabian Sea,3957.8,177.9,36.96,16.35,5.06,83.81,37.37,5.12
7.8,-53.0608,34.0006,Indian Ocean,2020.6,908.0,30.85,9.71,6.57,18.53,3.7,4.34
7.75,86.5991,110.5028,Bay of Bengal,4150.6,2874.3,38.58,24.19,7.98,42.31,24.24,9.23
7.92,-6.2869,54.7223,South Atlantic Ocean,10722.1,2710.3,32.81,33.9,8.23,62.64,35.68,5.46
8.44,-83.6808,-120.5552,North Atlantic Ocean,10057.1,2718.1,36.97,3.31,4.69,1.11,17.42,0.1
8.33,-76.666,18.776,North Pacific Ocean,10456.4,-310.4,38.0,9.19,6.36,91.19,25.54,7.98
7.78,-29.5247,118.025,Bering Sea,35.8,2770.3,34.21,19.13,4.8,99.93,45.2,4.14
7.86,-82.5709,129.8474,Baltic Sea,2545.4,151.8,32.55,5.2,1.81,19.93,7.23,5.28
8.11,-59.6665,88.229,Red Sea,7995.7,2137.8,31.67,12.64,4.08,16.99,34.85,9.61
7.93,32.0133,-48.5008,North Atlantic Ocean,8759.1,170.2,39.16,28.18,7.48,66.19,0.93,3.01
8.37,-28.3332,172.6267,Norwegian Sea,5719.7,860.8,31.34,10.72,3.29,17.08,30.75,3.36
8.05,-15.8639,114.0277,Bering Sea,3636.6,948.3,33.76,4.56,9.85,64.03,43.93,5.14
8.36,81.4929,122.9211,Bay of Bengal,3762.8,1254.0,38.67,10.39,4.65,69.39,28.91,8.38
7.76,26.2095,126.1514,Caribbean Sea,5905.4,2624.7,36.17,25.69,1.65,53.79,23.91,0.83
8.18,-37.4746,83.5589,Red Sea,34.2,1724.4,31.34,8.73,4.82,23.41,9.79,8.51
7.91,-28.6614,1.5428,Baltic Sea,7601.3,186.1,36.15,20.78,2.22,89.44,13.44,1.14
7.61,80.1924,-19.4076,Bering Sea,6293.7,1004.6,38.15,28.03,9.79,29.21,48.2,4.7
7.88,-9.7341,94.0016,North Atlantic Ocean,5600.3,6.4,37.51,4.31,8.14,53.74,11.12,5.64
7.84,-11.281,-5.0756,Southern Ocean,2183.7,684.8,38.51,28.96,8.4,24.92,8.42,5.57
7.82,-40.5285,144.106,South Pacific Ocean,1929.8,987.4,37.02,13.57,1.33,85.52,23.68,9.07
8.13,-32.2632,-97.8241,South Pacific Ocean,1143.6,594.7,37.11,24.43,2.69,54.05,15.67,2.1
7.91,46.4984,100.6001,Bering Sea,10045.8,2201.8,35.16,30.91,4.36,87.04,25.21,6.67
7.61,56.3077,-93.8686,Arabian Sea,9558.3,-448.4,32.19,32.47,8.21,44.97,24.86,8.47
7.71,-46.1546,-11.0687,Arabian Sea,6379.5,2767.2,34.37,11.44,6.72,21.75,43.99,5.35
8.01,78.9826,-149.2659,Bering Sea,2995.1,1329.9,30.38,34.56,4.17,58.89,43.79,1.73
8.02,-32.7765,-1.3592,Baltic Sea,8336.2,2307.5,38.19,18.32,5.51,28.87,9.46,2.39
7.54,37.8099,9.832,South Pacific Ocean,1624.8,159.0,39.94,26.55,8.7,76.25,15.07,8.31
7.68,21.3661,-115.0741,Indian Ocean,8926.5,727.3,36.03,13.31,8.92,23.83,15.49,4.98
8.16,-84.6565,-63.0484,Gulf of Mexico,8979.2,2888.0,36.61,10.1,2.51,58.23,35.3,7.93
7.85,65.0404,-103.6432,South Atlantic Ocean,3147.9,1386.8,34.0,22.99,6.49,17.81,41.69,7.32
7.83,23.6237,-25.2117,Norwegian Sea,5389.6,756.8,33.28,4.2,6.88,88.88,35.72,1.99
7.55,14.2846,49.6406,Bay of Bengal,6749.0,2995.1,38.24,31.54,1.81,57.96,11.34,8.34
7.89,9.3916,-128.8411,Southern Ocean,2230.4,1912.4,32.06,31.12,1.8,70.31,24.68,2.56
7.56,29.7206,-37.9529,Caribbean Sea,3707.7,2329.5,38.06,33.64,7.74,16.46,27.17,1.54
7.78,-75.1552,16.7753,Bering Sea,6587.8,179.0,36.25,12.02,4.53,78.37,26.44,0.72
7.61,46.3498,107.1899,South Pacific Ocean,6064.8,-452.1,32.42,6.56,4.83,28.11,40.29,9.51
8.34,-35.0259,44.0818,Caribbean Sea,4838.6,2701.5,37.08,11.17,7.38,35.09,14.69,5.52
7.7,-14.1084,116.5319,South Atlantic Ocean,2525.2,563.0,38.59,18.22,9.25,2.22,1.18,0.84
7.63,-82.5656,-154.8589,North Atlantic Ocean,5910.7,2175.5,32.66,-0.54,4.41,6.68,46.52,2.48
8.35,-65.2241,-112.9683,Caribbean Sea,4077.0,1004.3,32.84,16.81,7.95,18.55,9.63,1.5
8.12,55.2527,153.1767,North Atlantic Ocean,2277.5,2589.6,30.38,-1.11,3.09,9.48,4.58,9.99
8.45,-24.0096,58.4772,Red Sea,3318.1,407.0,30.4,27.59,4.72,2.35,18.16,8.18
8.13,40.9219,-31.7781,Caribbean Sea,2612.1,1354.1,37.48,14.7,1.45,37.39,33.55,2.1
8.18,-22.8309,-49.4472,Coral Sea,4168.4,779.4,30.65,7.34,9.15,77.35,41.75,7.52
7.86,66.2921,89.1961,South Pacific Ocean,10601.5,1899.1,30.76,-0.12,9.97,24.9,34.64,5.16
8.25,-1.7412,139.3788,Norwegian Sea,10302.1,1379.0,37.13,20.09,7.47,37.44,36.98,6.5
8.08,-32.0334,12.0914,Norwegian Sea,7282.2,2076.4,36.04,15.84,9.45,55.17,33.83,2.08
7.66,52.0568,-132.2486,Gulf of Mexico,8216.9,1030.2,35.06,29.14,4.23,36.65,33.15,4.85
7.66,12.3893,132.4371,Caribbean Sea,4324.4,2228.5,35.85,32.04,7.32,95.61,42.49,6.07
8.14,11.4913,-34.9872,Arabian Sea,8523.6,1277.7,37.18,17.11,1.48,21.83,9.43,5.3
7.77,40.0625,141.043,Bay of Bengal,9333.4,-96.3,35.9,8.88,5.34,44.64,3.37,7.51
8.04,87.8268,96.8365,Caribbean Sea,8787.4,2061.3,39.17,4.84,8.28,85.69,31.11,3.47
7.69,-23.1445,-62.9864,Norwegian Sea,2137.1,1004.6,32.34,0.09,1.45,31.72,35.82,2.41
7.92,6.0015,-139.8054,Gulf of Mexico,9032.2,2243.6,36.24,14.16,2.59,16.01,1.18,6.59
8.36,-36.6913,3.4749,Norwegian Sea,8946.3,2671.5,32.31,16.3,3.7,91.51,33.7,6.57
8.19,-20.1728,-150.9655,Norwegian Sea,7849.0,2669.7,38.95,5.87,8.9,58.87,19.19,5.67
7.99,-78.7776,118.0435,South Pacific Ocean,9292.7,2240.2,38.47,0.67,1.35,51.91,34.02,5.14
7.99,-18.2395,-159.6631,Caribbean Sea,9260.0,-87.8,39.48,25.37,4.63,13.15,28.78,5.83
7.89,-54.8834,159.3623,South Atlantic Ocean,6339.4,2869.3,30.77,18.28,2.19,7.38,17.61,7.24
8.15,19.5785,-1.0466,Bay of Bengal,7431.1,1334.1,38.75,30.59,1.05,93.0,46.94,0.19
7.69,-82.2669,-6.1298,Indian Ocean,3815.4,2699.2,31.24,27.23,6.46,7.92,5.94,3.92
7.84,-66.8081,123.3727,Arabian Sea,1259.0,1900.5,39.34,1.37,6.76,48.91,11.43,0.29
8.18,6.7172,16.9165,Arabian Sea,5900.6,237.9,38.93,21.71,9.64,76.06,9.98,8.64
8.22,-16.2938,-27.9129,Arabian Sea,5748.3,1704.2,37.46,31.37,6.28,72.89,5.35,6.38
8.39,-16.4206,-106.5979,North Atlantic Ocean,8754.0,792.5,30.28,22.52,6.95,66.46,11.7,9.79
7.8,7.4612,82.6663,South Atlantic Ocean,2103.5,-440.0,30.7,19.3,6.37,3.25,32.32,6.46
8.35,-48.3603,0.043,Indian Ocean,9343.1,2461.1,38.19,31.37,4.07,65.67,13.02,2.49
8.32,-64.0579,2.1745,Baltic Sea,8701.0,2932.4,39.59,19.3,2.21,17.24,20.14,5.09
7.51,-74.4716,-88.321,Caribbean Sea,8008.4,1339.7,33.24,32.83,2.58,56.98,42.93,9.63
8.17,68.3274,-128.302,North Pacific Ocean,2013.9,612.6,33.38,25.2,9.12,62.83,35.59,3.23
8.27,49.4161,-66.1381,Bay of Bengal,3527.2,247.5,34.96,4.59,5.61,25.17,49.61,6.64
7.5,-23.131,109.9074,Coral Sea,4603.9,389.4,30.17,0.73,7.87,45.35,5.49,0.58
7.99,-40.4314,45.6296,North Atlantic Ocean,4.6,2431.5,35.55,29.58,3.44,33.43,10.95,2.05
8.45,3.4402,-53.2553,Arabian Sea,2196.8,44.9,34.87,21.18,9.48,95.75,36.64,3.25
8.45,-74.7284,-73.5324,Caribbean Sea,7302.2,2756.5,33.18,25.36,6.88,84.63,13.73,7.65
8.24,75.1617,-178.6684,Arabian Sea,6325.5,990.9,36.68,-0.35,9.42,21.53,11.17,4.02
8.33,13.7405,-168.9122,Arabian Sea,10406.4,1797.5,30.28,0.35,3.14,7.25,32.71,7.3
7.81,77.6052,-7.0629,Baltic Sea,1864.9,981.4,33.41,30.92,2.76,51.88,9.99,6.32
7.96,80.2117,-87.7203,Bering Sea,5692.3,2990.1,31.75,5.78,4.49,32.14,2.47,1.0
8.5,8.1507,157.2546,Coral Sea,219.7,804.0,36.67,27.08,9.57,92.11,10.65,0.56
8.31,-0.4245,20.5923,North Atlantic Ocean,6404.0,818.7,32.42,0.18,7.88,24.87,5.35,3.95
7.54,-35.4934,144.7225,Arabian Sea,1159.3,2550.2,34.79,23.2,8.32,25.31,7.52,0.7
7.55,57.3665,-106.8963,Arabian Sea,980.5,-93.7,31.55,30.48,9.47,32.66,33.16,6.61
8.08,80.4173,-135.744,Bering Sea,4839.7,122.0,32.83,20.57,3.31,9.73,5.69,1.04
7.87,-58.2251,119.9497,South Atlantic Ocean,3709.6,2915.8,37.7,34.02,9.47,52.53,21.41,4.9
7.74,51.077,39.3885,Bering Sea,4966.0,-171.4,34.67,11.85,6.13,26.33,42.86,3.17
7.82,-57.0901,75.32,Coral Sea,307.9,-347.3,40.0,-0.96,8.12,40.45,3.97,5.72
8.46,-57.8297,18.7635,Indian Ocean,824.6,2150.5,31.69,25.19,8.98,60.76,21.17,1.08
7.82,-42.7193,-51.306,Red Sea,791.6,1131.0,32.72,16.95,4.85,58.49,49.74,2.05
7.86,34.5252,-76.1392,Bay of Bengal,1416.9,1353.5,38.34,23.14,2.86,31.03,41.44,9.33
7.95,-77.3739,-145.6999,Coral Sea,4745.2,1304.9,30.96,32.87,6.61,14.8,5.98,2.36
7.66,-32.4349,-151.2979,North Pacific Ocean,4847.3,2579.0,33.76,7.31,1.6,68.12,0.84,6.62
7.89,4.4839,-17.9627,Red Sea,3562.3,826.9,32.33,5.68,6.97,2.11,15.18,6.64
8.15,53.4055,-74.7011,Red Sea,1154.7,2311.7,36.6,13.17,8.08,72.06,44.26,3.05
7.76,-29.9619,28.4602,Coral Sea,9460.4,1505.9,37.11,19.6,8.46,57.45,2.74,9.66
8.12,-0.3478,75.1391,Bering Sea,6905.8,27.1,36.52,29.92,4.81,42.42,12.5,6.57
7.74,23.2638,55.6423,Coral Sea,6940.0,2023.4,32.73,19.57,2.44,22.0,43.7,6.07
8.29,-43.8588,137.9296,South Pacific Ocean,3424.3,-168.5,31.1,28.17,2.32,84.6,24.91,9.43
8.44,77.3824,84.4762,Norwegian Sea,9818.8,373.6,31.95,20.1,3.85,8.06,5.89,5.05
7.94,-24.8794,-38.0426,North Atlantic Ocean,3356.2,1445.9,36.01,26.71,8.78,92.28,24.54,1.27
8.46,44.5352,-50.1556,South Pacific Ocean,7152.8,1067.5,38.08,27.98,9.22,18.41,11.02,6.31
8.16,30.0912,-158.2629,Bering Sea,10101.3,1308.0,31.35,34.87,3.8,21.05,4.32,0.42
8.21,25.5136,18.5289,Southern Ocean,10934.8,1266.1,33.57,23.25,8.24,71.27,38.71,9.17
8.01,-16.4893,64.2608,Baltic Sea,2259.9,1432.9,32.57,1.1,4.71,99.8,29.09,3.4
7.73,65.7992,-65.4044,Bering Sea,9550.8,525.3,31.78,28.59,3.73,21.66,49.46,8.17
8.44,51.089,124.7021,Caribbean Sea,7840.6,935.2,34.97,21.68,7.84,60.29,19.07,7.07
8.47,11.5043,-49.8379,Gulf of Mexico,798.8,2099.4,34.26,6.52,4.1,87.38,24.85,7.93
8.34,-33.6465,-51.3909,Arabian Sea,1930.8,2537.0,36.69,16.91,2.65,40.23,7.33,7.4
7.96,10.6357,-65.7808,Caribbean Sea,5614.7,-398.3,34.99,29.12,5.85,67.88,41.47,8.42
7.67,-74.3831,-146.1114,Caribbean Sea,5602.7,879.1,39.28,5.04,6.75,8.93,10.33,9.38
7.59,7.5182,177.621,South Atlantic Ocean,8637.1,831.2,38.53,21.85,7.2,22.77,12.82,7.66
8.0,35.8921,-5.9264,North Pacific Ocean,4763.5,1374.4,33.09,33.69,4.46,99.24,45.05,8.1
7.81,75.8138,158.2773,Norwegian Sea,7892.4,-495.2,36.5,19.01,5.84,56.9,35.94,9.41
8.36,39.2597,26.9402,South Pacific Ocean,10948.4,546.4,36.5,34.47,7.1,50.48,19.99,0.75
8.04,-47.8171,132.6485,Gulf of Mexico,10458.9,1667.4,36.03,30.11,5.6,6.0,3.31,9.08
8.42,-80.6922,36.8389,Bay of Bengal,5967.0,305.0,35.94,12.43,3.71,24.58,22.33,8.74
8.23,-38.6174,53.3231,Bering Sea,8454.9,-305.4,30.88,2.82,7.18,78.08,39.0,1.8
7.95,-18.5491,162.2591,Caribbean Sea,3761.9,316.7,39.24,26.48,5.86,46.59,48.35,5.65
8.24,-87.4518,94.3616,Southern Ocean,8598.8,2453.6,35.68,26.15,7.88,71.89,0.5,6.18
8.47,80.2835,-115.8423,Norwegian Sea,7004.7,450.1,34.1,28.05,8.87,91.92,9.44,1.0
8.06,15.3659,56.9009,South Pacific Ocean,4736.9,1116.5,38.15,-0.61,9.99,81.56,25.36,7.47
7.81,80.1183,-57.8752,Southern Ocean,5311.3,-92.7,32.52,33.96,9.58,17.12,20.21,0.91
7.87,-27.4558,-33.6298,Arabian Sea,4947.2,2059.4,30.46,7.4,7.48,69.55,46.93,2.47
8.12,39.179,132.7146,South Atlantic Ocean,7176.6,995.5,33.22,18.13,6.21,69.52,23.97,7.26
8.47,25.5214,127.1463,Bay of Bengal,7739.1,156.3,35.91,3.71,9.62,98.23,44.14,9.77
7.97,-45.9966,-52.8165,Bay of Bengal,5382.7,2885.9,39.21,6.01,9.69,51.01,37.56,0.9
8.21,-40.7528,146.7029,Bering Sea,9481.1,2435.7,37.45,3.44,9.93,45.14,15.47,0.37
7.68,-17.2889,-9.4387,Norwegian Sea,10409.5,804.7,33.59,32.12,7.8,71.33,13.43,0.91
8.12,-55.0081,-77.2789,South Pacific Ocean,7442.2,-72.2,37.94,12.71,8.91,81.14,12.29,4.13
8.23,-30.6683,-164.2111,South Pacific Ocean,2099.1,1662.0,39.4,13.24,3.44,58.26,41.07,8.96
7.92,12.8051,-68.4514,North Atlantic Ocean,1955.9,2234.2,34.17,29.01,9.83,68.68,1.74,6.93
8.14,-46.1195,95.9498,Norwegian Sea,10993.0,2567.9,39.93,4.75,3.79,88.33,7.29,4.75
7.73,-38.323,-7.0003,North Pacific Ocean,5767.9,975.2,34.23,32.4,2.06,79.2,12.34,5.39
7.96,71.2927,-102.4653,South Pacific Ocean,7277.2,238.8,38.53,-0.65,6.64,14.04,25.42,3.82
8.33,-5.0841,-8.3086,Southern Ocean,5579.0,248.8,32.61,31.67,6.27,86.66,21.04,6.03
7.7,37.5068,147.2392,Caribbean Sea,7280.7,-437.2,33.52,15.45,2.19,53.34,15.95,7.03
7.59,-41.4979,-74.5784,Bering Sea,5039.4,2262.3,38.64,7.46,1.98,70.95,48.71,0.69
8.2,17.2658,67.4361,North Pacific Ocean,9608.3,1272.2,30.35,34.89,4.95,93.42,25.48,9.42
7.81,33.0164,-132.2273,Indian Ocean,3057.2,2737.7,32.74,11.47,9.04,79.36,14.82,1.61
7.99,-35.397,134.3834,Bering Sea,10944.2,100.2,37.32,22.42,6.33,77.83,43.63,3.17
8.39,-11.2306,3.1801,Arabian Sea,6794.6,590.8,35.42,12.92,3.08,60.82,42.98,4.57
7.67,61.6975,-77.3649,North Atlantic Ocean,981.3,2501.1,35.69,28.87,2.86,94.43,8.3,0.23
8.27,36.6897,126.9327,Arabian Sea,5020.4,1658.2,33.31,29.19,1.7,32.19,48.54,5.79
8.01,70.9217,-128.8928,Indian Ocean,4369.1,742.6,35.62,7.64,1.7,33.64,33.38,3.88
7.55,-56.6852,-52.9892,North Pacific Ocean,10269.9,437.3,33.18,10.81,5.56,98.67,32.12,2.72
7.68,31.1627,-119.1803,North Pacific Ocean,3269.8,1544.2,30.67,22.05,2.76,91.87,30.45,3.12
8.0,-87.2248,133.707,Bering Sea,5123.9,849.1,30.13,28.83,3.3,21.72,26.06,9.03
7.72,-46.6239,-22.3597,South Pacific Ocean,7953.7,427.1,32.82,27.14,7.74,7.69,16.54,4.61
7.86,-79.4545,-74.2594,Arabian Sea,981.1,819.8,36.1,15.91,2.31,62.35,5.68,2.31
8.19,46.2359,128.1414,Southern Ocean,2049.9,1972.5,32.04,34.47,5.44,46.46,12.49,0.01
8.35,0.9464,145.3108,South Pacific Ocean,7214.8,968.7,36.8,3.06,3.26,67.29,0.4,7.39
7.94,0.7472,-145.0767,Red Sea,1108.6,1162.1,34.54,23.42,7.46,31.67,44.32,5.27
8.01,-16.8583,36.7375,Gulf of Mexico,3152.5,1834.2,36.37,14.37,7.56,81.49,37.89,6.34
8.09,-79.6975,19.8429,Indian Ocean,4574.2,1195.8,34.35,-1.66,3.5,53.24,21.55,7.83
7.67,47.1842,120.1457,North Pacific Ocean,2423.8,2833.5,37.97,15.28,7.09,98.39,36.79,0.03
8.1,39.0498,1.7289,Indian Ocean,3604.1,-255.1,30.83,33.56,6.28,9.98,28.21,7.44
8.31,38.8696,-146.8073,Bay of Bengal,2635.7,1861.8,30.71,24.48,5.28,96.3,34.31,1.26
8.4,88.9616,170.0835,Caribbean Sea,8541.0,2518.2,39.57,0.97,6.08,88.27,31.37,3.62
7.69,60.9002,17.099,Southern Ocean,2664.1,447.7,33.11,15.9,5.14,73.72,45.4,9.72
8.36,-41.9624,48.9516,North Pacific Ocean,8655.0,945.3,32.59,22.69,5.68,75.57,0.62,3.91
8.38,-63.7872,-161.288,Norwegian Sea,2728.8,838.4,37.0,28.51,2.65,37.36,3.37,3.12
8.26,-9.0574,108.3842,South Atlantic Ocean,687.9,2688.9,37.16,-1.88,3.63,53.15,27.41,9.29
8.32,59.9142,145.4034,North Pacific Ocean,9776.8,609.3,31.86,14.04,8.29,42.58,1.34,0.6
7.94,-61.5073,-75.6531,South Atlantic Ocean,7966.9,1410.9,31.31,7.78,2.25,81.05,29.74,3.61
8.47,49.6603,-76.5238,South Pacific Ocean,2344.7,73.1,38.18,23.52,6.5,56.3,18.35,7.59
8.22,79.0891,-106.6475,Coral Sea,3349.1,-351.1,39.12,2.07,2.31,66.3,25.74,8.51
7.76,-65.0464,16.2787,North Atlantic Ocean,2538.7,1823.3,32.45,23.18,7.66,45.35,26.35,8.74
7.53,32.956,-172.2939,Baltic Sea,8116.4,1418.3,31.65,4.24,6.16,34.42,2.34,5.47
7.68,-51.3184,-133.9109,Indian Ocean,142.0,-198.7,36.98,15.85,8.58,40.31,5.22,4.95
8.25,89.2196,40.2755,Bering Sea,10593.2,2848.8,36.67,1.5,2.61,37.24,22.87,5.44
8.36,70.4473,-5.3581,Southern Ocean,4109.5,1005.6,36.69,28.98,2.09,3.07,19.75,3.95
7.59,-23.152,88.1128,North Pacific Ocean,3150.8,1179.5,37.2,25.71,8.88,70.65,38.6,5.45
8.15,-82.104,87.2821,Bering Sea,8620.5,1155.3,37.33,9.15,9.49,78.3,19.2,2.99
7.87,-81.8738,-23.5877,Indian Ocean,3536.8,1286.5,37.81,4.9,6.38,60.3,26.92,2.57
8.09,-1.3605,63.173,Red Sea,6267.9,1188.5,30.65,26.71,9.3,23.96,0.33,9.31
8.35,82.3585,129.5885,South Pacific Ocean,4490.1,2426.4,39.7,6.2,2.76,70.07,30.37,3.13
7.93,62.3268,34.9403,Red Sea,6899.7,1143.5,34.04,10.37,8.91,9.43,0.66,7.75
7.69,-3.8088,168.6334,Norwegian Sea,1101.7,1446.5,33.69,5.67,8.92,92.56,35.33,0.31
7.61,-51.0301,177.7202,Bering Sea,4234.6,575.7,32.45,8.67,7.45,65.17,45.98,2.8
8.5,-78.0604,4.7575,Arabian Sea,9924.0,1388.3,32.25,15.39,9.59,72.42,2.38,5.08
8.27,-20.7141,-86.2502,Bering Sea,10731.7,1621.8,35.11,28.2,6.09,52.22,19.83,6.19
7.55,56.9488,103.6952,Red Sea,1260.9,2085.3,35.12,26.12,4.64,63.37,21.06,8.85
7.67,-2.6805,-117.328,South Atlantic Ocean,7244.6,2453.7,32.25,3.92,4.78,61.3,17.26,5.33
8.19,-4.6749,98.6114,Norwegian Sea,4529.7,1753.7,34.79,16.44,2.87,17.32,0.9,0.84
7.92,-4.3287,-20.2742,Red Sea,3917.5,-9.9,35.44,-1.92,8.53,56.41,17.75,2.04
8.12,-51.9632,100.3321,Indian Ocean,218.7,-165.4,33.55,0.37,5.84,49.92,9.33,5.19
8.07,56.061,-72.7267,Norwegian Sea,1240.3,1563.0,37.51,21.16,1.53,6.34,9.45,0.46
7.66,45.5799,-16.345,Caribbean Sea,2560.5,401.5,37.84,17.09,4.4,51.86,1.54,8.54
7.94,-36.1693,120.9843,South Atlantic Ocean,5080.1,2269.2,31.69,32.6,8.41,97.33,6.13,8.1
8.03,-56.9243,-57.753,Norwegian Sea,7353.2,2751.4,36.35,27.57,1.77,76.1,18.24,1.41
7.94,51.9968,-33.4712,Arabian Sea,6088.1,992.0,36.83,6.22,6.9,21.55,25.84,5.7
7.98,85.9129,27.0878,Baltic Sea,4730.0,1651.8,39.98,19.27,6.11,60.97,12.06,1.3
8.49,-65.0115,51.0821,Southern Ocean,6868.8,1916.5,38.31,34.09,2.14,22.7,45.88,9.78
8.49,-61.3215,-112.0421,Bering Sea,4738.7,2208.9,38.78,19.06,4.59,84.66,23.03,4.22
7.85,16.2494,40.2555,Bering Sea,3987.7,1200.9,37.62,9.35,4.45,77.55,4.4,0.0
8.23,-3.1136,-6.6113,Norwegian Sea,10729.4,-309.7,35.41,18.51,4.42,98.97,11.9,9.76
7.73,-62.6403,104.6431,South Pacific Ocean,9285.3,149.1,34.48,0.37,2.38,26.2,17.6,1.6
8.49,18.0047,54.8423,Coral Sea,1125.3,-325.5,34.12,1.38,8.5,54.92,36.17,4.75
7.91,-85.877,-0.2165,Norwegian Sea,7329.2,1303.1,38.24,27.1,1.87,86.0,4.85,6.14
8.08,-1.2316,129.4487,Indian Ocean,10947.4,1534.2,33.56,29.35,9.29,73.4,8.36,3.69
7.88,-69.1309,36.0826,Caribbean Sea,6796.5,-419.2,36.71,5.01,3.91,9.09,31.49,2.81
7.66,-21.5853,-11.2403,Norwegian Sea,2468.5,544.9,33.95,0.79,8.89,8.36,17.05,7.41
7.65,86.9547,-109.7322,Caribbean Sea,7374.4,2726.2,30.0,11.51,8.66,19.18,32.03,5.81
8.44,-23.7247,-105.8094,Arabian Sea,2050.3,-319.9,33.61,24.29,1.09,82.35,28.23,8.51
8.05,-27.1465,-126.5421,Gulf of Mexico,9021.6,1193.3,31.3,31.66,5.26,14.64,13.76,6.27
8.47,-11.8449,115.9548,Bering Sea,5793.8,1848.2,30.29,9.1,3.91,23.39,29.89,6.16
7.9,9.406,-167.1078,North Atlantic Ocean,2995.2,521.9,32.09,16.05,7.32,75.04,34.05,1.63
7.97,-88.1957,168.6921,South Pacific Ocean,3814.3,2646.2,39.92,4.71,1.57,58.81,49.67,6.08
7.72,56.9297,32.6566,Southern Ocean,7885.0,14.4,31.38,5.54,3.63,81.69,11.61,8.93
7.6,-36.5061,-139.3331,Caribbean Sea,1271.0,1925.9,36.81,5.98,1.7,46.72,9.82,8.93
8.28,62.4471,112.2524,Bay of Bengal,9962.5,954.3,39.77,15.05,3.87,79.0,33.42,9.22
7.9,-64.6963,135.2353,Arabian Sea,1323.6,388.3,35.7,10.2,4.78,36.28,19.7,8.43
8.29,-12.4595,-47.5097,South Pacific Ocean,4544.0,1068.9,39.02,0.57,3.72,23.59,25.84,4.51
7.95,87.8249,-49.249,Red Sea,8407.3,1414.6,35.42,1.85,7.05,67.66,19.27,6.01
8.42,-55.3011,124.7692,South Pacific Ocean,8609.3,321.2,33.96,21.59,6.54,42.13,2.86,8.39
8.38,2.1478,-5.3136,Gulf of Mexico,1071.5,2708.2,35.21,21.22,5.03,94.71,25.9,2.64
8.32,-32.1065,4.373,Red Sea,3040.0,-127.2,32.01,26.9,2.48,68.71,17.3,9.59
8.29,26.5416,140.7757,Baltic Sea,3854.3,1460.6,38.25,23.19,3.68,77.57,21.68,7.69
8.16,-77.028,-133.4889,North Pacific Ocean,10070.3,1184.3,31.12,26.43,1.02,4.31,23.72,9.63
8.37,54.9586,138.5696,North Atlantic Ocean,5077.8,2521.7,30.66,33.72,6.1,44.51,39.6,9.08
8.35,24.7618,153.5976,North Pacific Ocean,9900.5,1077.7,38.72,5.34,4.41,79.32,49.01,8.28
7.71,66.3177,-175.1325,Baltic Sea,9420.6,1585.4,37.96,25.73,6.11,97.16,43.49,3.49
8.2,46.8893,65.6017,Indian Ocean,423.7,2737.0,38.48,33.02,5.39,87.86,20.68,0.74
8.33,-65.3833,-78.3398,Bay of Bengal,7682.9,-327.2,30.05,-0.68,4.83,18.6,13.47,3.64
8.25,66.3498,23.2548,Bering Sea,9682.7,1321.2,32.76,10.16,7.6,90.92,19.49,4.36
7.52,-19.5611,53.6288,Southern Ocean,4029.6,2733.9,32.22,33.55,5.98,78.92,40.5,7.19
8.12,-1.7199,30.0982,Bering Sea,5328.6,-156.1,30.63,34.94,7.89,77.29,39.6,5.86
7.78,-79.1137,64.457,Red Sea,2589.7,2594.0,37.08,9.31,7.06,83.59,39.3,1.95
8.27,-49.1662,20.8545,South Atlantic Ocean,5747.1,-428.5,39.98,29.48,2.44,17.07,16.23,6.91
8.24,-37.6513,87.0676,Bay of Bengal,3887.4,2379.3,39.14,-0.13,1.95,41.41,25.72,0.75
7.61,54.9382,13.2777,Indian Ocean,7900.3,2551.5,37.23,14.52,5.45,5.05,44.1,8.37
7.83,-4.4921,-106.9093,Bering Sea,2612.4,-464.8,30.29,10.67,9.51,4.8,19.36,0.52
8.4,-24.4872,-108.3348,South Pacific Ocean,5616.3,285.6,37.02,19.85,1.65,85.82,25.11,7.99
7.98,80.7524,54.1728,Red Sea,5153.9,978.4,36.07,30.12,1.59,74.74,21.35,5.7
8.01,-47.3059,3.0443,Norwegian Sea,4437.2,1093.9,37.68,2.16,5.92,36.1,6.8,9.24
7.7,-3.2838,-50.9775,Indian Ocean,2755.6,1697.9,39.69,23.92,9.91,50.67,41.92,9.34
7.68,-43.4255,24.2528,Indian Ocean,7842.0,-231.6,37.51,23.43,5.32,23.71,25.45,1.24
7.57,-47.8556,175.3289,South Atlantic Ocean,2436.6,-434.4,37.3,26.54,7.67,45.92,42.03,3.23
7.58,69.5219,46.9632,South Pacific Ocean,9913.4,176.4,37.44,17.39,5.33,22.93,24.6,2.35
7.68,11.31,69.7365,Arabian Sea,6692.6,2257.9,31.91,6.67,5.19,57.4,12.43,3.79
7.51,-89.9858,60.8501,Caribbean Sea,10804.3,616.7,31.75,-0.65,3.02,82.65,1.98,2.8
8.49,-63.4442,70.2539,Arabian Sea,10095.6,2009.2,39.27,33.95,6.59,87.1,23.59,7.04
7.93,68.4788,-109.6947,Bering Sea,1600.8,900.2,30.97,-0.05,9.84,48.13,26.65,2.05
7.91,-78.801,-132.801,Caribbean Sea,8609.5,1842.4,39.4,19.49,5.5,88.76,20.4,2.88
8.09,70.8149,100.8412,Bay of Bengal,1936.2,-464.2,33.91,8.99,6.84,75.37,18.6,0.32
8.36,-53.0093,-93.4049,Red Sea,10343.5,-329.6,30.1,24.64,9.06,91.19,10.12,9.08
8.16,86.6898,-176.7201,North Pacific Ocean,7511.2,2056.5,34.31,-0.33,4.98,88.1,42.33,1.18
7.71,22.2178,-72.4275,Indian Ocean,2065.6,2775.4,36.34,24.75,5.37,50.17,13.05,1.41
8.24,86.5699,-12.9093,Southern Ocean,1868.2,-42.5,36.09,7.91,3.64,37.19,33.28,8.13
7.64,2.9113,-83.2928,Baltic Sea,8223.2,777.6,32.12,19.76,3.76,82.1,46.6,2.27
8.36,50.9861,-146.3536,Arabian Sea,6800.7,2278.1,34.77,11.95,3.45,75.15,1.36,6.75
8.23,-40.683,-89.6344,Red Sea,1461.0,-86.2,35.41,5.34,5.67,17.3,40.64,5.48
8.44,-61.9401,-151.0259,Bering Sea,5527.6,563.8,32.53,10.27,8.92,1.96,45.29,3.64
8.38,-71.1289,13.0025,Southern Ocean,9091.9,351.4,33.17,22.75,5.47,63.06,2.42,4.58
7.91,-30.247,66.6951,Baltic Sea,1636.5,1271.7,36.22,-1.58,8.55,94.91,41.02,2.52
8.39,-20.5432,76.681,Bering Sea,148.7,21.7,34.91,16.8,9.08,22.41,21.75,4.66
8.31,-32.3979,104.3415,Coral Sea,1458.3,1286.0,32.36,4.56,9.29,63.27,13.79,3.13
7.95,82.9659,-161.5323,Arabian Sea,2034.6,1814.9,38.5,19.83,5.03,32.77,2.55,9.01
8.19,-64.9314,87.8005,Coral Sea,6953.8,1209.3,35.88,28.13,6.98,44.5,46.6,9.99
7.67,-53.7333,88.5882,Southern Ocean,3710.7,-90.1,39.9,17.31,2.61,20.42,31.41,1.94
8.03,-53.2926,2.7659,Norwegian Sea,1152.5,-390.0,34.37,13.12,6.74,24.7,9.24,1.32
7.55,41.7693,36.3035,Arabian Sea,4361.2,2946.2,35.5,20.05,1.27,35.92,35.15,0.49
7.91,30.0938,63.6012,Norwegian Sea,6459.1,1964.9,31.03,7.05,6.93,48.71,34.55,7.73
8.13,-58.1132,-1.0738,Baltic Sea,3362.3,2552.6,33.27,-1.99,4.04,59.29,44.82,2.57
8.13,-85.3405,176.9286,Indian Ocean,6413.0,-487.7,39.12,24.98,6.3,74.6,40.53,7.36
7.87,-82.8753,-162.4548,Caribbean Sea,10028.1,2318.7,37.0,28.54,1.83,49.73,17.9,6.9
7.59,-46.2147,-139.127,Bay of Bengal,4421.6,2769.9,30.65,23.74,5.13,85.36,25.37,2.3
8.14,46.0407,-80.8745,Bay of Bengal,10357.4,250.2,37.13,32.8,6.87,12.91,40.02,6.35
7.58,71.4161,26.1397,Caribbean Sea,9462.0,500.8,34.59,1.37,2.09,35.44,24.85,6.45
7.73,72.5088,152.2918,Baltic Sea,239.4,1584.5,38.27,1.09,3.99,95.68,39.87,2.7
8.3,-12.1887,166.855,Bay of Bengal,7359.5,87.6,35.73,14.91,1.25,17.58,40.23,7.98
7.94,57.9048,166.2071,South Pacific Ocean,3741.0,-393.4,39.93,21.58,1.73,14.03,47.36,4.42
8.5,39.3132,163.0697,Caribbean Sea,2799.4,2218.1,33.18,17.97,2.81,65.65,5.71,9.27
8.27,-77.0238,130.2773,North Atlantic Ocean,8109.0,2356.6,37.27,11.28,9.28,74.65,29.11,3.9
7.91,75.8489,11.9738,Bay of Bengal,8020.3,1618.0,33.29,11.27,9.58,19.57,13.18,8.8
7.61,7.6619,62.4757,South Atlantic Ocean,7564.8,1100.4,34.92,13.92,3.15,22.84,46.63,8.36
7.93,-6.7034,-171.6477,Caribbean Sea,421.9,1539.9,38.63,-0.86,7.35,41.15,41.72,6.03
7.64,15.5713,-169.7407,Baltic Sea,6521.3,900.5,35.32,20.81,7.59,80.23,14.83,0.71
8.19,-58.0974,133.8734,Southern Ocean,6548.9,407.7,36.28,7.55,6.65,40.31,48.08,1.0
7.61,-61.245,-47.9411,Bay of Bengal,10635.7,-170.7,37.77,7.74,6.38,58.63,27.89,3.52
8.44,-11.5611,-45.0399,Coral Sea,8579.2,479.8,37.54,28.46,5.41,53.74,31.51,6.82
7.89,13.331,-111.0427,Baltic Sea,3969.5,1427.1,38.24,21.34,2.79,81.81,13.58,5.2
7.53,-79.7135,-86.3884,North Pacific Ocean,7008.9,-410.2,35.81,18.46,2.25,91.47,12.9,6.14
8.33,-74.6694,75.4616,Arabian Sea,9790.6,2478.5,35.47,11.79,4.32,60.35,48.69,5.58
7.85,79.2355,130.4532,Red Sea,8953.7,1270.9,38.88,15.22,3.1,84.8,2.34,0.9
8.17,-25.7655,-44.5375,Gulf of Mexico,4775.9,1503.2,39.24,28.21,8.23,29.84,35.39,1.84
8.36,-70.3813,58.9479,Gulf of Mexico,10180.2,380.6,31.29,11.97,6.39,30.2,5.55,6.11
7.56,-63.2503,83.5064,South Pacific Ocean,10710.7,2971.9,34.5,9.07,7.4,73.08,23.75,3.45
7.52,-18.7567,5.7814,South Pacific Ocean,8457.6,1025.4,30.56,11.93,5.47,98.83,23.55,3.31
7.64,62.5467,-36.3091,Southern Ocean,1932.9,216.5,31.35,10.32,2.02,21.24,40.7,1.03
7.74,-27.7625,36.8876,South Atlantic Ocean,8220.4,2838.5,32.77,22.74,7.86,11.14,13.04,8.12
8.02,42.2554,22.8766,North Pacific Ocean,4427.9,-462.1,33.14,33.98,6.49,17.16,7.45,3.13
8.46,-37.569,-64.6762,Coral Sea,2687.1,2866.2,35.98,-0.8,6.5,69.29,34.69,3.17
8.05,-9.775,-58.7897,Coral Sea,1264.6,610.8,35.31,21.71,3.53,93.11,28.55,9.86
8.36,-45.6896,-108.3103,North Pacific Ocean,1121.5,2103.3,30.53,15.37,6.16,33.42,29.94,1.74
7.7,41.9953,24.4677,Bering Sea,4437.8,641.0,30.07,33.44,9.13,20.99,20.09,8.32
8.39,51.621,157.5749,Arabian Sea,6180.0,1625.5,38.14,11.57,4.44,16.83,14.74,6.08
8.21,-7.2156,-57.4103,South Atlantic Ocean,7452.8,1483.3,31.06,0.18,6.25,13.07,36.95,2.4
8.45,38.9364,61.7948,North Atlantic Ocean,9530.4,2391.3,31.64,13.94,2.13,72.05,34.81,3.3
8.37,-32.2989,116.3239,Indian Ocean,1593.7,1587.3,39.31,3.93,4.41,22.2,42.35,8.82
8.35,-7.2836,167.3824,South Atlantic Ocean,3452.8,2593.8,38.48,6.11,9.51,97.09,39.58,7.28
7.57,67.6478,109.6376,Southern Ocean,359.7,2417.7,39.45,30.86,3.43,86.98,28.89,6.41
8.17,-81.6083,-145.5253,North Atlantic Ocean,7312.2,993.1,38.63,17.02,8.26,58.69,41.58,3.1
7.81,-7.7581,-153.6499,Baltic Sea,250.5,1497.5,38.69,31.63,9.18,72.68,12.94,8.94
7.76,-80.054,77.68,Caribbean Sea,508.4,2383.3,32.35,11.69,9.93,65.16,30.56,8.63
7.95,-12.1824,82.7578,Baltic Sea,6579.5,2640.6,37.86,24.39,4.84,98.81,16.63,1.41
8.37,3.8047,136.5097,Red Sea,2130.2,-188.1,33.92,27.37,3.08,12.1,38.55,7.83
7.59,46.021,104.1055,Coral Sea,7236.4,2329.6,39.03,-0.63,5.74,88.96,46.52,7.92
8.42,-34.9302,32.7709,Bay of Bengal,3918.8,1384.1,34.82,32.01,6.07,66.85,35.76,9.52
8.36,50.7822,72.3321,South Atlantic Ocean,2852.5,1644.9,38.0,-0.57,8.42,55.48,14.6,1.5
7.78,-79.5439,40.6572,Norwegian Sea,8365.7,850.3,39.72,-1.37,2.25,42.54,12.73,1.27
7.84,-48.8456,144.8063,Baltic Sea,8154.5,-245.5,39.31,26.96,4.82,99.1,5.66,9.24
7.55,18.8691,-17.5743,Gulf of Mexico,667.8,2809.7,32.49,8.29,9.69,82.21,34.61,1.35
8.23,-88.6343,-114.8298,Indian Ocean,7969.0,2777.5,35.55,14.83,9.83,1.76,46.94,8.53
7.67,25.3734,-113.1428,North Atlantic Ocean,10405.2,186.4,33.28,7.97,6.34,3.96,12.96,7.53
7.8,39.4091,-172.6453,South Atlantic Ocean,5209.4,852.0,34.88,25.56,5.99,75.9,49.43,3.53
7.9,61.5932,114.2849,Bering Sea,5853.5,1574.1,30.69,13.08,2.21,53.66,27.18,3.43
7.91,47.3509,30.1571,North Atlantic Ocean,3722.9,1466.8,34.31,19.28,9.6,56.68,36.15,1.19
8.3,78.1532,-12.9506,Baltic Sea,8403.1,-68.7,35.78,25.24,2.66,32.97,11.32,1.73
7.99,5.4832,87.6372,South Atlantic Ocean,8411.1,-461.4,36.58,12.38,1.34,92.6,7.03,4.39
7.56,43.7147,-66.2195,Baltic Sea,9808.1,2930.4,35.35,0.81,5.65,22.45,49.59,7.26
8.1,56.0844,82.522,Arabian Sea,7956.5,2942.5,30.13,30.56,6.89,68.03,17.61,5.76
7.81,24.2117,128.6714,Arabian Sea,10774.5,1431.0,34.07,13.79,6.9,6.27,9.96,5.25
7.84,77.4693,41.8938,South Pacific Ocean,10670.7,1044.6,35.64,17.43,8.36,27.88,41.93,4.17
7.71,-4.8308,169.6299,Coral Sea,4493.1,2855.1,39.31,34.03,7.59,91.29,3.98,4.1
7.61,-49.4723,84.3548,Indian Ocean,7936.8,1147.5,39.35,8.43,2.85,43.01,6.49,6.14
7.76,-42.3152,-22.1107,Gulf of Mexico,200.1,1153.1,31.3,3.16,9.41,63.79,40.66,1.45
8.38,-25.4126,44.9856,Arabian Sea,4242.5,-69.6,35.85,22.32,2.86,33.82,23.78,8.01
8.37,42.5819,-136.5928,Southern Ocean,4492.7,778.2,33.94,9.11,4.3,61.26,13.57,1.55
8.45,10.1919,148.507,Gulf of Mexico,9142.4,1767.6,37.88,29.56,6.3,4.1,21.71,3.36
7.53,78.2388,54.2484,Coral Sea,3001.3,2056.5,39.39,30.29,3.51,26.02,48.77,6.38
8.4,71.7278,-32.2142,Red Sea,2354.2,2984.9,35.65,1.63,3.34,91.33,10.4,7.19
7.86,-7.6546,127.2741,South Pacific Ocean,5086.0,2266.6,36.73,34.4,6.73,15.81,4.8,2.55
8.15,-18.7356,-157.9661,South Atlantic Ocean,2495.6,1883.2,39.78,26.19,9.91,18.2,46.35,2.75
8.12,84.6821,11.4541,Caribbean Sea,1930.0,137.4,36.12,0.27,3.22,49.12,11.49,5.49
7.67,-3.3615,87.4567,Baltic Sea,5214.8,759.1,37.62,34.57,6.52,80.42,46.66,3.58
7.67,88.421,73.4982,North Pacific Ocean,2997.8,2041.0,34.57,-0.28,6.1,20.58,17.65,8.07
7.71,-47.3923,-173.8782,Norwegian Sea,1338.6,1166.3,36.4,3.34,1.14,86.67,1.13,7.85
7.77,70.2915,-98.6128,Caribbean Sea,2809.2,2168.0,38.63,7.44,1.42,9.49,24.0,6.24
7.87,-41.5119,129.7423,Arabian Sea,8222.0,1816.5,38.61,21.39,9.5,51.93,10.06,3.03
7.96,25.7436,-86.5731,Arabian Sea,1198.0,1132.3,35.8,31.49,7.51,31.04,22.98,2.24
7.86,89.8421,-7.5277,Caribbean Sea,1048.3,672.6,39.89,6.85,2.42,16.52,27.64,4.3
8.09,13.2023,175.6319,Caribbean Sea,4494.5,60.9,34.38,11.78,4.18,27.24,30.64,5.98
7.66,59.0618,34.9829,Arabian Sea,1786.2,1043.4,33.02,2.73,6.09,77.91,47.14,1.47
8.43,-45.2194,20.5551,North Pacific Ocean,4260.4,1859.0,34.53,19.02,7.46,3.41,41.42,2.85
8.34,11.5907,28.3108,Red Sea,10076.2,-246.1,35.02,25.86,2.13,98.48,0.45,7.18
7.55,-5.9986,-115.3672,North Pacific Ocean,1624.6,610.1,39.17,15.51,1.06,71.97,44.52,1.12
7.96,-22.6547,67.7703,Indian Ocean,7899.5,-28.9,30.6,8.72,6.84,30.71,10.37,9.16
8.31,-78.9321,-171.598,Caribbean Sea,838.1,521.8,35.1,9.4,6.09,37.98,12.41,4.45
7.85,43.7044,-63.6586,Bering Sea,8554.3,2324.1,31.49,29.03,7.86,40.53,40.77,3.21
7.92,85.8137,-69.0263,South Atlantic Ocean,10286.4,884.7,31.24,28.12,2.41,2.3,25.65,1.05
8.5,22.1168,-153.0561,Caribbean Sea,8559.4,2551.8,38.93,22.98,5.46,7.39,20.55,6.05
8.26,-76.2042,-59.1038,Coral Sea,9701.5,2061.4,34.84,19.73,7.58,32.78,0.01,5.19
7.78,29.8076,36.985,Coral Sea,8157.1,783.0,30.62,6.22,9.18,24.28,15.52,4.71
8.07,89.7136,-44.2867,Gulf of Mexico,3023.9,67.3,34.6,29.53,6.93,76.56,30.84,6.82
8.3,45.1687,-172.5306,Southern Ocean,2528.3,-492.9,36.68,19.77,7.96,22.91,4.61,6.19
7.78,-13.8028,45.3028,Red Sea,9899.9,987.0,31.18,29.9,1.53,33.47,27.62,8.13
7.58,86.1489,-70.0031,South Atlantic Ocean,346.1,1262.7,33.94,5.46,1.26,96.19,0.62,7.63
7.83,73.9587,179.4455,Norwegian Sea,5941.5,1068.3,39.92,21.24,7.24,84.75,33.11,1.06
8.38,49.8519,143.8769,Norwegian Sea,3699.2,783.9,38.29,23.25,4.97,82.54,2.81,0.68
7.97,77.5956,-4.4789,Red Sea,10033.9,2044.7,34.52,16.96,1.14,82.81,3.33,0.36
8.1,49.0981,-47.4362,Gulf of Mexico,1820.1,-170.2,37.05,-1.01,4.47,63.83,36.07,0.63
7.54,85.8575,-154.9484,Coral Sea,4052.8,-122.0,33.34,14.73,6.02,53.19,36.43,5.28
7.74,46.5027,-179.4685,Southern Ocean,1073.1,1414.8,38.69,17.88,8.81,82.9,10.09,0.09
8.28,-63.3057,107.516,Arabian Sea,10319.3,-392.6,39.07,20.64,2.48,34.77,4.69,7.4
8.21,-72.1231,-2.7477,Bering Sea,3694.4,890.4,35.66,10.65,9.23,55.27,39.21,6.46
7.61,-45.6815,-65.3352,Bering Sea,4095.8,186.9,30.08,29.55,1.2,87.0,38.61,4.23
8.32,-65.2549,25.1267,Red Sea,670.0,242.5,38.14,19.77,4.58,10.55,9.99,0.31
8.03,11.6155,-69.9098,Red Sea,1125.3,1195.6,35.3,32.74,6.86,2.97,14.67,5.22
7.75,28.9334,-41.9935,Bering Sea,10260.3,1377.8,30.98,19.97,2.26,90.67,10.92,3.73
7.66,-67.5014,-153.6733,North Atlantic Ocean,7110.4,947.4,30.61,20.99,8.12,71.6,27.4,6.55
7.67,-88.7347,-20.8765,Red Sea,6741.2,-30.5,34.92,28.62,9.67,57.41,32.28,3.92
7.92,35.4873,-128.7971,North Atlantic Ocean,8673.7,1146.6,36.75,28.09,1.42,13.91,47.2,1.29
8.38,-80.974,-24.9945,Baltic Sea,6928.3,2298.6,35.06,15.96,1.29,99.46,10.2,6.55
7.87,39.836,99.0935,Indian Ocean,2794.9,1871.5,32.78,-0.41,9.76,31.79,26.41,3.3
8.15,-77.3073,-95.1794,Indian Ocean,10043.7,1314.4,37.82,26.9,2.88,6.31,5.69,5.54
7.64,83.4087,-97.4208,Arabian Sea,2706.5,-3.2,30.78,24.81,2.64,43.2,23.76,0.07
7.56,-45.0787,75.9522,Southern Ocean,9033.2,1626.2,31.89,32.03,3.43,6.52,39.48,9.94
7.91,-77.8481,13.3432,Southern Ocean,3092.0,1266.9,37.59,13.84,8.24,50.59,15.53,7.61
7.66,21.9639,-28.6969,Red Sea,2798.4,2388.5,37.79,21.15,1.34,41.45,29.58,4.27
7.69,40.077,-162.3851,North Pacific Ocean,6384.8,34.0,35.04,19.64,2.01,71.73,33.61,7.18
7.77,76.3466,-10.7075,Indian Ocean,1484.7,859.5,31.03,14.13,8.2,48.09,8.69,1.39
7.56,58.6354,-32.9543,North Atlantic Ocean,4121.1,-147.1,30.29,19.02,6.81,68.82,1.98,0.16
8.3,-39.3144,-121.6261,Bering Sea,5549.2,1334.6,34.07,14.13,6.31,29.56,8.8,3.83
8.04,-53.9835,154.9933,Coral Sea,9805.7,2662.3,33.4,4.61,4.56,16.67,27.73,7.05
7.91,-35.0093,-33.5974,Coral Sea,4214.9,2804.0,36.41,17.47,1.98,66.5,29.22,4.66
7.83,-46.5284,-179.7015,Gulf of Mexico,487.1,-394.2,35.8,3.82,2.23,79.83,33.09,3.05
7.5,39.6054,168.6688,South Atlantic Ocean,9004.2,791.7,33.82,21.83,2.74,40.76,26.7,0.51
8.37,35.7645,-12.1517,North Atlantic Ocean,6779.1,639.1,37.29,26.16,7.47,1.6,22.86,2.05
8.26,10.7902,44.1681,Coral Sea,7483.3,1716.3,33.64,3.81,1.52,35.52,43.66,6.37
8.23,-77.3966,-41.4058,South Atlantic Ocean,989.5,1979.6,31.6,7.42,2.87,5.64,11.67,6.05
7.67,81.6057,102.0898,Norwegian Sea,1947.2,158.0,32.34,7.63,5.25,77.42,25.14,0.24
7.55,-27.0301,-68.4062,Gulf of Mexico,6024.7,143.6,37.27,7.99,6.69,5.09,28.43,7.93
7.56,56.6087,-16.8241,North Atlantic Ocean,2218.7,495.4,37.44,27.61,2.4,13.03,5.99,5.27
8.04,53.5014,-27.2071,South Pacific Ocean,9000.3,-410.8,37.04,11.69,2.77,49.4,44.8,0.15
8.14,-36.5788,-23.7427,North Pacific Ocean,268.2,1507.4,30.22,14.11,2.86,38.26,32.85,5.88
8.5,-45.3135,46.0058,North Atlantic Ocean,8995.7,1941.8,38.5,34.45,9.17,82.05,2.18,7.66
8.02,6.334,103.5168,North Pacific Ocean,5109.7,-482.6,34.07,23.56,7.25,82.76,3.26,9.48
7.83,-25.603,-39.0518,Bay of Bengal,6484.5,1015.2,38.76,8.02,3.08,25.08,41.51,7.39
8.18,75.5796,46.2192,Bering Sea,2187.4,1098.6,33.72,7.55,9.6,82.78,11.29,1.38
8.14,74.2674,-156.7762,Norwegian Sea,4273.4,1635.6,39.81,-1.38,5.38,10.0,38.64,2.02
7.52,48.9139,-154.1702,North Pacific Ocean,6329.2,2132.9,35.56,2.59,6.25,54.83,28.98,9.21
7.62,-86.2097,-141.6944,Southern Ocean,1760.3,2533.5,31.95,20.52,6.69,25.36,43.12,4.19
8.19,62.2377,-97.886,South Pacific Ocean,4290.6,47.8,35.51,34.99,7.06,99.79,30.36,1.5
7.58,28.053,-115.9254,Caribbean Sea,7431.9,885.8,31.31,23.28,6.2,81.41,31.79,0.4
8.31,4.3404,-7.7398,Norwegian Sea,9934.1,1595.8,30.53,12.01,4.59,21.21,42.0,0.17
8.41,-19.7334,-83.9548,Southern Ocean,2827.0,1212.9,31.04,33.09,2.9,28.8,27.44,6.52
7.7,20.966,67.4765,Bering Sea,8349.8,1827.4,32.9,5.25,5.25,69.53,18.35,1.66
8.01,-43.8986,100.6815,Norwegian Sea,1407.6,1486.4,33.63,17.76,6.52,88.47,40.62,9.03
7.81,13.6572,-34.7107,Bering Sea,2069.7,646.3,36.71,27.83,5.87,56.59,18.67,4.49
8.02,27.1738,138.4842,Red Sea,8920.2,2713.2,32.65,28.38,6.12,62.32,38.25,6.74
8.12,31.7725,30.72,Southern Ocean,9484.4,2378.5,39.47,32.34,1.83,15.84,28.65,1.56
7.51,-14.2471,135.5489,Red Sea,5964.2,2050.1,31.46,-0.69,2.98,95.31,30.46,0.99
8.4,-77.4165,-12.469,South Atlantic Ocean,1831.8,855.7,36.24,34.05,6.95,82.41,19.44,0.16
7.87,-14.7226,-56.5887,Baltic Sea,2029.8,-319.1,31.9,8.68,7.38,31.23,31.78,5.92
7.69,72.2577,12.6692,Caribbean Sea,10410.2,2912.4,30.17,-0.8,3.24,7.72,17.24,1.2
7.53,6.6695,-41.2923,Baltic Sea,6108.9,1871.9,36.52,34.91,8.01,20.88,29.09,0.15
8.49,-82.9599,-65.2125,Red Sea,3435.0,504.9,32.85,30.82,6.29,69.22,5.73,9.64
8.26,-22.6888,-141.6198,Gulf of Mexico,6474.9,1091.3,30.97,4.75,5.86,52.82,47.51,9.63
7.96,20.838,-10.1005,Baltic Sea,3043.6,368.2,37.51,7.04,8.66,10.51,2.87,5.28
8.37,-39.5617,50.0745,Caribbean Sea,8141.4,2094.3,35.93,24.85,9.61,47.77,0.72,0.36
7.96,-56.2118,106.4684,North Atlantic Ocean,1897.9,1755.5,30.26,32.96,6.48,61.95,30.14,6.87
8.19,14.0341,132.6678,South Atlantic Ocean,2994.7,1318.5,30.42,23.71,3.75,59.65,30.39,2.48
8.46,19.3554,-118.877,South Atlantic Ocean,7906.6,814.0,30.26,8.73,3.01,74.64,46.3,0.89
8.21,-7.3684,-40.984,Coral Sea,549.4,573.1,30.95,20.35,3.82,44.61,1.61,4.1
7.74,-73.3505,40.0543,Red Sea,10944.5,2345.7,38.09,0.23,4.37,64.25,20.67,7.44
8.43,42.9583,48.8709,Baltic Sea,3666.1,873.7,32.94,6.87,8.96,44.9,20.6,3.72
7.52,46.046,133.2515,Bay of Bengal,7672.1,1168.4,36.34,32.9,4.27,69.85,13.76,2.06
8.42,-19.6342,6.5433,North Atlantic Ocean,910.6,107.8,30.16,8.61,9.13,95.96,41.78,9.88
8.46,-88.4022,16.1996,Red Sea,6239.0,2528.2,31.88,11.11,8.72,27.39,38.23,3.33
7.59,24.7448,-50.7169,Red Sea,5893.0,361.5,37.93,17.2,5.54,78.34,42.29,6.17
7.56,86.0428,164.5353,South Pacific Ocean,2900.8,94.6,37.22,9.45,3.38,76.76,27.41,3.29
8.34,-2.362,-103.0619,Bering Sea,3826.1,1686.1,34.44,2.35,5.26,50.21,28.97,7.99
7.53,33.7786,81.2554,Red Sea,9337.4,-30.3,38.19,14.87,9.69,51.66,33.32,1.51
8.3,4.9278,8.3018,South Pacific Ocean,2566.2,2922.9,30.13,-1.0,3.39,9.09,38.36,9.47
7.85,-47.2348,-83.9359,Gulf of Mexico,7586.2,1459.0,33.43,11.21,6.14,44.02,18.33,6.23
7.52,-28.7449,-108.6832,South Pacific Ocean,4948.0,-339.6,31.14,7.73,1.47,94.62,39.66,4.42
8.14,82.9015,30.9227,Norwegian Sea,5606.4,-11.2,38.85,21.24,3.8,75.58,2.28,1.86
7.78,17.1389,-163.7304,North Pacific Ocean,4055.1,2765.6,38.75,4.19,9.15,30.94,22.19,8.07
7.65,-56.1762,164.2291,Bering Sea,8639.4,1418.3,30.32,23.98,7.76,16.75,3.18,7.21
8.05,-81.0362,-56.9837,Arabian Sea,52.7,742.4,37.56,13.22,9.36,18.66,0.05,6.73
7.53,-80.4106,179.471,Caribbean Sea,1959.6,1933.4,33.29,16.45,4.6,13.16,26.18,5.54
7.89,0.1087,21.6188,North Pacific Ocean,3941.7,803.2,33.41,11.56,8.91,92.72,0.51,7.99
8.12,-71.0951,-68.9904,Baltic Sea,2285.0,0.4,36.66,3.31,7.05,67.19,43.44,8.28
8.23,59.8773,-97.1328,Bay of Bengal,6005.4,2106.9,33.98,2.84,8.73,78.29,0.14,6.24
8.02,-28.371,95.8931,Norwegian Sea,7591.2,775.8,36.92,4.29,9.45,13.99,28.78,7.68
7.56,-20.8751,-160.4049,South Pacific Ocean,6473.4,2933.3,35.87,21.63,7.51,68.22,22.2,4.36
8.26,-28.0357,100.4252,North Atlantic Ocean,5422.4,436.8,38.28,8.58,8.85,80.73,16.04,8.51
7.89,6.3025,47.7118,Bering Sea,7606.3,-226.8,31.11,20.89,6.36,7.45,29.96,5.81
7.68,89.6746,-54.8112,Red Sea,9770.2,1534.8,35.67,5.96,4.79,64.65,6.59,2.94
7.76,71.3974,25.0732,Gulf of Mexico,7561.1,-148.7,31.19,25.13,2.32,74.8,11.84,0.96
8.17,-48.2751,138.8689,Southern Ocean,7348.4,2285.2,31.7,7.13,1.08,22.24,40.84,9.47
7.7,71.5511,161.2607,Red Sea,10182.5,797.4,37.96,30.67,3.23,18.42,35.54,9.28
7.59,14.8099,156.3235,Norwegian Sea,10542.0,2907.6,37.33,19.83,4.32,50.12,6.98,3.97
8.12,41.6235,5.1649,Bay of Bengal,2275.7,2650.8,31.54,9.88,3.89,62.65,28.66,6.53
8.15,3.7091,31.5048,North Pacific Ocean,3612.8,1303.2,34.3,32.92,9.08,27.01,33.73,1.56
7.95,28.9658,-114.2506,Caribbean Sea,130.2,741.2,35.76,2.95,3.1,67.12,46.06,0.14
8.01,-19.4804,150.9146,Coral Sea,3904.3,2963.6,33.43,33.68,7.59,82.15,24.27,9.92
8.33,-39.2254,-156.8684,Baltic Sea,7966.6,752.2,33.43,-0.05,2.73,98.35,33.84,9.64
7.84,0.602,-5.8736,Red Sea,10731.2,-95.9,33.56,19.55,9.0,70.87,17.71,3.76
8.36,-4.4274,-104.7799,Southern Ocean,146.1,2079.7,36.77,27.38,2.63,85.23,30.93,5.45
8.37,-18.8308,-22.7697,South Pacific Ocean,1268.2,2401.1,31.45,25.97,9.7,22.62,14.84,1.15
8.01,52.0125,67.8216,Norwegian Sea,5778.2,634.0,34.7,23.86,4.35,21.09,23.81,3.74
7.52,39.1177,-27.7736,Coral Sea,1198.3,469.6,36.94,-0.95,8.64,95.67,30.85,7.12
8.42,-38.3198,153.1582,Caribbean Sea,550.6,1000.3,37.24,9.73,3.29,71.88,44.4,1.23
7.64,-54.4806,50.4494,Coral Sea,4880.4,194.7,31.84,9.46,6.97,11.52,38.9,5.44
8.03,-89.1403,24.4311,North Pacific Ocean,7907.5,2626.0,31.3,0.54,6.9,42.44,43.18,9.08
8.17,86.3491,-23.5335,Bering Sea,3688.0,2487.5,38.75,26.17,6.72,56.09,25.39,7.86
7.6,-26.6819,-54.6956,Coral Sea,2251.3,1969.8,33.56,6.66,5.41,22.68,26.99,1.93
8.25,20.2127,142.1299,Gulf of Mexico,3803.8,2391.3,33.1,33.52,9.43,33.27,16.29,3.21
8.11,44.5725,-29.3836,North Atlantic Ocean,1434.0,380.3,37.58,22.39,5.17,52.79,23.9,7.15
8.17,-52.9415,28.8399,Bay of Bengal,3906.8,1173.5,35.2,21.36,6.94,61.42,32.59,3.14
7.65,30.1367,-2.7749,North Atlantic Ocean,5425.8,781.7,35.95,1.49,7.0,6.81,21.97,4.73
7.77,-69.4328,36.817,South Atlantic Ocean,810.4,2384.0,35.35,5.61,6.79,18.68,26.85,3.55
7.8,-72.5806,-102.7778,North Atlantic Ocean,6034.6,19.2,36.93,10.38,6.84,49.22,36.64,4.98
7.65,-35.4552,173.7479,Southern Ocean,5601.1,162.6,30.94,8.15,3.17,14.16,25.73,2.24
8.07,-32.3433,-42.453,Arabian Sea,4520.2,1655.4,34.99,9.24,1.75,11.52,22.73,8.56
7.58,-57.6258,-83.9978,North Pacific Ocean,6840.5,847.8,33.64,8.64,9.65,35.2,49.25,8.48
7.76,-5.8638,-166.4156,Bay of Bengal,10272.3,20.5,32.5,24.16,4.7,38.62,3.8,3.46
8.26,21.1553,123.4846,Norwegian Sea,3580.9,-119.0,30.54,22.42,5.73,45.3,43.58,1.15
7.74,76.7776,54.3551,Norwegian Sea,1462.5,1157.4,38.46,-1.73,5.25,30.66,10.1,5.64
7.69,36.3711,-72.7148,Southern Ocean,8135.1,2085.0,34.18,4.77,4.95,37.88,28.05,6.5
7.64,4.0945,-45.9483,North Atlantic Ocean,2752.0,-314.1,39.51,26.12,9.14,42.78,29.0,0.89
8.12,7.0894,-8.6796,Arabian Sea,7970.0,2095.5,33.57,18.43,3.7,71.14,24.53,2.41
7.95,13.4001,-28.9287,Coral Sea,3048.3,1649.7,37.78,9.85,2.39,71.18,12.28,8.85
7.72,-38.1841,-26.9949,Norwegian Sea,1263.6,654.5,33.56,29.82,1.68,16.21,46.0,8.69
7.7,44.0997,44.5329,Coral Sea,10998.4,-393.5,38.36,16.47,9.31,28.97,0.21,1.9
8.49,27.6375,125.6601,Bering Sea,5832.2,2893.9,37.45,18.45,6.64,45.59,48.74,0.24
7.57,-2.0561,-44.1942,Bay of Bengal,8179.3,817.2,30.4,25.78,1.87,36.22,9.7,0.27
8.24,-51.5217,-115.1411,Indian Ocean,4309.9,2768.6,35.19,16.4,5.98,8.54,35.67,9.84
8.42,63.0212,-168.9358,Norwegian Sea,9987.0,1336.5,31.54,3.43,5.19,86.63,16.65,7.25
7.95,-54.3776,-18.4688,Caribbean Sea,9098.8,1489.8,37.98,4.11,9.67,94.57,18.78,1.46
7.98,-54.4617,-103.1894,Red Sea,9130.2,653.5,39.12,28.47,5.79,75.05,16.74,0.03
8.35,-63.6369,-102.1915,Bay of Bengal,8779.2,919.4,32.92,27.19,9.67,99.14,18.58,6.51
7.51,89.3495,-148.3256,Baltic Sea,6408.7,1809.6,35.18,-1.34,7.44,57.98,31.36,8.87
7.69,-45.9403,-124.6627,South Atlantic Ocean,5301.1,1135.6,36.76,18.66,7.33,81.89,39.21,0.72
8.21,63.2217,-18.5392,Norwegian Sea,7174.4,882.5,38.7,13.09,3.55,14.98,6.67,7.85
8.01,-83.7506,66.7242,North Atlantic Ocean,3020.4,-398.9,34.43,2.05,1.98,57.8,41.79,3.31
8.47,37.3298,-18.3028,Bering Sea,5926.0,791.5,39.21,16.29,6.15,13.55,49.3,2.92
7.71,-84.544,78.8338,Coral Sea,7475.9,167.6,38.42,32.79,5.14,79.32,35.08,0.6
8.39,22.3558,98.0849,Indian Ocean,1008.4,2758.4,37.8,15.53,9.57,13.54,20.36,3.36
8.5,-42.0763,57.9258,Baltic Sea,8317.2,398.4,31.44,20.64,2.79,51.75,19.54,9.81
7.5,-77.6204,-171.0481,Bering Sea,5205.4,-285.1,35.47,31.88,2.66,82.05,45.68,9.66
7.79,-40.6193,18.5019,South Pacific Ocean,10455.6,83.7,37.06,5.93,2.57,80.89,42.09,4.57
8.48,-67.5875,-76.2378,Norwegian Sea,10445.3,-54.5,30.11,14.14,2.5,38.22,49.59,7.41
8.4,-50.3945,131.7636,South Atlantic Ocean,9275.4,126.2,37.26,6.91,3.81,28.01,37.04,9.54
7.6,33.7028,145.6383,South Atlantic Ocean,4669.0,346.5,34.41,34.72,5.85,72.56,16.5,7.72
7.76,59.9528,-28.5226,Gulf of Mexico,7922.4,2836.4,38.36,-1.2,8.78,24.8,42.65,5.83
8.13,-11.1075,90.0577,South Pacific Ocean,2445.6,2180.0,36.38,29.45,9.54,35.78,16.89,4.49
7.75,-14.9173,-43.3508,South Atlantic Ocean,3176.8,287.6,30.44,13.07,8.6,57.96,5.12,3.37
7.89,-6.8491,-5.2049,Norwegian Sea,6350.3,1872.4,33.33,34.25,3.12,3.5,40.86,2.06
7.75,-5.2139,173.8069,South Pacific Ocean,8127.3,1757.7,30.31,15.3,5.22,38.67,30.59,9.51
7.8,-47.7207,-117.8073,Bering Sea,4801.7,645.2,30.08,21.52,2.21,80.75,32.38,4.31
7.84,88.0309,37.6489,Gulf of Mexico,8675.5,796.0,39.8,19.05,6.97,20.37,15.92,9.84
8.03,30.2905,49.6705,Norwegian Sea,7005.8,2656.3,32.62,1.96,1.22,72.51,0.83,7.79
8.28,49.2688,124.0064,Caribbean Sea,3481.9,1182.7,31.58,33.12,4.29,77.45,28.29,8.27
8.05,-10.3828,-126.5638,Southern Ocean,3083.1,2800.0,38.73,21.18,6.77,6.14,38.15,9.06
7.75,46.9498,145.6777,Arabian Sea,8677.5,139.3,33.09,8.56,7.78,8.78,44.45,8.96
8.16,33.0092,64.5055,North Pacific Ocean,3297.8,-369.9,32.94,10.27,9.58,71.8,46.75,9.22
8.33,58.8807,177.6294,Bering Sea,2342.9,1222.0,38.85,-0.81,7.81,66.88,40.01,7.46
8.15,-82.0456,12.7284,Coral Sea,8023.2,1563.4,35.77,6.09,3.76,90.2,21.78,8.67
8.3,-81.8717,46.0259,Red Sea,712.3,1320.3,32.09,13.77,6.76,45.65,15.7,7.53
7.95,12.4559,-111.2521,Bay of Bengal,2329.2,1778.4,32.9,7.63,7.68,77.48,15.78,1.72
8.42,-21.8075,-34.9262,Southern Ocean,9333.6,738.5,30.97,5.43,7.94,77.22,26.49,7.7
8.11,54.4713,102.7149,South Pacific Ocean,5970.1,-29.1,36.58,20.82,1.9,54.82,15.38,9.1
8.21,-60.1643,-71.3069,South Pacific Ocean,5975.6,479.9,31.75,18.96,7.91,15.54,26.95,0.08
7.61,-44.8971,160.2503,Caribbean Sea,9438.3,-246.4,34.32,30.96,2.09,90.04,37.23,1.39
8.13,-14.3011,91.0989,South Atlantic Ocean,8936.6,-253.9,36.54,17.21,6.8,50.97,3.38,7.37
7.53,70.8858,-99.7778,Bering Sea,8642.8,814.4,34.46,18.44,7.81,6.15,24.51,1.63
7.66,-66.1136,150.9084,Red Sea,3908.8,2639.7,34.54,7.39,8.98,35.08,32.89,0.62
8.2,49.6758,-97.044,Coral Sea,2179.7,1228.8,39.08,31.29,1.27,18.23,45.35,0.88
8.18,87.9465,15.4563,Red Sea,6006.7,93.2,38.06,33.94,8.97,86.23,39.41,6.43
8.0,45.0189,35.0402,Red Sea,6104.0,764.0,33.73,15.97,5.41,27.58,31.16,5.97
8.16,9.0472,-40.5766,Indian Ocean,509.5,2921.9,36.01,0.72,8.69,79.3,37.5,8.43
8.32,10.4967,-83.8148,Caribbean Sea,4620.0,-391.4,34.24,8.07,5.03,93.41,19.01,3.1
8.33,-60.4388,-157.8461,Bering Sea,5910.4,1605.7,36.38,-1.6,2.9,95.62,4.49,7.46
8.39,-10.9634,127.6121,Bering Sea,5349.9,1635.9,39.08,4.97,5.38,29.29,32.8,2.04
8.39,5.4442,-119.992,South Pacific Ocean,10810.0,2585.3,35.66,-1.51,7.27,66.53,28.52,4.72
8.07,-0.292,-90.9895,Indian Ocean,2331.3,956.4,31.41,21.88,9.39,52.79,41.84,5.78
7.85,-69.9105,119.2979,Norwegian Sea,1731.7,975.2,38.4,28.66,6.09,97.0,9.02,1.34
7.5,-62.6867,-59.8206,North Pacific Ocean,9704.7,2891.7,37.32,30.12,6.12,76.14,48.31,8.12
8.43,-44.6632,50.1534,Southern Ocean,10297.8,-416.1,31.77,7.64,3.16,4.85,43.38,9.9
7.7,3.8783,30.0412,Norwegian Sea,9465.5,1626.0,36.25,18.4,7.85,87.98,40.89,9.03
8.33,-61.0872,103.9723,Bering Sea,9899.3,1956.2,39.11,23.97,3.13,89.83,22.29,7.17
7.75,-39.8146,53.3093,South Pacific Ocean,5480.7,-181.1,38.99,24.94,5.7,25.28,16.47,1.31
7.82,-28.4328,-41.0047,Red Sea,9750.5,1997.5,39.85,-0.66,2.78,81.08,42.44,9.16
7.71,30.4891,123.9874,Indian Ocean,5469.2,1808.7,36.83,6.4,5.69,99.22,19.64,0.4
8.28,-30.0006,51.4598,Caribbean Sea,4267.6,-442.8,39.75,12.04,6.65,45.35,26.47,4.41
7.94,35.573,-17.7782,South Pacific Ocean,1980.9,2475.0,30.94,7.98,8.14,70.82,15.96,2.12
8.46,-62.8196,-48.0591,Southern Ocean,8398.8,1729.2,32.15,26.86,8.07,68.53,30.92,9.61
8.31,-38.9404,38.3965,Bay of Bengal,6510.6,2743.4,35.25,3.62,6.07,24.88,32.08,5.05
8.07,-13.8417,-173.0012,Bering Sea,4012.7,1692.9,33.73,32.02,7.11,38.62,1.04,2.77
8.28,-42.1983,90.1667,Bay of Bengal,320.4,987.4,30.61,29.8,9.45,19.49,7.12,1.0
8.34,-56.8867,84.6435,Bay of Bengal,7379.8,1656.7,31.26,17.15,6.99,26.36,32.51,3.89
8.42,85.0161,-10.9138,South Atlantic Ocean,7716.0,2521.7,33.21,28.43,3.67,40.59,42.12,6.52
7.58,28.1508,-40.9675,Arabian Sea,855.6,974.6,38.19,12.19,8.97,24.74,42.75,7.5
8.3,-86.1906,108.9475,Arabian Sea,6287.1,979.9,39.01,4.14,6.44,81.48,13.83,9.03
7.68,-56.345,-123.5641,Baltic Sea,4212.8,-137.8,38.9,9.62,1.28,14.96,40.61,9.61
8.42,28.8215,86.5119,North Atlantic Ocean,7228.0,1472.4,32.78,-1.77,9.97,48.9,14.5,1.61
7.69,-26.215,-170.3242,South Atlantic Ocean,3871.9,1053.5,37.51,34.12,2.76,58.46,29.94,2.04
7.67,1.6862,146.9285,Southern Ocean,8008.3,823.1,33.16,26.64,3.27,39.59,13.73,8.86
7.99,53.9446,162.8221,South Pacific Ocean,1444.4,-362.9,36.22,-1.95,8.04,64.58,38.04,6.12
8.36,-69.1604,80.0563,Red Sea,2936.2,1613.6,38.38,28.59,7.56,66.45,47.61,3.57
7.59,25.411,89.1917,South Atlantic Ocean,7236.4,-306.2,32.32,4.65,4.58,83.37,48.02,2.77
7.56,-1.8361,-48.1717,Gulf of Mexico,8927.9,-190.6,34.32,32.34,7.38,49.06,5.24,1.95
8.26,-49.3624,136.1008,Southern Ocean,8429.7,-316.8,34.85,5.4,7.35,4.32,46.15,6.75
8.34,-31.9986,-70.6224,Red Sea,4940.6,494.4,33.76,5.87,8.98,93.15,33.81,2.38
7.96,-84.9033,24.2201,Southern Ocean,3323.4,1309.2,38.58,32.63,9.74,11.4,14.47,7.42
8.15,86.6437,86.3383,Arabian Sea,4607.4,1583.9,30.82,16.17,2.06,15.04,28.68,3.96
7.63,-66.9933,30.499,South Pacific Ocean,4896.8,708.5,39.58,1.56,3.21,81.14,9.64,9.62
8.1,44.3461,-2.3347,Baltic Sea,1269.5,1933.8,39.16,18.67,3.04,33.43,47.7,4.66
7.51,-11.11,-97.6432,Baltic Sea,2304.8,2234.1,33.66,20.51,8.35,5.86,35.93,9.42
7.8,-5.7435,56.1541,Caribbean Sea,2371.0,1609.8,38.35,22.97,7.55,8.72,46.12,3.1
7.52,16.5666,92.6416,Southern Ocean,2983.1,695.5,31.0,14.13,2.14,61.19,3.13,2.24
7.77,74.1207,24.8132,South Pacific Ocean,5501.2,-339.7,39.1,26.17,3.09,68.12,42.51,8.6
7.52,10.915,114.5805,Red Sea,2685.8,2777.7,37.46,24.45,5.76,4.05,25.24,2.37
8.44,54.5126,35.7297,North Atlantic Ocean,9705.4,2924.2,36.48,-1.72,5.39,18.82,8.08,1.8
8.38,61.5457,89.3253,Caribbean Sea,10070.3,-157.7,34.42,12.66,9.98,91.43,2.28,3.71
7.71,26.8916,155.796,South Atlantic Ocean,10851.9,964.1,30.0,11.75,6.68,96.45,25.01,3.2
8.42,24.9446,-82.024,Gulf of Mexico,1821.5,270.0,37.41,33.29,2.28,60.68,49.97,5.41
8.4,65.2955,-18.6619,Southern Ocean,7970.8,1409.9,37.6,-0.79,8.76,66.42,32.77,3.73
7.72,-80.7885,146.6692,Norwegian Sea,9686.9,1204.6,36.09,7.92,2.59,99.58,8.16,6.44
8.17,24.6478,-5.1154,Gulf of Mexico,698.1,250.4,32.99,1.57,3.89,8.8,1.3,8.84
7.69,3.8238,-177.4416,Norwegian Sea,9041.3,2681.3,30.99,-1.38,4.58,54.25,22.96,3.38
8.18,-42.1484,-164.0975,Bay of Bengal,6480.0,2625.7,30.4,20.01,9.25,75.31,36.49,1.16
7.56,50.6974,-143.8268,South Pacific Ocean,3322.3,1936.0,31.29,24.54,1.7,22.38,16.51,1.58
8.36,-36.5288,-33.2914,Coral Sea,6442.8,2018.1,31.5,11.37,4.94,94.92,3.55,0.1
8.33,50.2641,-42.6197,Norwegian Sea,5911.4,721.2,32.75,29.5,2.61,65.08,18.85,1.04
7.67,74.2467,42.6772,Southern Ocean,8343.8,855.6,37.62,-0.21,7.12,21.23,23.31,7.8
7.94,12.9979,-103.7998,South Atlantic Ocean,2202.6,1207.8,33.12,15.77,4.7,88.29,28.12,8.83
7.75,54.6637,-28.4961,South Atlantic Ocean,2313.2,1738.2,39.99,29.27,2.35,9.59,21.47,6.18
7.62,-43.082,68.507,Baltic Sea,940.9,1020.3,31.85,28.39,9.0,98.55,5.46,6.84
7.51,-61.8434,176.381,Bay of Bengal,6435.0,450.9,38.53,17.32,3.98,16.78,5.49,5.49
7.8,12.121,-9.1449,Red Sea,7985.8,2541.4,32.28,34.3,8.29,72.5,22.01,9.03
8.44,-13.306,-178.9952,Bay of Bengal,5454.7,477.7,33.22,-1.06,1.76,28.21,3.43,4.65
8.39,-13.6517,42.1142,Baltic Sea,6029.4,1684.4,32.46,28.71,6.87,6.47,17.17,3.25
7.93,-67.0472,7.236,North Pacific Ocean,3309.2,1988.2,36.14,30.8,3.61,45.42,11.11,0.74
7.79,78.692,-53.0104,North Atlantic Ocean,4952.1,1682.0,37.51,16.53,7.47,95.96,5.07,6.83
7.81,-70.5402,-59.5496,Arabian Sea,9509.6,2133.0,30.37,24.37,7.21,25.53,15.59,8.65
8.21,-37.5409,81.4791,Indian Ocean,9461.6,205.5,34.44,20.28,9.72,34.46,41.71,5.04
7.77,-4.9837,-63.962,Baltic Sea,9105.2,873.9,36.66,5.35,3.31,98.57,37.7,9.5
8.33,43.7515,170.4187,Baltic Sea,1354.7,1453.7,31.44,18.28,3.8,57.21,16.24,4.17
7.86,23.0371,-145.5429,Coral Sea,10705.1,2548.1,36.14,11.35,3.48,70.82,7.75,3.96
7.57,-77.043,-148.6885,North Atlantic Ocean,911.5,2887.8,33.52,26.09,2.2,16.0,14.81,0.67
7.62,-81.8344,152.1227,Arabian Sea,10667.5,2508.6,30.33,29.42,9.17,52.47,35.86,4.62
8.27,12.7896,-27.4004,Red Sea,7586.2,-62.9,39.69,19.33,6.53,71.51,17.56,3.13
8.27,-87.8147,-6.7962,South Atlantic Ocean,9878.2,-399.2,38.12,14.78,5.77,7.09,25.88,4.09
7.9,11.4065,-145.0446,Southern Ocean,7922.1,489.3,30.61,23.86,9.74,70.93,48.18,0.71
8.5,-57.2169,-50.7703,Red Sea,8639.9,925.4,34.66,9.82,5.89,6.04,26.8,4.78
7.72,-55.7923,23.1971,Caribbean Sea,10038.8,-62.5,38.0,16.97,7.73,17.06,16.58,8.99
7.7,-57.7505,-147.6869,Coral Sea,10136.8,1878.2,39.64,2.08,9.53,46.54,0.06,3.0
8.03,49.432,71.7395,Norwegian Sea,2880.8,2652.0,34.54,24.58,6.32,68.7,22.7,7.02
8.06,-4.6892,53.2992,Bay of Bengal,10996.3,897.7,39.05,4.48,2.11,28.74,35.41,5.21
7.92,-51.5686,28.8297,Gulf of Mexico,6396.0,2961.8,36.62,21.65,8.6,1.49,17.51,0.08
8.08,-78.6565,-45.2428,North Pacific Ocean,10015.1,522.5,31.18,29.65,1.91,92.47,22.23,1.71
8.39,-10.0575,-43.338,Bay of Bengal,3435.3,914.4,38.28,2.32,9.52,28.14,38.75,0.59
7.97,5.1929,133.1973,Arabian Sea,4084.1,-306.8,37.66,29.97,5.02,48.11,43.91,0.56
8.5,16.7946,-167.7847,North Pacific Ocean,2748.2,1988.9,33.29,25.53,7.2,6.57,41.75,0.84
8.45,-74.3237,93.8483,South Atlantic Ocean,9775.6,-454.0,39.16,13.36,8.63,68.54,21.45,1.17
8.21,-22.6273,-111.6382,Gulf of Mexico,7416.3,1004.7,32.19,18.96,2.49,79.37,14.97,1.6
8.2,-27.9458,97.7984,South Atlantic Ocean,584.5,291.9,37.03,11.12,3.98,46.03,28.18,5.01
8.23,-30.6802,-4.2699,Bay of Bengal,3491.6,1704.9,37.44,20.99,7.02,15.89,20.19,7.0
8.36,69.9414,-50.086,Indian Ocean,1147.2,251.3,32.97,10.33,8.29,12.21,6.34,2.39
8.33,-24.7304,-77.4687,North Atlantic Ocean,4382.6,1456.6,33.38,11.1,4.89,94.6,25.32,4.11
8.22,24.7238,-5.6611,North Atlantic Ocean,9512.2,-209.8,39.24,29.44,8.57,72.6,17.86,8.62
8.32,68.814,75.2314,South Pacific Ocean,4620.5,-226.9,35.78,0.25,9.97,38.93,11.61,5.28
7.93,-89.143,19.1219,Baltic Sea,478.5,2601.3,31.58,13.68,7.69,20.06,10.15,9.48
8.0,43.4649,50.2284,North Pacific Ocean,3572.8,2245.4,32.03,25.3,4.96,64.46,37.57,0.04
8.39,27.1323,156.7028,North Atlantic Ocean,7887.6,2886.6,31.1,2.56,5.17,67.94,27.22,1.45
7.59,73.8178,43.7629,South Atlantic Ocean,5258.1,296.3,30.97,22.53,7.53,77.53,41.16,6.4
8.28,-8.1743,31.4016,Caribbean Sea,8163.3,523.7,34.92,26.25,9.54,53.11,49.81,3.89
8.17,82.2629,-44.7086,Norwegian Sea,8190.9,2993.8,36.82,23.53,4.52,23.65,46.94,1.5
7.65,-6.2722,-63.2609,North Pacific Ocean,8902.3,1880.0,39.35,20.82,3.65,92.94,11.79,3.72
7.92,-78.2184,10.4778,Indian Ocean,8786.6,556.1,30.87,27.73,1.64,58.64,41.97,2.18
8.23,48.0677,-175.1742,Red Sea,7403.5,402.1,33.59,22.67,3.59,0.36,28.36,0.92
8.22,-85.7607,27.4102,Red Sea,6445.5,2445.0,34.62,34.6,3.05,39.08,33.27,0.69
8.19,83.9322,-59.9798,Baltic Sea,947.5,900.5,36.59,2.28,5.9,21.58,38.71,0.2
7.66,-89.8999,99.2099,Bay of Bengal,2091.1,-357.0,36.19,25.48,7.25,43.34,5.92,8.43
8.28,36.8399,-130.6248,South Pacific Ocean,9426.8,768.2,33.7,2.68,6.57,74.15,22.45,7.66
7.63,-71.2586,80.1647,South Atlantic Ocean,9182.0,120.3,33.48,30.34,1.61,30.62,15.41,9.26
8.48,0.6084,-19.3289,Norwegian Sea,5871.9,-172.4,37.18,29.47,7.27,8.04,43.51,5.64
7.66,-68.153,-28.4608,North Pacific Ocean,8859.1,2602.5,30.0,-0.41,8.01,75.02,17.96,9.85
8.09,13.2824,-163.6674,North Pacific Ocean,3116.6,1931.7,35.55,8.18,5.37,88.69,48.75,2.57
8.28,10.5286,-56.28,Coral Sea,257.8,1847.7,36.01,-1.09,7.44,7.9,10.15,1.89
7.51,-77.7138,155.6552,Southern Ocean,4192.2,1602.2,35.83,19.42,7.7,85.71,27.63,0.59
8.22,-63.6296,-175.5955,Coral Sea,9367.4,2017.0,31.84,27.96,3.77,92.87,32.29,2.02
7.72,38.5122,-128.3746,North Pacific Ocean,512.2,2816.6,31.49,12.07,1.13,82.44,33.48,1.62
7.68,29.8583,102.8989,Coral Sea,1141.5,-263.0,36.06,22.22,3.45,3.57,13.15,3.3
7.57,-37.7938,-33.7528,North Pacific Ocean,3953.4,-376.2,36.72,20.14,1.57,28.94,23.34,3.28
7.69,-57.1631,-126.9077,Bay of Bengal,3854.5,1464.4,36.72,5.53,3.33,27.5,0.32,4.62
8.11,31.68,-117.5353,North Pacific Ocean,5798.5,921.8,36.1,5.96,3.78,41.91,25.59,4.28
8.5,6.6517,-137.0416,Arabian Sea,5681.2,-211.5,32.2,27.22,3.5,20.21,12.28,8.62
8.07,-44.7105,-164.1792,Coral Sea,407.5,2845.3,33.28,9.21,9.71,92.66,48.48,7.16
8.1,86.1689,177.0309,Arabian Sea,5988.6,2181.3,30.97,23.79,1.83,20.03,2.84,6.2
7.89,-21.9176,-4.4731,South Atlantic Ocean,1291.9,1202.1,38.81,31.99,6.21,38.57,13.37,9.0
7.54,33.5841,-84.0946,Bay of Bengal,7756.5,2842.6,39.57,15.94,6.29,54.03,47.57,6.21
8.23,69.0731,6.903,North Pacific Ocean,10359.8,2194.1,31.76,15.73,3.71,23.87,11.65,4.99
7.58,81.6091,-46.8734,North Atlantic Ocean,10959.7,-231.4,31.56,28.52,8.2,39.24,11.99,6.72
8.22,71.2996,113.2796,Bering Sea,4877.8,1825.6,36.68,17.68,2.58,77.19,24.04,7.75
8.33,16.5797,36.0703,Gulf of Mexico,7128.4,1151.9,37.24,6.29,2.7,26.42,26.56,7.92
7.72,-52.3296,118.9238,Gulf of Mexico,5873.6,1571.1,36.33,-1.18,5.7,69.08,24.67,9.81
8.28,76.8881,-95.1537,South Pacific Ocean,1948.7,342.2,38.34,-1.43,6.57,74.16,28.51,3.25
8.41,85.8774,14.8132,Bay of Bengal,5214.4,1134.1,31.29,-1.59,2.18,4.97,43.91,6.97
8.06,-88.8685,-85.2173,Caribbean Sea,10371.6,651.2,38.82,11.06,5.17,46.51,36.27,2.87
7.93,73.976,-89.2572,North Pacific Ocean,5698.5,1051.6,38.22,29.51,4.39,5.23,17.82,5.24
8.05,69.5648,-114.9529,Caribbean Sea,8830.3,-136.3,34.27,25.27,8.29,98.19,26.7,4.73
8.31,-8.8305,-35.4747,Norwegian Sea,6396.6,-49.5,33.49,22.95,3.16,17.39,25.9,6.92
8.12,52.9965,70.8901,Bay of Bengal,5374.5,1104.2,35.94,32.18,2.9,74.16,11.74,3.11
8.06,80.9599,2.7612,Baltic Sea,761.9,347.9,34.96,20.04,9.79,72.96,3.44,0.84
7.91,-34.3933,170.1198,Southern Ocean,10359.4,451.9,38.82,20.25,6.34,37.0,40.87,3.31
7.53,-5.3309,-84.398,Gulf of Mexico,1477.0,1761.4,30.76,17.39,5.47,71.5,46.53,6.88
7.65,-64.8447,68.5228,North Pacific Ocean,8001.1,-454.3,35.47,5.09,2.9,32.29,0.41,1.94
8.01,-37.3828,-45.0727,Caribbean Sea,3284.7,1107.2,37.43,33.96,8.5,10.68,3.12,4.0
8.15,69.1422,-54.4925,Southern Ocean,3438.5,1505.0,33.51,33.47,1.85,94.14,2.55,7.88
7.68,-57.68,-24.4622,Indian Ocean,5662.8,713.5,35.99,33.73,2.03,63.11,43.49,9.07
8.18,79.5712,-93.5599,South Pacific Ocean,5117.3,1357.8,32.04,1.17,3.77,11.53,24.44,6.15
8.02,10.5698,155.9612,Indian Ocean,946.5,2399.7,37.77,13.69,5.38,20.44,24.92,9.42
8.17,36.6763,-43.6049,Gulf of Mexico,1791.8,1047.8,32.7,14.72,9.54,12.88,21.78,1.79
8.03,-19.2775,-85.0355,Arabian Sea,10187.9,1200.7,39.8,14.43,9.62,4.7,25.56,9.75
7.93,-47.8482,31.8854,Red Sea,4694.3,2506.1,30.83,0.34,2.23,80.09,4.57,7.33
7.81,-3.1832,-121.0274,Arabian Sea,4224.7,1103.1,32.34,10.88,4.79,4.32,45.66,1.43
7.67,-35.0659,82.8035,South Atlantic Ocean,5612.3,2801.9,30.64,13.59,3.91,70.67,35.49,8.29
7.59,3.6158,-33.6724,North Atlantic Ocean,2539.4,2652.0,39.83,23.77,2.25,75.88,46.68,3.55
8.36,-71.9104,8.1175,Bering Sea,995.1,-370.3,30.83,11.94,6.49,20.95,1.11,4.88
8.04,75.1531,119.9206,Caribbean Sea,9868.4,136.0,33.68,16.4,6.85,72.47,33.72,8.72
8.49,-40.6581,-127.9837,Gulf of Mexico,1508.3,1233.1,33.06,33.36,4.14,67.48,40.38,3.17
8.34,24.1776,31.4214,Coral Sea,6962.3,-31.5,32.88,32.38,4.98,88.86,42.28,5.24
7.62,26.6072,-167.7644,Gulf of Mexico,7693.4,2561.7,39.67,7.03,8.09,14.83,17.16,9.04
8.37,-44.9539,-36.4992,Gulf of Mexico,97.7,1056.3,38.75,33.18,1.51,74.03,15.73,7.32
8.28,89.4172,127.3328,Indian Ocean,8089.4,64.3,33.26,16.61,9.37,32.34,43.97,7.13
8.49,-2.9445,81.02,Red Sea,10818.2,1874.2,36.75,15.79,8.94,1.74,27.76,0.37
8.39,45.8678,102.7123,Baltic Sea,9330.1,1951.1,31.43,17.33,3.01,33.53,26.68,1.12
7.86,-84.3333,-28.8065,Coral Sea,4374.2,1288.7,35.51,19.65,4.9,36.3,9.72,7.47
8.14,-48.572,-8.256,Arabian Sea,158.5,10.7,38.65,6.29,2.43,55.63,2.37,9.1
8.14,-70.997,122.4864,Indian Ocean,10006.0,2344.9,39.32,28.45,3.12,88.76,34.89,8.98
8.44,-27.4041,2.2271,Coral Sea,9148.1,2617.3,33.97,2.69,7.51,57.43,3.06,1.91
7.67,43.9159,33.5549,Coral Sea,10335.3,2726.2,32.48,14.28,7.84,8.4,17.65,5.48
7.94,-64.6202,123.3056,Gulf of Mexico,10827.8,251.6,32.27,12.93,7.59,66.14,44.12,3.3
8.08,-15.5958,113.583,Southern Ocean,2514.4,1596.1,36.38,6.11,1.64,39.15,45.54,5.04
7.51,-54.7168,-92.259,Norwegian Sea,3013.2,1955.0,33.89,-0.76,2.13,32.42,17.7,3.89
7.65,-49.1714,31.5171,North Pacific Ocean,4259.7,-227.6,32.32,-0.09,6.87,21.39,20.04,8.84
8.15,-81.2119,-105.9379,Norwegian Sea,940.1,1459.4,36.16,19.93,5.85,59.88,29.15,5.82
7.97,1.435,-165.4725,South Pacific Ocean,10596.6,-331.8,36.31,32.33,4.64,37.12,49.12,0.64
7.76,-60.1056,-142.6171,Gulf of Mexico,8211.4,2311.2,30.71,4.61,7.04,99.24,22.56,8.73
7.69,-34.5174,-11.2112,Indian Ocean,507.8,2591.6,39.77,4.94,9.08,73.73,39.43,3.36
8.26,-25.5968,139.9404,Baltic Sea,7497.0,1714.1,34.53,10.85,3.13,11.25,22.67,4.93
8.0,-49.0347,-8.1373,South Pacific Ocean,1484.2,2745.8,38.04,4.32,7.85,21.39,5.13,0.26
7.79,-3.9381,-134.5666,Baltic Sea,8630.2,452.9,33.37,14.36,3.06,32.23,31.25,2.11
7.84,-74.0924,-128.6927,Bering Sea,7247.5,1977.0,36.96,0.83,4.24,86.84,15.59,0.95
8.26,37.2727,43.4337,Baltic Sea,6115.4,120.1,33.43,30.67,7.32,2.45,29.64,8.53
7.87,-37.5014,129.1441,Bay of Bengal,3687.2,-268.6,31.97,-1.35,9.32,95.11,13.0,7.68
7.89,2.0444,-64.7361,North Pacific Ocean,7701.9,985.9,35.07,25.93,8.98,28.33,19.19,3.46
8.02,-69.3318,17.992,Norwegian Sea,3167.7,2825.2,30.84,21.2,2.66,70.04,25.77,3.46
7.56,-85.3223,141.2429,Indian Ocean,240.6,2395.1,35.36,5.81,4.02,27.25,17.11,2.65
8.22,-27.075,-132.305,North Atlantic Ocean,10070.5,1952.2,31.69,32.72,3.26,13.98,47.65,0.01
7.59,31.0807,-123.6576,Norwegian Sea,1223.8,1832.6,30.37,18.81,2.37,29.23,28.27,3.34
8.39,-9.0828,-44.2138,Bering Sea,8597.8,404.9,37.63,29.49,1.65,1.23,47.4,6.24
8.04,37.4939,-16.7611,Bay of Bengal,4083.6,-392.8,36.06,7.92,7.59,63.28,6.49,5.66
8.44,27.749,-97.3833,Bering Sea,5009.7,1097.6,36.84,15.1,3.39,79.03,17.21,9.04
7.9,37.8594,17.8588,North Pacific Ocean,2783.4,577.9,39.85,20.43,5.56,0.05,25.72,2.01
8.48,63.5793,143.3109,Baltic Sea,1510.8,758.3,35.71,24.18,2.49,57.69,44.14,2.57
8.11,-41.4931,138.4485,South Pacific Ocean,528.1,-248.3,32.99,4.85,8.96,40.81,21.96,0.28
7.62,-88.682,-157.7171,South Pacific Ocean,178.0,418.0,30.81,33.34,1.13,73.56,35.06,8.52
8.06,-81.0596,37.2693,Bering Sea,6382.0,1527.1,34.71,23.71,4.08,15.89,30.89,4.48
7.55,-50.6959,-102.5809,Caribbean Sea,9860.2,2668.9,30.15,33.12,8.7,37.99,0.34,4.6
7.94,-70.1634,59.068,South Pacific Ocean,2501.1,2364.5,31.89,5.24,4.35,85.55,32.39,4.99
8.17,-38.6535,24.673,Indian Ocean,853.2,541.6,35.76,17.42,8.34,29.58,28.86,9.87
7.63,18.4605,-99.4584,Gulf of Mexico,5826.9,2202.5,38.73,20.63,1.8,35.16,16.0,1.28
7.66,47.9358,158.7582,Baltic Sea,5483.4,1905.7,38.95,0.66,2.87,85.32,26.57,8.25
8.26,-61.865,-9.5943,Indian Ocean,8063.5,2.4,36.64,11.44,5.87,63.87,2.93,0.9
7.77,13.5158,-38.8907,Arabian Sea,2166.0,1556.7,36.05,34.25,8.34,56.79,3.83,9.92
8.35,71.4119,104.9639,Arabian Sea,9481.3,2272.2,35.18,23.75,2.32,1.63,37.14,5.27
8.11,43.7261,-72.8559,Gulf of Mexico,741.1,-21.4,33.92,7.59,8.09,15.18,42.43,2.58
8.05,-62.0661,33.0598,North Atlantic Ocean,5735.1,-277.1,35.86,6.32,9.38,20.76,25.97,2.35
7.89,25.7364,-106.3643,Southern Ocean,7085.0,-268.7,34.39,4.61,1.13,57.21,28.64,8.23
8.46,-3.8696,-157.9508,Baltic Sea,2586.3,1325.5,38.28,0.11,3.13,79.57,1.82,4.77
8.12,-44.883,-0.6019,Arabian Sea,579.1,-382.8,32.16,1.32,2.1,20.64,16.62,1.13
7.58,4.9724,-121.4003,South Atlantic Ocean,992.3,1167.0,33.53,16.8,2.11,13.69,49.57,4.3
7.91,-60.9418,-50.149,Baltic Sea,9681.6,1350.1,33.72,9.48,7.9,15.39,35.83,5.94
7.62,-33.0521,-8.5665,North Atlantic Ocean,7.9,213.1,36.5,24.77,2.6,27.6,9.34,5.19
8.23,-25.399,-177.8662,Bering Sea,2964.8,2894.9,38.65,27.64,4.67,23.55,46.55,9.52
7.75,-29.5938,-54.6058,Indian Ocean,10772.0,2110.4,35.16,14.66,7.6,51.78,35.5,5.54
7.52,-73.521,-19.9787,North Atlantic Ocean,4171.0,882.8,39.18,24.31,1.24,34.58,36.47,4.06
8.49,-15.2578,16.2648,North Pacific Ocean,1333.7,2534.8,30.02,2.48,9.79,23.96,37.14,8.26
7.97,61.6675,122.5031,Red Sea,624.1,1056.1,39.64,5.3,2.86,12.15,4.21,8.02
7.53,60.9513,-62.4652,Bay of Bengal,10309.7,2020.5,39.94,16.68,7.49,62.87,33.79,4.69
7.95,-14.2608,151.9974,Baltic Sea,9681.9,1592.3,31.06,11.93,9.5,38.22,13.81,2.2
7.77,-87.7299,-58.914,North Atlantic Ocean,934.2,1117.8,36.22,34.05,6.8,75.29,41.04,1.4
8.23,14.3565,23.198,Arabian Sea,6461.5,418.8,30.94,23.45,6.83,91.6,26.18,0.39
7.51,17.2468,-151.9031,Norwegian Sea,6832.9,-433.1,32.62,25.62,3.17,36.61,11.56,2.0
7.64,64.1568,-35.2325,Caribbean Sea,7706.6,-389.1,30.73,16.29,6.9,76.98,37.0,3.17
7.85,60.8688,99.9495,Caribbean Sea,1544.2,1751.6,38.43,28.84,2.93,37.19,14.68,3.4
7.9,49.4766,-73.0829,North Atlantic Ocean,1955.3,2546.6,37.94,4.85,2.46,93.7,33.05,7.31
7.99,64.2173,-175.974,Baltic Sea,10335.9,2412.5,33.16,11.89,7.33,28.85,26.14,6.78
7.85,-45.2156,154.2705,Southern Ocean,6964.1,1417.2,35.83,21.9,7.13,49.68,25.06,3.94
7.9,12.0922,-177.5353,Red Sea,3874.1,-362.7,31.29,16.52,2.87,0.68,37.04,1.12
7.98,78.1048,-84.1066,Red Sea,9391.2,-273.0,32.74,22.06,5.82,24.14,37.07,2.4
8.43,5.5271,144.7935,North Atlantic Ocean,5794.0,134.8,36.92,5.56,4.11,15.17,28.59,6.84
8.03,70.0323,-130.4721,Arabian Sea,1213.7,260.0,30.46,-1.55,6.68,71.47,6.61,5.86
7.93,73.2582,129.3982,South Pacific Ocean,8380.6,832.1,33.23,23.01,8.79,7.03,20.47,6.71
7.55,-77.3352,164.164,Arabian Sea,9265.3,203.3,32.56,19.48,3.83,60.05,48.73,3.64
7.65,74.7828,44.3133,Red Sea,528.8,559.1,36.22,24.05,5.92,18.98,11.19,0.91
8.26,-71.7877,-60.3216,North Atlantic Ocean,1271.1,-279.3,35.96,21.61,8.6,78.09,12.1,3.19
8.46,-17.615,-68.9528,Bay of Bengal,2478.7,936.7,37.17,21.94,9.9,66.04,12.27,0.88
7.88,45.3464,-130.0862,Bering Sea,1591.4,1349.3,39.94,25.67,3.35,79.25,12.76,2.03
8.46,-77.2787,144.6304,North Atlantic Ocean,7769.7,2032.7,39.26,0.8,2.24,10.48,19.76,2.1
7.83,-18.8335,105.7885,Red Sea,1000.4,-262.9,33.9,16.65,4.53,74.2,46.09,8.53
8.45,-47.7684,-99.6508,Coral Sea,1051.0,2729.5,32.51,28.9,3.08,39.19,5.43,5.24
8.11,37.0302,60.6932,Norwegian Sea,10959.0,1054.3,37.93,28.74,2.7,58.16,46.29,7.29
7.53,66.4213,33.3335,Coral Sea,5987.4,950.2,36.66,6.63,5.96,5.95,11.16,1.57
7.58,48.1497,-129.1615,Bay of Bengal,4263.1,2857.1,32.5,11.44,2.34,57.31,24.46,3.95
8.48,8.9173,-94.2294,Arabian Sea,3731.7,1335.6,31.98,32.45,3.72,67.19,41.97,7.84
7.81,61.8145,-131.3192,Bering Sea,5041.9,412.5,32.16,27.22,3.39,99.59,37.28,3.95
7.51,64.0565,14.05,North Pacific Ocean,2875.4,-406.3,38.27,-0.55,6.33,89.74,49.25,5.99
7.58,-0.7676,-110.2773,Baltic Sea,10227.9,2565.5,37.64,5.98,3.59,48.15,12.69,0.92
8.03,63.8847,174.0883,South Atlantic Ocean,10280.0,2170.4,32.24,19.87,9.38,27.12,12.76,8.26
7.73,70.5781,-80.6504,Arabian Sea,10605.1,1764.1,35.92,15.31,9.75,14.61,36.23,7.59
8.25,-88.473,80.2292,Red Sea,10046.1,1056.4,35.08,4.83,8.53,56.98,48.96,3.88
8.38,68.4529,-62.4398,Red Sea,10266.4,2266.1,33.5,10.8,2.24,46.02,49.5,9.8
7.86,-80.0159,-51.2863,North Atlantic Ocean,4909.5,450.8,33.91,1.15,1.6,54.84,7.21,4.38
8.2,-36.1223,-67.9756,Coral Sea,3063.3,268.5,37.14,12.94,6.61,47.97,48.89,6.09
8.22,9.7831,-140.9928,Caribbean Sea,3903.9,2756.2,33.98,23.3,6.87,90.28,1.91,5.12
7.97,-46.0204,153.918,North Pacific Ocean,8375.1,-255.9,38.42,11.3,4.71,74.15,9.01,2.8
7.76,67.6373,100.3907,Indian Ocean,1493.4,2675.6,38.08,6.17,2.12,20.93,32.05,4.48
8.26,51.8874,-94.6848,Baltic Sea,50.1,300.2,31.8,17.13,3.45,62.89,23.31,5.02
7.55,-2.8388,-69.3121,Norwegian Sea,7802.9,2800.6,37.23,23.97,5.39,47.55,31.76,3.78
7.58,60.7088,-21.2007,Arabian Sea,5655.3,843.5,38.51,33.62,5.98,80.85,12.27,2.96
7.62,57.1565,98.8689,Gulf of Mexico,8131.3,844.4,38.03,11.21,1.82,81.18,25.35,7.39
7.82,-30.7106,135.5015,Indian Ocean,6970.0,-337.0,30.52,8.65,4.73,21.74,36.4,1.58
7.8,-78.3705,96.4304,North Atlantic Ocean,1738.5,2388.0,30.44,12.41,1.86,49.83,9.17,7.16
7.82,16.6009,162.0218,Coral Sea,7170.9,2532.2,35.04,33.26,1.33,53.99,46.85,8.98
7.6,51.3791,94.015,North Pacific Ocean,10722.7,1994.2,38.78,11.41,4.18,34.44,40.61,8.78
7.92,76.8801,-99.3771,North Pacific Ocean,6459.2,2078.5,32.77,24.56,8.18,0.57,37.45,3.95
7.98,-83.3241,-43.722,Indian Ocean,2260.6,578.8,31.41,28.16,8.73,99.45,34.28,2.2
8.38,-17.2544,87.2831,Baltic Sea,1990.4,1853.0,30.09,8.91,7.04,26.92,8.39,8.6
8.43,33.0458,-134.4381,Bay of Bengal,2056.0,-451.8,39.48,8.89,2.59,71.06,45.41,4.49
7.83,-7.5814,-97.2842,South Atlantic Ocean,7738.0,2044.9,32.94,2.6,6.81,88.74,27.25,3.36
8.46,-49.648,173.5364,North Pacific Ocean,8968.3,2711.4,35.92,9.26,6.87,25.79,5.26,9.0
7.98,17.0409,59.3552,North Atlantic Ocean,1726.3,331.1,37.75,8.42,8.73,83.51,46.44,1.15
8.34,67.9919,-115.8411,Gulf of Mexico,10791.9,-245.8,34.48,16.14,9.87,6.87,32.33,1.84
7.51,80.0263,-146.7875,Baltic Sea,7304.5,1969.2,37.32,27.08,6.43,65.29,40.82,4.5
7.58,88.6801,166.441,Indian Ocean,4134.7,2768.7,34.8,10.07,6.27,31.84,27.31,4.42
7.92,-20.7766,-0.4495,Southern Ocean,3307.9,2617.3,36.28,34.62,4.92,49.92,41.71,1.37
7.9,-53.4888,-28.4712,Baltic Sea,8227.4,2753.6,37.9,13.18,1.03,97.34,42.91,2.89
7.96,55.1523,106.7127,Coral Sea,5758.6,1834.3,38.31,15.72,4.6,54.09,28.07,3.68
7.76,33.8605,60.9179,Bay of Bengal,3909.8,882.9,35.25,29.06,6.68,69.41,24.05,7.27
8.08,45.6276,20.9078,South Pacific Ocean,1319.4,1026.5,31.69,26.5,6.91,86.2,28.4,9.9
8.24,-24.4995,-97.604,Bay of Bengal,6700.4,2713.5,34.82,28.2,1.53,4.07,4.38,9.55
7.63,-49.8189,19.9039,North Pacific Ocean,5357.5,1839.6,36.55,34.95,2.04,19.26,45.77,6.69
8.05,50.1379,14.5158,Baltic Sea,7884.0,1652.6,39.36,30.13,6.19,83.03,42.19,3.02
7.74,-9.8661,-143.472,Baltic Sea,10813.8,1818.5,38.11,2.24,1.09,12.26,34.07,5.54
8.39,33.9371,0.457,South Pacific Ocean,4950.9,2436.9,37.23,29.47,6.47,28.19,31.22,4.16
8.41,67.0148,36.8974,South Atlantic Ocean,10691.2,-308.3,33.09,11.58,8.8,74.37,2.72,0.12
8.21,-28.0026,83.147,Indian Ocean,453.5,85.5,39.02,21.42,3.65,29.63,0.42,3.31
7.67,48.1981,19.9415,Southern Ocean,6348.0,292.3,34.91,9.63,3.92,60.57,14.95,3.73
8.45,-8.4628,21.6483,Norwegian Sea,9100.7,242.9,31.02,21.78,8.41,13.6,47.25,1.76
8.24,21.2532,24.0582,Indian Ocean,2248.3,1338.0,31.33,2.16,9.21,58.03,39.88,0.31
7.6,59.0851,-82.5573,Caribbean Sea,5680.6,557.8,30.46,32.49,4.15,9.84,24.57,4.5
8.08,-36.2417,135.2585,Coral Sea,9001.6,791.1,33.73,8.58,3.61,8.62,28.56,0.06
8.12,60.9295,42.3897,Gulf of Mexico,5449.9,1238.2,33.95,2.26,5.34,52.36,39.1,8.89
8.09,-53.0239,65.8104,North Pacific Ocean,6440.6,1367.2,33.82,28.13,1.57,16.14,9.2,1.12
8.04,-13.9302,0.9567,North Pacific Ocean,691.7,1080.9,31.43,26.38,4.43,67.9,29.44,7.2
7.57,-40.4387,-127.2392,Norwegian Sea,9566.0,1462.6,36.01,20.68,7.93,81.61,22.74,5.27
7.7,-87.0699,-122.405,North Atlantic Ocean,84.3,501.5,36.48,23.56,5.24,5.36,44.86,8.73
8.43,-87.8755,-14.3596,Indian Ocean,5629.0,1663.2,31.83,29.13,9.46,23.33,21.65,2.77
8.27,-54.841,133.6026,Norwegian Sea,5220.9,793.3,39.36,13.81,8.55,98.66,23.95,8.26
8.07,26.3074,-136.3852,Southern Ocean,934.2,2859.1,39.05,16.56,2.81,37.65,38.64,9.4
8.08,4.5358,1.0039,Coral Sea,2527.5,2698.6,32.7,1.18,8.18,50.28,7.11,3.35
7.8,-32.6444,-165.7021,North Atlantic Ocean,7993.9,2203.7,36.33,34.61,2.03,77.75,21.95,0.32
7.82,-10.0854,133.8532,Red Sea,9865.4,2395.5,31.48,19.67,5.29,78.8,49.39,8.47
7.63,31.6367,-85.8685,South Pacific Ocean,1848.5,2903.1,32.83,-0.15,4.25,23.97,2.15,2.26
8.43,70.0673,-53.5265,North Pacific Ocean,10555.1,155.8,35.78,-1.21,8.54,94.72,48.53,4.93
8.16,-43.3593,-120.9064,Norwegian Sea,1970.2,1748.5,37.64,19.52,7.01,59.19,17.72,5.67
7.77,68.4299,-67.0598,Coral Sea,6767.8,26.8,38.69,17.82,6.88,72.07,4.11,7.43
8.21,-16.0877,-38.5465,North Pacific Ocean,7166.5,366.2,38.53,14.9,6.64,37.08,45.07,4.27
8.35,-29.7486,-122.4522,Indian Ocean,7407.3,991.8,38.63,27.92,8.04,37.67,30.76,7.02
8.2,12.3487,-78.5452,Bering Sea,8349.7,-56.6,36.55,1.44,1.48,7.82,24.39,5.98
7.78,-25.9197,66.4465,South Atlantic Ocean,6118.7,695.9,34.0,9.15,7.99,95.05,44.34,3.04
7.72,-37.6545,132.2134,South Atlantic Ocean,301.5,1562.6,32.18,19.12,9.43,67.64,31.68,4.19
7.61,71.9868,53.2869,Gulf of Mexico,5827.6,-77.1,38.32,15.15,8.33,60.89,46.68,6.33
7.9,-17.0639,166.5903,South Pacific Ocean,9163.0,1660.0,30.55,7.44,8.05,47.42,11.27,7.69
8.43,-62.7323,-91.5017,Coral Sea,6341.8,828.6,35.1,28.48,7.96,31.13,18.76,2.25
7.7,-12.1754,-49.847,North Pacific Ocean,1725.1,797.4,33.11,21.34,2.28,2.56,11.74,0.64
7.98,-37.9467,-61.5411,Red Sea,2261.5,2626.1,31.65,26.13,6.64,52.88,46.36,7.27
7.51,2.2387,10.8662,Bering Sea,5456.0,867.6,34.24,17.14,6.2,93.82,29.48,1.98
8.34,25.68,76.6754,Indian Ocean,1340.5,1971.9,36.08,27.95,4.38,56.17,40.31,8.85
8.12,-87.2259,-103.7407,Norwegian Sea,1416.6,2706.6,31.38,4.5,2.14,55.16,33.55,3.76
7.82,51.7996,116.7597,Baltic Sea,6331.9,2089.3,38.6,19.46,5.83,67.95,18.42,7.68
7.63,-5.7782,-58.0363,Arabian Sea,10481.3,1810.9,30.95,10.35,9.82,91.41,27.99,2.69
8.13,7.548,-13.3623,Indian Ocean,2676.1,452.9,34.21,15.21,6.58,1.98,25.71,6.12
8.04,-65.2606,120.9684,Southern Ocean,5140.2,2045.5,38.94,30.42,3.6,84.67,25.03,2.13
8.48,-11.3077,-61.9782,Gulf of Mexico,3555.1,227.5,34.12,34.12,3.56,16.33,42.72,4.32
7.97,-1.4024,61.2829,Bering Sea,8079.7,-238.8,37.99,5.66,2.27,48.16,45.29,7.21
7.66,-82.6115,-13.0991,Bay of Bengal,5891.4,1431.3,38.73,34.35,8.41,13.7,8.35,8.06
8.35,-58.251,-81.558,Baltic Sea,6570.1,2725.7,30.38,24.57,1.24,17.07,13.04,6.2
8.39,-23.8846,-18.7653,North Atlantic Ocean,5851.2,521.5,38.28,2.04,4.61,85.47,16.2,5.88
7.6,-57.7172,93.3206,Red Sea,8932.9,585.8,32.68,18.87,4.74,98.66,2.23,2.04
8.33,-32.3305,60.5014,Red Sea,1988.8,1482.7,30.66,25.75,3.08,12.64,10.22,0.1
7.76,68.1361,91.7005,South Atlantic Ocean,9361.9,45.8,37.47,19.47,6.55,37.74,49.88,2.1
8.04,22.4318,-67.09,Arabian Sea,1313.7,1875.1,38.79,10.49,3.62,16.24,7.63,1.89
8.09,8.9153,97.4067,South Atlantic Ocean,6646.0,1168.9,39.87,9.58,9.96,14.67,44.25,7.77
8.4,62.0349,-34.3019,Bay of Bengal,5451.0,101.1,37.97,5.82,9.36,35.22,47.74,0.28
7.66,-47.4078,13.2899,Coral Sea,4277.3,1139.5,36.28,20.24,4.2,34.66,40.17,4.99
7.52,85.6961,136.2987,Indian Ocean,5815.4,-110.6,38.8,4.77,3.51,34.37,41.13,3.37
8.1,-50.5047,78.3698,Arabian Sea,2866.1,1690.6,38.01,25.28,6.26,70.07,13.57,2.37
8.13,-1.3757,77.5533,Indian Ocean,4416.5,-141.7,34.0,24.01,2.81,2.24,2.37,7.45
8.47,83.4713,-0.1885,Gulf of Mexico,393.9,2145.5,38.62,12.43,7.34,19.83,42.77,2.57
7.6,-29.9507,28.7395,Baltic Sea,10971.9,1892.6,30.05,28.23,7.18,74.72,6.39,2.6
7.91,-59.93,91.6433,Norwegian Sea,994.7,-277.8,35.05,25.11,7.45,70.12,48.39,8.24
8.21,-16.6952,-178.5313,Gulf of Mexico,9116.8,-225.7,33.72,13.64,1.64,40.07,21.67,4.6
8.06,-48.0778,-31.2042,Bay of Bengal,3898.1,617.5,35.2,25.27,1.07,73.98,36.9,6.84
8.45,44.7135,-72.2178,Coral Sea,8091.6,-48.4,36.56,28.6,8.22,36.77,0.02,9.96
7.59,75.6646,-87.9959,Caribbean Sea,3761.5,648.5,38.88,-1.0,2.17,44.34,9.19,7.08
7.65,64.2236,118.4541,Norwegian Sea,10428.9,218.9,30.47,25.04,7.72,79.68,8.99,6.12
8.11,-64.2059,-8.3954,South Atlantic Ocean,1621.1,1872.2,33.21,8.81,2.61,18.55,3.73,3.61
8.13,81.1802,-162.0428,South Atlantic Ocean,3894.6,-54.3,35.98,7.04,3.52,61.5,0.18,2.43
7.97,42.4095,171.3514,South Atlantic Ocean,10769.0,-375.6,36.0,24.98,9.28,68.08,9.03,1.45
8.24,46.4723,-127.2189,South Atlantic Ocean,1842.2,276.4,35.78,28.92,4.83,22.93,38.29,6.78
7.83,8.9828,-23.9252,Indian Ocean,6048.5,808.4,35.97,2.54,6.17,8.95,8.95,9.63
7.77,-22.7729,47.4463,Southern Ocean,351.5,-429.4,39.53,6.31,1.98,21.27,41.73,5.44
7.69,-44.622,23.1444,Southern Ocean,9731.5,2096.9,35.41,5.0,3.63,60.15,23.88,4.21
8.11,-5.2958,-23.3082,Baltic Sea,2808.5,2106.3,30.75,17.32,4.03,75.32,5.76,9.55
8.3,54.8887,-70.3625,Caribbean Sea,4521.1,1160.1,30.89,20.77,2.15,16.79,47.23,2.8
7.53,-34.016,24.8462,Baltic Sea,4332.0,1235.6,37.21,11.39,4.82,17.64,26.01,3.07
7.66,70.174,127.9931,Southern Ocean,2554.0,2031.8,38.81,13.89,4.75,8.78,42.14,7.36
8.35,-63.6686,-93.6102,Coral Sea,7665.5,2109.9,36.52,0.93,9.26,80.64,30.7,3.83
7.52,-81.0592,-157.3194,North Atlantic Ocean,6030.7,1790.6,31.47,4.05,9.08,10.98,14.66,6.15
7.54,0.5093,-51.2224,South Atlantic Ocean,2614.1,-152.3,39.92,12.96,1.91,82.52,36.42,6.14
8.02,77.2493,89.0518,Bay of Bengal,9952.3,1559.7,32.9,33.39,2.85,88.81,24.08,3.58
7.87,60.4218,176.8817,Indian Ocean,4555.3,1553.5,38.95,21.4,2.95,49.3,47.0,4.79
8.27,-65.1667,54.3319,Bay of Bengal,5245.8,869.4,31.07,25.22,9.49,16.3,16.16,9.97
8.15,-64.6964,3.3559,Southern Ocean,5116.1,85.1,37.3,17.92,3.88,96.48,40.35,9.2
7.69,-72.8192,-152.3634,Caribbean Sea,756.3,2770.6,34.38,14.82,5.4,94.82,12.46,0.76
7.84,51.7321,-57.1614,Bay of Bengal,908.0,2251.2,38.01,4.27,5.21,22.16,16.88,3.28
7.59,-30.5757,-159.6091,Red Sea,8942.9,1046.1,32.55,13.47,1.85,28.43,14.22,8.12
7.59,-29.9949,-28.7133,Gulf of Mexico,8821.6,504.0,36.04,5.92,4.94,9.66,42.78,0.65
8.48,76.5262,-3.4254,Coral Sea,8169.4,953.2,31.98,24.0,4.27,79.6,40.38,6.86
7.54,25.3155,-81.1217,Norwegian Sea,8886.7,1177.4,33.83,12.02,5.79,67.21,19.29,6.43
7.68,77.4837,-154.8464,South Atlantic Ocean,2850.2,2219.1,30.85,7.47,9.79,0.08,45.6,4.48
7.9,-46.9308,-26.2569,North Pacific Ocean,10340.2,-337.7,36.73,-1.36,6.94,2.88,35.87,2.35
8.09,43.534,169.5543,Indian Ocean,507.9,1896.5,37.27,34.94,9.32,11.41,5.26,0.34
8.45,-73.124,-64.1179,Bering Sea,6009.5,1724.6,36.65,1.73,1.58,92.52,8.73,0.37
7.89,29.7163,-66.9295,North Pacific Ocean,6143.0,1828.9,38.53,5.03,2.1,8.24,27.53,9.59
7.69,-12.3959,-126.6296,North Atlantic Ocean,4878.2,1995.1,30.83,7.97,4.85,28.86,17.68,9.04
7.99,-84.3066,20.141,Southern Ocean,7865.2,2847.2,32.14,26.1,2.2,83.34,39.12,4.11
8.27,-74.809,12.9677,Coral Sea,3532.5,2299.8,37.26,34.84,3.75,29.29,33.8,7.3
7.76,79.3212,-40.9628,Arabian Sea,3692.7,1506.1,31.19,-0.32,5.76,8.63,30.68,8.96
7.67,51.2596,141.8514,Coral Sea,901.4,1016.8,35.86,22.27,7.64,62.0,39.61,5.56
8.22,54.1457,-146.107,Coral Sea,10940.7,2483.7,33.07,13.03,9.3,56.18,23.08,0.49
8.02,-84.2143,151.6338,Gulf of Mexico,7049.8,2970.1,32.9,33.87,4.89,68.98,12.91,8.18
8.18,44.8462,-31.7909,Southern Ocean,5870.7,2904.9,30.9,33.0,5.92,49.49,1.2,7.28
7.87,-85.1346,-131.0692,Southern Ocean,870.9,1427.6,32.75,18.71,7.59,99.5,15.89,8.25
8.31,-38.7821,22.8801,Coral Sea,3131.2,1784.0,39.56,24.38,8.08,24.98,27.17,8.83
7.92,-0.3837,64.7457,Red Sea,6172.1,2372.4,38.67,3.9,5.31,41.33,48.48,3.0
8.16,-19.4006,-79.4223,North Pacific Ocean,8004.4,935.5,33.9,13.69,4.86,30.96,44.51,8.47
7.88,-64.6108,121.3299,Coral Sea,6266.4,1956.3,30.44,33.19,1.05,82.04,22.4,9.53
8.07,86.9788,-175.967,Red Sea,10600.3,818.8,36.0,29.31,8.92,34.32,17.51,8.65
8.07,-80.3545,-54.4469,North Pacific Ocean,2854.9,1671.6,36.23,0.71,1.29,6.16,4.66,9.85
8.3,33.0227,136.0363,South Atlantic Ocean,9180.6,16.2,33.52,24.0,7.94,3.56,31.95,6.35
7.6,52.3901,63.9553,Arabian Sea,7870.8,2204.8,38.13,28.39,4.9,75.55,24.74,4.07
7.73,-39.9723,-99.4374,Red Sea,674.4,-177.5,37.31,13.0,8.72,80.25,1.55,3.18
7.79,-16.741,-16.4734,Southern Ocean,3866.4,-26.9,33.25,15.34,9.84,37.44,8.99,9.11
8.01,-74.8849,-83.5098,Southern Ocean,10979.1,2394.1,33.65,3.32,7.98,39.28,17.19,1.87
8.41,-25.283,-9.5164,Bering Sea,1603.2,1453.6,31.91,1.52,2.13,17.23,49.86,4.77
8.3,-27.4348,121.4878,South Atlantic Ocean,1574.0,1263.1,33.12,32.88,6.21,37.15,28.3,2.37
8.34,-84.6223,-161.8031,Norwegian Sea,6382.6,2582.7,38.84,21.42,6.5,27.44,20.24,9.02
7.84,-42.4767,-91.5536,North Atlantic Ocean,8406.3,661.7,30.49,33.26,8.77,81.82,24.89,5.67
7.83,76.972,-168.7117,Red Sea,301.4,662.6,39.65,14.72,7.69,38.01,6.58,8.3
8.2,31.8397,176.908,Bering Sea,2870.6,1364.8,32.97,2.68,3.15,84.33,37.32,2.76
8.36,-87.3515,-122.6385,Southern Ocean,5067.1,2451.4,37.72,20.77,6.11,16.75,43.37,9.68
8.46,3.2291,-78.5839,Coral Sea,7508.8,223.1,32.67,11.86,8.48,43.59,40.08,8.35
7.86,-27.3071,127.1549,Coral Sea,3542.2,526.0,34.38,8.83,5.02,11.14,48.62,4.62
8.13,87.2583,4.1556,Indian Ocean,5795.8,2047.2,34.06,30.36,7.08,99.52,44.01,9.74
8.2,80.7559,159.9628,Baltic Sea,4516.0,2959.9,35.12,20.15,5.69,60.15,23.3,6.39
8.4,33.5719,32.476,Gulf of Mexico,5741.4,1939.6,36.54,5.72,9.22,36.15,1.97,2.12
8.24,-86.6931,79.913,North Atlantic Ocean,7456.5,1471.6,32.23,12.1,5.65,49.33,17.78,0.87
7.93,-63.5204,42.1553,South Atlantic Ocean,7642.4,2564.1,33.09,18.92,3.11,2.45,6.22,0.86
8.27,46.7628,85.4533,Norwegian Sea,2153.6,929.5,38.96,13.11,2.53,9.69,40.17,2.85
7.95,18.3089,-83.3665,Gulf of Mexico,4142.3,1875.3,31.98,25.17,8.46,78.23,42.99,6.71
8.49,-48.0725,-60.3695,Arabian Sea,3066.9,339.4,32.8,12.87,4.04,40.4,20.39,0.54
7.87,-70.5256,37.1657,South Atlantic Ocean,3894.9,883.2,37.34,34.63,2.98,24.16,6.7,4.75
7.57,-24.0732,129.763,Red Sea,3888.0,2015.6,32.12,34.78,3.09,5.07,38.19,6.33
8.21,67.797,-97.6567,Caribbean Sea,454.5,1625.9,35.48,30.17,8.57,77.77,17.9,3.34
7.8,7.0147,164.5387,Red Sea,9117.9,2664.3,32.87,29.53,1.46,36.45,25.83,0.59
8.21,-37.4988,-18.8978,Bering Sea,4584.6,223.5,34.02,29.36,1.21,81.08,0.8,0.6
7.58,-73.9808,-131.4061,Norwegian Sea,9901.0,1214.9,38.25,1.22,4.92,8.71,40.43,8.01
8.49,-57.4188,133.894,Arabian Sea,7217.2,-316.9,32.52,33.3,1.64,31.94,48.21,2.56
8.3,-14.9436,153.9995,Red Sea,10124.5,2892.2,30.08,1.65,5.46,65.0,28.28,8.41
8.19,46.3364,116.2436,Red Sea,10199.2,1616.0,36.39,19.03,2.98,27.29,10.01,3.25
8.14,-2.6822,-23.3787,Coral Sea,357.3,136.6,39.01,23.02,5.09,42.92,29.59,9.35
7.64,-5.2158,159.6049,South Atlantic Ocean,4944.4,2481.9,35.94,6.78,1.14,69.59,46.45,9.95
7.64,-39.9241,-60.4128,Caribbean Sea,2566.7,-112.3,35.49,9.02,5.02,49.49,17.78,7.98
7.58,-44.9797,-148.1168,Bering Sea,3643.5,2594.2,30.68,23.97,3.53,74.17,36.42,5.99
8.26,30.9263,-56.2812,Caribbean Sea,1799.9,-360.4,31.37,5.55,9.59,5.57,42.3,0.35
8.21,38.4993,-48.3452,South Pacific Ocean,339.0,2791.2,32.33,24.14,7.28,91.94,8.21,5.71
8.37,83.1094,108.3938,South Pacific Ocean,4040.4,540.7,30.04,15.07,1.28,99.7,22.84,0.51
8.15,71.9192,77.4362,Gulf of Mexico,8341.6,786.5,34.06,30.96,6.16,94.03,0.69,8.86
7.9,15.4146,43.6135,Southern Ocean,10114.1,1698.8,35.41,14.94,8.01,23.46,43.44,2.31
8.4,20.0013,-110.7025,Southern Ocean,5948.5,2797.5,35.0,25.87,4.84,94.59,33.14,6.42
8.12,-19.537,107.9761,North Atlantic Ocean,1258.2,174.8,32.89,15.28,9.81,20.95,12.27,4.74
7.55,85.1603,-168.4801,South Pacific Ocean,4780.7,753.4,31.54,20.54,7.79,50.3,44.18,5.48
8.4,75.0191,-101.0773,Arabian Sea,7789.4,1871.9,39.82,1.92,2.74,80.13,2.88,3.92
8.37,-82.3839,17.6258,Bering Sea,4967.0,-256.1,35.62,0.67,6.39,67.22,3.26,2.57
8.26,-23.0185,-8.657,Baltic Sea,2375.7,692.2,32.21,32.91,1.65,48.95,9.55,0.45
8.43,-17.8022,68.5853,North Atlantic Ocean,8177.5,1714.6,37.85,34.22,1.56,28.06,13.99,5.24
7.9,-41.543,105.4971,Coral Sea,8770.8,1030.9,34.72,33.94,7.88,97.98,34.77,0.48
8.34,-10.6644,131.3934,Indian Ocean,8264.2,2925.2,32.1,25.5,5.59,69.88,37.44,9.21
8.43,-8.864,167.3598,Gulf of Mexico,6148.4,2915.3,37.33,16.8,4.54,19.9,5.35,8.26
8.29,49.843,19.2165,Bay of Bengal,6953.8,2745.4,37.36,3.26,8.68,41.02,44.15,9.5
8.23,73.8544,28.9917,Gulf of Mexico,7362.2,2843.5,38.57,-0.84,1.39,40.86,38.47,6.26
7.86,4.9961,21.8366,Gulf of Mexico,10139.6,2833.6,30.34,28.24,1.04,90.14,32.38,8.86
7.84,-43.723,142.6488,Coral Sea,1737.0,2443.9,34.85,7.18,3.47,7.94,0.68,0.91
8.4,6.4535,98.0675,Southern Ocean,6245.4,2822.3,34.38,9.75,2.89,32.48,4.77,3.45
7.68,-57.9724,-0.9564,Baltic Sea,5428.6,-469.0,39.22,23.64,5.13,17.93,27.72,8.4
7.54,-26.8008,66.3015,Norwegian Sea,2471.5,2240.3,34.0,6.67,1.03,94.9,39.4,1.26
8.14,6.3123,-70.2458,Arabian Sea,10916.0,1376.1,39.1,34.3,9.31,57.36,39.1,3.44
7.84,81.3137,-120.149,Bay of Bengal,8726.6,1142.2,39.73,-0.55,8.53,67.88,37.52,3.79
8.23,-5.5981,-162.9754,North Pacific Ocean,3087.0,-56.1,39.62,-1.36,2.47,17.83,14.79,6.82
8.5,-88.1671,-30.6916,Baltic Sea,8743.5,746.0,39.28,29.22,6.58,46.94,6.57,2.32
7.72,-70.1731,-45.9317,Norwegian Sea,2728.0,846.6,32.27,31.05,3.87,61.32,3.05,7.15
7.82,-18.2187,93.1093,South Pacific Ocean,3083.3,262.4,37.47,34.55,8.35,18.72,24.59,1.54
8.1,-59.583,1.2159,Southern Ocean,9784.3,2808.2,34.57,-1.82,8.88,89.23,22.28,5.41
8.16,-31.8179,-118.3996,Bay of Bengal,9928.9,1636.3,38.16,8.83,6.39,0.31,30.72,6.2
8.49,66.8064,-144.6905,Southern Ocean,8959.2,2882.3,39.33,18.22,9.05,17.02,30.3,4.3
8.0,33.921,-151.3724,North Atlantic Ocean,10944.2,1553.8,36.5,28.37,3.66,94.94,42.13,2.32
7.72,24.4695,-173.581,Norwegian Sea,1213.3,1350.2,38.41,34.25,4.18,56.62,38.55,9.36
8.38,-19.2176,-153.1336,Gulf of Mexico,5912.0,857.4,34.2,33.44,1.59,39.57,29.87,2.84
8.21,48.8355,91.3765,Norwegian Sea,5106.0,188.1,38.1,26.57,4.35,56.31,47.69,8.72
8.12,89.7231,98.4503,South Pacific Ocean,6622.8,132.8,31.74,24.99,8.48,66.53,23.66,6.94
8.36,-30.0261,-52.2001,North Atlantic Ocean,6713.5,2045.4,30.13,34.99,3.23,49.51,47.78,6.49
7.58,30.2067,-168.1219,North Atlantic Ocean,6926.7,2342.4,35.68,33.97,7.74,48.53,11.82,9.64
7.95,-53.6569,-133.6274,Gulf of Mexico,3410.2,-374.5,36.18,9.78,6.69,39.27,49.6,1.83
8.39,-72.2695,2.6805,Arabian Sea,557.3,-134.2,34.4,11.52,2.21,11.38,32.61,4.5
7.58,84.8147,171.726,Norwegian Sea,3770.4,2077.0,32.76,32.02,5.26,15.52,0.53,8.63
8.07,-53.3204,-135.9284,Gulf of Mexico,7875.7,100.2,34.16,1.54,2.32,24.24,13.07,7.8
7.81,-71.5168,-124.448,South Pacific Ocean,4151.2,830.5,30.74,4.08,2.75,79.4,40.48,1.75
8.07,-3.0882,-34.2531,Indian Ocean,5788.4,2271.9,33.25,28.61,3.33,39.44,8.68,2.36
7.6,35.3565,41.6061,Gulf of Mexico,10850.7,2553.1,37.43,30.55,8.41,76.95,29.5,2.56
8.04,-89.9265,-38.9066,Southern Ocean,7985.8,2700.4,37.69,23.24,8.17,71.63,31.22,3.74
8.01,-18.1265,45.3921,Gulf of Mexico,10138.8,688.6,35.15,25.28,8.7,73.45,7.05,6.03
7.56,-5.4987,-156.5195,Southern Ocean,4196.6,1599.5,32.28,4.63,3.15,70.93,33.8,4.68
7.73,-1.2242,-115.5835,South Atlantic Ocean,6130.6,1182.4,32.85,-0.99,7.3,2.91,5.84,7.22
7.63,-17.7309,-154.5033,Gulf of Mexico,2375.4,1988.0,33.61,22.04,7.14,88.65,21.01,5.9
7.98,-62.4439,135.0236,Baltic Sea,4595.1,2090.6,34.79,13.1,3.09,33.69,19.68,8.2
7.78,38.2851,107.5349,Arabian Sea,2609.9,285.9,32.95,4.97,1.7,72.93,11.89,8.72
8.02,24.7443,-83.9667,Red Sea,5956.6,2798.5,32.75,13.12,3.69,38.2,3.29,7.43
8.06,-84.0591,91.4685,Southern Ocean,6419.2,1203.5,34.82,9.72,4.71,58.53,10.63,7.97
7.51,18.5103,111.9022,Gulf of Mexico,1945.8,291.4,33.6,34.46,8.75,55.43,26.08,1.21
8.37,45.5002,126.3886,North Pacific Ocean,9523.5,478.2,37.25,22.93,9.38,95.12,28.36,7.48
7.65,-67.32,-24.1108,Norwegian Sea,2182.5,-11.7,39.99,4.79,4.09,87.86,1.11,3.39
8.34,47.2867,168.8138,Indian Ocean,4762.6,100.3,30.38,15.22,9.31,88.67,41.67,6.45
8.04,-43.2252,141.2176,North Pacific Ocean,1793.6,2490.7,35.72,22.86,9.48,99.35,43.76,3.62
7.73,31.9908,75.479,Arabian Sea,2062.0,2435.3,32.18,28.22,7.59,58.37,28.46,0.45
8.28,30.4501,-168.5124,Caribbean Sea,5372.1,1034.0,34.9,24.94,7.23,67.57,49.05,0.01
8.15,11.8244,85.384,South Atlantic Ocean,6683.1,1237.6,34.75,7.68,5.06,72.47,49.88,6.76
8.15,-49.9071,46.2022,Norwegian Sea,814.8,-268.5,36.76,25.45,8.92,40.06,4.31,4.5
7.81,-40.6615,160.3912,Red Sea,1422.8,341.0,37.6,19.84,8.05,28.66,48.13,3.92
7.9,-4.8847,-16.497,Bering Sea,3733.0,330.7,37.0,23.69,9.14,79.03,22.23,8.72
8.04,-85.228,31.8583,Norwegian Sea,874.2,2441.3,33.47,3.35,5.69,46.2,30.42,1.9
7.87,-15.0177,24.7441,Arabian Sea,7620.3,1023.1,30.49,14.04,1.95,0.51,15.4,3.36
7.86,34.8191,-171.3313,Gulf of Mexico,9931.8,-363.2,32.93,15.5,2.51,33.81,12.56,7.13
8.34,-89.5846,-103.0744,Baltic Sea,7805.6,437.5,38.16,6.93,3.86,22.89,43.31,5.67
8.46,43.0038,-114.3457,Baltic Sea,6528.6,1079.1,34.35,1.79,2.76,66.78,34.74,2.55
7.98,-12.4136,-52.2408,Gulf of Mexico,10400.7,93.3,36.98,-1.85,8.85,78.84,42.19,3.55
8.36,-2.359,-80.7523,Norwegian Sea,4262.7,-262.7,36.21,9.38,5.6,46.73,1.82,6.68
8.3,-50.037,-63.6302,North Atlantic Ocean,190.4,61.0,36.79,22.15,1.79,58.21,48.55,8.16
7.99,-15.4682,-153.3015,Indian Ocean,918.6,330.2,37.51,1.06,6.0,0.64,30.2,3.58
8.16,1.0672,-124.9478,Southern Ocean,10024.2,1222.3,38.67,11.58,4.42,48.38,33.41,9.05
7.57,86.18,2.3387,Southern Ocean,10686.6,2182.1,32.1,17.02,7.59,33.92,4.73,3.95
8.14,21.5094,3.317,Indian Ocean,655.2,320.9,30.47,5.79,1.42,91.46,21.96,5.78
7.74,23.4982,-145.0699,Norwegian Sea,10106.7,2365.9,35.16,34.74,7.18,98.46,25.7,7.6
8.44,89.4528,37.9936,South Atlantic Ocean,1799.6,2423.1,39.08,29.75,2.16,5.52,43.55,8.55
8.17,-83.5157,172.1481,Arabian Sea,4029.7,1837.8,31.38,17.5,5.47,33.76,3.78,2.75
8.12,66.828,-38.8691,Bay of Bengal,8288.7,1327.1,39.33,29.97,8.72,20.54,20.07,5.19
8.41,52.3718,-121.5077,Baltic Sea,4372.0,-23.2,38.64,24.08,7.81,37.76,21.22,7.57
8.25,-81.5083,178.3772,South Pacific Ocean,8539.5,1435.6,39.64,10.35,3.86,78.02,32.83,6.21
7.92,-10.4229,9.4895,Baltic Sea,7460.2,1016.1,32.91,20.89,9.32,38.33,35.98,8.55
8.29,3.1167,-92.5476,Coral Sea,10252.2,18.4,34.12,5.29,5.94,97.67,29.97,1.86
8.43,-84.0917,135.8336,Bering Sea,4840.4,-98.4,38.32,19.56,8.39,75.19,31.02,8.8
8.44,-9.3535,-134.539,Southern Ocean,5659.5,416.7,32.77,1.65,6.17,17.51,1.47,5.78
7.75,68.4604,-113.1766,Norwegian Sea,8475.2,2054.5,39.76,13.37,8.77,98.31,20.87,9.78
8.05,-84.8948,92.5726,Bay of Bengal,10688.8,1670.8,31.3,20.54,7.99,7.45,18.55,0.58
8.29,59.0584,147.9841,Arabian Sea,3974.3,35.8,33.36,11.89,8.67,81.65,20.65,6.43
8.48,60.9385,-25.1575,Norwegian Sea,10305.5,1069.6,34.6,3.12,7.97,7.27,30.47,0.3
7.59,-89.4969,-154.6488,Red Sea,7551.5,456.7,32.02,2.3,4.07,11.28,48.08,3.28
8.27,73.6278,44.9357,Coral Sea,9925.3,2657.0,30.58,9.29,9.35,6.9,25.78,0.19
7.95,38.7866,95.2818,Caribbean Sea,2962.2,-267.0,38.82,34.07,7.08,73.02,13.14,0.02
8.34,79.1961,9.4973,Caribbean Sea,7886.9,555.3,33.18,31.52,1.52,73.02,8.24,6.1
8.25,77.2433,-38.8109,North Atlantic Ocean,4672.1,331.6,35.67,31.21,9.0,88.56,14.96,3.49
7.95,-45.306,63.9942,Bering Sea,4567.9,907.1,31.83,23.86,1.94,53.22,36.76,3.81
8.43,3.1713,-9.9241,Arabian Sea,1780.8,-170.6,37.36,32.8,4.75,40.04,4.62,3.08
7.87,-1.9223,101.404,Bay of Bengal,3182.9,317.6,31.04,6.2,5.5,19.46,19.49,9.79
7.89,37.6433,-177.7745,Gulf of Mexico,8762.0,2692.3,37.1,27.88,4.79,1.81,32.31,1.72
8.26,14.7386,39.0257,North Pacific Ocean,6860.9,168.2,36.49,24.31,7.76,64.22,23.04,3.11
7.76,83.5186,124.4404,Gulf of Mexico,2688.9,518.7,35.92,34.99,1.47,60.91,14.25,2.17
8.27,0.8327,65.3245,Gulf of Mexico,8907.8,889.4,36.83,18.67,7.52,1.58,0.67,5.88
8.3,-22.7531,24.4454,Indian Ocean,10456.3,391.6,32.59,8.52,7.67,41.7,29.31,6.78
8.22,88.5776,-99.614,Red Sea,4664.9,1723.8,36.01,-1.94,1.23,67.31,22.63,7.61
7.88,16.8873,18.3327,Bering Sea,10574.7,2903.5,30.35,31.79,2.29,24.17,15.97,4.6
7.97,-16.3048,113.4104,Gulf of Mexico,2333.8,1362.8,32.58,32.13,4.37,15.5,17.79,7.03
8.05,-26.3195,128.9197,Bay of Bengal,581.2,2385.8,36.3,28.08,5.94,65.71,7.79,7.99
7.63,37.3702,49.6644,Coral Sea,460.5,-213.6,34.44,15.69,2.44,85.86,20.49,6.33
7.87,70.0558,174.3671,Indian Ocean,7110.3,964.3,30.21,7.38,8.9,48.04,38.83,5.49
7.66,-58.1627,-137.274,Gulf of Mexico,7552.4,433.3,35.92,17.06,9.03,71.62,38.33,8.67
7.78,-22.9391,66.0764,North Pacific Ocean,6904.5,592.9,38.34,0.86,1.54,83.99,14.13,6.32
8.4,-78.199,-164.3531,Gulf of Mexico,9212.5,2465.1,30.01,4.18,2.84,74.45,14.36,5.3
7.56,-40.6523,127.5511,Bering Sea,7486.0,1371.2,36.89,5.53,6.02,93.69,17.5,5.82
8.05,75.1561,99.9301,Southern Ocean,8282.1,783.6,32.23,3.16,4.82,4.31,46.5,3.61
7.94,26.1127,113.2966,Indian Ocean,6083.7,621.6,31.06,21.63,8.98,95.0,14.99,5.55
8.17,74.1745,-49.8903,Coral Sea,2623.1,-272.4,35.37,7.64,5.8,92.11,5.5,4.19
8.46,10.3014,-102.8793,Coral Sea,1482.2,2625.7,36.36,11.33,7.46,95.21,43.69,9.13
7.96,87.6898,-103.5006,Red Sea,10526.2,713.3,30.56,16.27,6.11,87.52,36.33,9.33
8.01,24.4182,146.9278,Southern Ocean,2792.1,1625.9,30.35,14.94,8.64,47.44,3.91,4.74
7.62,39.805,8.0102,Bay of Bengal,2799.5,1543.1,38.48,14.65,9.47,13.41,44.22,7.07
8.41,65.3703,-111.5244,Norwegian Sea,10032.2,1099.2,30.66,33.22,1.43,91.7,43.61,6.44
7.89,-26.1734,-151.4575,Norwegian Sea,9996.4,2311.9,30.28,17.4,8.8,35.92,13.02,7.17
7.54,-36.6655,-29.9224,Norwegian Sea,5284.1,590.2,32.95,25.28,6.72,97.58,2.93,5.61
8.03,-58.8628,-130.948,Gulf of Mexico,10962.6,1313.5,37.97,32.22,9.67,27.97,30.9,6.79
8.34,37.1507,-52.2555,South Atlantic Ocean,1952.1,415.9,35.96,10.61,7.9,46.24,21.76,5.79
8.09,57.3404,-131.3438,Norwegian Sea,4860.4,2448.0,37.99,12.63,9.97,63.93,48.63,7.14
8.1,-20.0141,15.1301,Norwegian Sea,1697.8,1668.5,30.69,34.55,5.59,31.47,26.9,9.16
7.52,-89.8373,-156.5833,Arabian Sea,4980.4,780.2,34.42,21.42,7.45,91.43,24.38,5.56
8.47,73.4218,-157.9872,South Atlantic Ocean,10946.0,-456.7,37.18,16.64,6.35,0.25,32.54,7.83
7.91,40.2173,113.9345,South Atlantic Ocean,3758.0,1705.0,37.12,24.09,3.49,65.54,40.14,3.58
7.64,69.4242,-149.903,South Atlantic Ocean,4946.3,2020.6,36.93,31.96,3.79,31.03,48.08,1.55
7.64,67.9693,168.8681,South Pacific Ocean,10839.2,1613.3,38.91,18.38,3.97,15.8,45.53,8.9
8.17,-1.5262,28.0434,Arabian Sea,2203.3,2953.5,32.8,24.58,9.48,88.52,22.61,7.09
7.93,45.8568,-74.1245,North Atlantic Ocean,7578.4,-92.6,31.53,32.51,6.62,73.84,35.86,1.85
7.55,62.6032,-82.0535,Coral Sea,6151.7,533.0,32.09,33.86,9.3,42.35,49.01,3.55
7.59,-82.1159,59.3453,Southern Ocean,9280.1,975.1,34.02,4.33,8.14,93.56,0.44,3.7
7.93,56.1214,130.6555,Gulf of Mexico,5435.8,865.8,31.71,10.49,3.57,26.5,2.98,1.62
8.3,0.0637,7.6818,Southern Ocean,5753.6,2097.6,38.83,34.86,2.91,30.34,19.47,0.83
7.64,-26.0072,95.399,Norwegian Sea,4471.7,-48.5,34.06,29.15,7.0,32.12,28.11,3.0
7.61,-59.1576,156.8663,Caribbean Sea,7698.0,-250.6,39.71,31.91,8.85,42.75,43.27,5.92
7.97,-49.4711,37.9157,Arabian Sea,7221.6,-391.5,38.2,27.79,4.71,38.75,3.99,4.74
8.02,53.2331,-28.2571,Red Sea,9048.0,1911.7,35.5,25.73,2.29,6.0,26.17,5.02
8.01,65.5109,-139.9697,Norwegian Sea,4926.8,2270.1,34.8,6.34,8.01,43.7,2.02,3.0
8.0,83.3494,68.7768,South Pacific Ocean,2470.4,1171.3,32.75,21.24,1.07,32.88,49.97,7.44
8.39,-63.6258,126.7198,North Pacific Ocean,4569.7,829.3,38.6,26.73,3.26,87.52,45.74,8.02
7.89,2.7643,-173.6859,Indian Ocean,9737.8,121.8,33.77,29.56,6.39,92.91,40.61,8.5
7.53,75.0884,52.8269,Gulf of Mexico,7461.1,1169.6,34.95,4.41,6.38,84.7,2.73,5.88
7.51,-50.3413,-155.6443,South Atlantic Ocean,8949.4,-128.2,31.61,25.11,1.92,8.14,38.98,9.05
7.9,-46.4023,159.3669,Coral Sea,7126.7,-103.4,30.65,1.49,9.79,86.63,14.37,1.38
8.39,7.6822,-30.758,Coral Sea,8940.2,1051.4,33.85,31.0,7.63,44.71,8.14,6.17
8.21,12.7664,-113.2789,Red Sea,5832.9,-430.9,33.55,8.33,7.51,68.22,39.7,5.62
8.07,-55.4725,-107.1824,Southern Ocean,1097.8,2006.2,39.64,11.05,4.54,49.08,2.23,4.44
8.2,3.4374,-147.4033,Caribbean Sea,5705.2,2738.6,32.67,-0.3,4.68,43.09,39.22,5.49
7.67,74.0881,56.7507,Baltic Sea,10947.9,646.8,32.85,21.4,3.18,84.92,43.75,0.66
7.8,15.1186,136.2994,Arabian Sea,1002.7,1757.4,35.15,-1.76,9.54,17.74,14.24,7.12
8.29,51.3359,-42.8517,Norwegian Sea,9936.5,2697.7,31.69,6.05,5.54,7.03,1.52,4.62
7.51,49.3667,11.1001,South Pacific Ocean,4041.2,298.2,39.41,-1.68,1.46,84.71,27.38,8.26
7.8,-20.5866,-86.7963,Indian Ocean,999.0,1402.1,39.52,25.18,2.27,91.95,47.19,7.57
8.45,51.8326,99.5481,Red Sea,5887.2,1537.8,31.45,30.98,2.17,73.81,31.25,7.58
8.11,59.1511,53.8098,Coral Sea,10525.7,2398.4,35.41,27.29,5.93,5.7,7.87,2.94
8.23,-13.644,179.3625,Gulf of Mexico,5929.3,1635.1,32.86,22.06,4.59,32.02,41.87,6.49
7.9,51.5418,126.4377,Bay of Bengal,4717.5,2245.5,36.71,33.37,5.02,34.36,42.54,8.01
7.6,88.8036,-129.3226,Southern Ocean,214.7,469.3,37.22,27.75,7.29,9.68,33.67,5.63
8.18,23.4749,123.878,South Atlantic Ocean,10859.7,1941.9,31.41,32.09,8.57,7.72,9.39,1.4
7.92,-45.2033,-160.6083,Norwegian Sea,2402.7,1267.4,36.82,1.56,8.95,19.86,8.69,7.46
7.64,60.8929,-126.2341,North Pacific Ocean,10741.8,1452.4,36.77,7.89,8.2,90.29,6.66,8.37
8.4,-68.4059,-41.4547,Southern Ocean,2906.1,1940.9,33.45,9.37,7.02,90.49,38.94,1.17
7.75,0.0737,-111.724,Indian Ocean,4790.4,2355.2,35.5,32.79,7.98,83.12,26.92,4.63
7.85,71.6103,-77.3345,North Atlantic Ocean,497.1,306.1,31.49,20.11,8.23,33.56,0.98,1.71
7.71,26.6569,75.6461,Caribbean Sea,5507.0,378.6,34.56,14.49,7.07,0.74,15.65,5.69
7.89,84.9788,21.9182,North Pacific Ocean,313.7,2996.4,33.39,4.03,6.99,11.39,19.67,9.53
8.11,-19.3057,-36.3716,Bering Sea,8233.1,-299.1,35.19,16.29,9.56,35.16,27.08,0.2
7.71,4.9673,52.5652,South Atlantic Ocean,6363.7,-116.8,31.83,34.14,4.02,72.08,37.05,1.95
7.86,-24.3948,-179.9282,Norwegian Sea,1108.0,1293.3,32.92,6.39,4.93,62.32,30.74,3.64
7.51,27.7027,136.436,Caribbean Sea,6516.0,1414.0,35.63,10.73,7.46,58.95,25.62,1.03
7.66,-35.2607,-38.0298,Arabian Sea,8544.2,2003.0,39.88,10.62,2.83,40.14,34.12,2.25
8.41,-41.1828,-3.9457,Coral Sea,4855.4,2698.9,34.51,-0.28,6.64,0.8,33.99,7.08
8.14,43.0773,-137.8211,Arabian Sea,2168.1,2710.0,33.48,5.34,9.94,75.86,7.37,0.12
8.0,85.5945,92.6184,Gulf of Mexico,9308.6,1734.1,31.79,23.67,9.61,50.6,49.92,2.16
8.01,-59.1961,178.2085,North Pacific Ocean,2413.3,2144.1,36.68,8.04,3.44,57.37,34.16,4.31
8.14,67.2039,95.8789,Norwegian Sea,6084.7,1789.7,35.99,15.12,3.31,62.89,28.1,4.23
7.71,78.5592,-129.7651,Coral Sea,3585.5,73.9,35.79,29.72,2.0,12.14,4.54,7.59
7.53,48.4999,154.7929,North Atlantic Ocean,3353.2,2805.7,30.35,27.56,3.85,98.52,19.54,0.34
7.91,-19.0519,30.4118,Red Sea,2014.1,2456.1,37.25,28.59,6.15,6.69,27.98,1.26
8.41,-78.7782,131.7771,Caribbean Sea,6993.7,-157.7,35.57,26.77,9.95,91.15,11.07,2.01
8.01,-84.5897,-28.0376,Arabian Sea,9564.2,2948.9,30.53,13.85,4.21,54.62,2.07,4.1
8.38,17.2006,-79.7386,Bay of Bengal,137.8,2451.9,35.44,20.68,9.82,89.97,38.81,6.25
7.63,51.8695,-172.3138,Bay of Bengal,3494.1,2629.7,36.83,5.26,8.54,89.99,8.72,1.61
7.77,-35.1396,161.4904,North Pacific Ocean,9025.7,1326.1,31.23,29.36,7.92,87.98,49.05,5.63
8.14,-9.9023,-124.6375,North Pacific Ocean,7468.6,2669.3,39.41,0.77,7.77,25.12,43.67,7.45
7.52,-44.8775,101.5327,Arabian Sea,1442.4,672.4,38.42,33.09,3.09,89.31,0.77,9.31
7.65,56.2099,-79.7949,Baltic Sea,4366.4,48.7,30.23,28.67,1.71,96.05,40.49,5.21
7.61,53.9564,25.4681,Bay of Bengal,9847.6,-351.1,31.78,5.56,9.35,13.01,22.11,2.12
8.02,42.0659,117.2359,South Atlantic Ocean,6867.0,416.6,36.65,26.17,4.43,11.47,18.54,1.06
8.38,62.3236,-54.0094,Norwegian Sea,9041.6,2548.9,31.84,10.1,4.03,16.57,25.46,3.88
7.5,-62.0797,-24.4422,South Pacific Ocean,5677.0,1756.6,37.8,24.07,2.02,49.05,27.75,9.14
7.56,-9.7307,-128.2373,Red Sea,2657.9,720.7,33.08,4.0,4.43,4.63,37.77,4.37
8.16,56.8319,-28.5654,Baltic Sea,1027.3,294.4,38.6,29.79,8.32,66.06,47.65,7.2
7.87,82.0685,117.2174,Baltic Sea,7909.5,395.7,30.74,22.62,6.27,61.79,45.39,9.89
8.39,55.0342,136.8072,Caribbean Sea,510.4,1864.7,34.11,8.23,9.75,98.87,35.34,8.71
8.04,70.8361,48.1154,South Pacific Ocean,3471.3,68.0,39.47,30.86,9.16,97.8,29.97,8.93
7.56,-86.4948,-11.6027,Bay of Bengal,3053.1,-29.0,32.16,19.48,3.96,78.84,25.13,9.57
7.51,46.4214,-105.5799,Gulf of Mexico,1936.6,1720.8,35.43,25.86,8.64,15.22,19.94,7.28
7.94,-64.6403,-16.1538,Baltic Sea,6096.2,2578.4,32.43,34.57,8.2,38.96,41.18,9.99
7.9,43.8445,110.3919,Coral Sea,10903.3,2220.6,33.4,14.58,2.15,91.55,35.88,1.99
7.98,-77.0863,-68.5376,Arabian Sea,9671.3,-199.2,30.77,7.06,1.5,9.73,7.48,3.79
7.93,-36.8875,108.5082,Gulf of Mexico,2435.1,2236.4,30.2,28.84,5.22,53.91,33.22,6.94
8.1,32.9042,-178.7255,North Pacific Ocean,941.3,2660.3,31.38,4.6,5.64,71.93,9.68,5.1
8.4,-55.1428,-54.6805,Norwegian Sea,8925.2,1933.9,32.85,6.81,9.54,13.55,1.3,5.67
8.26,51.2423,176.4684,Bering Sea,7585.0,2187.0,36.78,14.16,7.05,78.65,33.04,7.25
8.03,-73.9995,147.9604,Norwegian Sea,7058.7,2574.2,36.51,30.59,4.35,34.64,29.15,2.18
8.03,59.1239,52.9026,South Atlantic Ocean,5858.3,1351.3,35.07,10.58,4.59,35.91,36.03,5.34
8.48,12.6002,-2.7687,Red Sea,8068.6,1396.3,34.36,29.86,5.57,87.58,42.57,2.04
8.44,-86.6593,75.0693,Arabian Sea,5672.2,1618.3,34.76,23.05,5.47,26.42,23.49,7.74
7.66,-44.3172,173.1087,North Atlantic Ocean,5682.0,224.9,35.36,12.38,9.48,26.14,15.49,7.74
8.14,-3.1594,-169.1091,Indian Ocean,4264.1,1009.4,36.89,8.89,3.0,72.15,32.16,7.14
7.81,25.6836,-80.742,Arabian Sea,8934.9,1356.9,37.19,9.61,5.08,10.97,1.58,4.97
7.7,31.285,178.2715,Bay of Bengal,1667.9,-347.0,38.84,5.63,4.99,82.08,29.77,5.38
8.44,71.0988,37.5619,Coral Sea,9690.3,1174.5,33.64,12.8,8.32,53.2,5.84,7.92
7.59,-11.1333,83.1259,Baltic Sea,7135.9,1720.7,31.98,25.48,5.15,38.47,37.42,7.82
7.53,-87.7384,91.3837,North Pacific Ocean,6639.4,2126.2,33.66,10.14,4.7,75.28,17.13,9.95
7.97,-41.9706,-37.7231,Indian Ocean,10134.3,-336.3,34.97,4.79,9.33,16.8,39.47,6.68
8.04,-73.2576,158.7569,Norwegian Sea,7116.5,1416.1,35.48,10.89,7.84,77.99,23.96,9.13
7.61,60.8931,-120.7871,South Pacific Ocean,2321.7,2162.6,38.39,12.66,7.79,83.03,5.8,3.44
8.45,-63.003,112.0554,North Pacific Ocean,8971.0,148.2,31.53,32.76,2.57,64.5,23.64,9.26
7.59,-25.5102,18.5451,Gulf of Mexico,10350.9,693.4,37.19,20.96,5.28,49.1,19.19,9.06
8.22,-63.8415,-76.4655,Red Sea,3665.6,-219.4,35.52,29.55,2.36,39.01,5.37,9.32
7.86,2.9719,-7.5173,Southern Ocean,2937.8,891.1,34.61,11.65,1.95,38.6,40.59,6.36
7.76,-54.786,11.9145,North Pacific Ocean,7371.3,420.9,38.8,34.58,6.12,47.65,27.47,2.73
7.71,47.4939,-49.081,Norwegian Sea,10297.3,744.6,35.49,6.06,7.36,33.66,24.73,3.74
7.68,-1.6189,-70.2246,Coral Sea,3236.8,131.2,38.26,11.61,7.07,24.68,32.87,1.96
8.03,-0.7141,-20.2954,Bay of Bengal,3801.4,463.1,37.74,8.41,9.7,50.61,24.5,9.12
7.54,81.2202,121.1535,Bering Sea,775.4,882.4,33.26,28.35,6.93,4.39,35.39,2.58
8.27,-32.1779,76.4867,Red Sea,8149.8,-449.0,36.42,11.02,7.16,23.89,47.04,0.81
7.73,-21.4685,-150.7216,Coral Sea,9019.2,624.7,33.79,29.64,8.66,69.19,16.63,1.13
7.93,16.5527,95.9262,Southern Ocean,2560.3,39.3,34.07,14.53,9.21,61.67,38.14,4.01
7.58,-28.5828,154.1417,Coral Sea,9738.2,2771.1,38.89,11.63,5.25,75.44,12.3,8.64
7.97,59.2121,164.979,Bay of Bengal,5374.3,791.1,33.37,14.49,5.22,88.3,46.64,8.57
8.13,8.3934,-33.7252,Indian Ocean,2905.0,879.3,39.15,21.66,7.65,49.54,48.14,4.78
7.55,-89.5212,150.097,South Pacific Ocean,6493.4,2606.0,38.36,3.22,8.29,45.17,13.36,9.24
8.37,-32.0243,-119.6733,Bering Sea,6331.6,2348.4,39.72,6.94,4.61,85.9,21.11,4.55
7.8,-0.1638,-36.1678,North Pacific Ocean,3664.5,-250.7,31.55,4.09,2.9,45.88,3.72,7.15
7.84,50.4944,2.436,South Atlantic Ocean,7208.7,-292.2,30.96,13.81,3.95,77.54,14.75,6.86
7.67,43.3134,-114.2083,Norwegian Sea,8738.4,2463.9,30.35,4.29,9.0,32.51,6.5,6.43
8.38,30.6292,67.8341,Indian Ocean,7869.9,-97.1,39.32,15.08,5.04,94.41,0.53,2.42
7.85,60.1102,-31.9095,Bay of Bengal,4112.7,1104.3,30.01,18.39,5.69,96.33,23.48,9.52
7.8,-51.4424,-133.8563,Gulf of Mexico,8988.6,14.7,30.08,12.95,7.69,73.13,10.82,7.71
8.22,-7.258,9.7006,Arabian Sea,7313.0,1031.0,32.34,-1.19,1.11,77.25,46.03,1.62
7.82,7.3243,-76.7638,South Atlantic Ocean,3123.9,222.2,36.19,10.77,8.51,38.17,31.42,2.31
7.96,85.2394,158.7708,Bay of Bengal,9518.9,1727.1,30.82,14.4,8.48,51.13,15.4,5.91
8.5,85.7339,117.2328,Baltic Sea,301.6,-203.7,34.66,7.14,8.7,75.21,41.64,9.65
7.99,-0.4768,114.4806,South Pacific Ocean,7102.3,1854.7,35.1,27.63,7.95,55.08,18.27,0.29
7.96,-64.4228,51.3743,South Atlantic Ocean,5852.8,1345.8,36.2,27.13,1.74,74.73,35.83,6.47
8.3,69.7546,-145.1343,North Pacific Ocean,7444.3,1623.3,35.14,5.4,8.2,66.76,45.67,8.8
7.54,-85.1895,-19.5794,Gulf of Mexico,5778.2,728.1,40.0,12.81,7.45,34.5,6.16,2.86
7.88,-8.6552,53.2984,Bay of Bengal,10570.0,2767.0,37.76,1.14,8.45,28.78,28.68,1.31
8.2,-0.3153,-108.523,North Pacific Ocean,3734.3,-144.7,32.1,27.45,1.95,84.0,30.87,9.2
8.41,-63.5423,-35.1711,Red Sea,3058.3,2632.9,31.42,18.79,5.98,35.16,44.02,7.77
8.15,-23.1256,-6.5769,Red Sea,3045.3,1420.7,30.77,33.86,6.54,95.67,43.67,9.5
8.03,30.9008,120.3105,South Pacific Ocean,5426.6,2464.2,32.16,17.55,3.98,15.0,17.28,5.04
7.96,35.7362,-42.9938,Caribbean Sea,7305.3,2313.9,30.05,18.19,9.59,86.28,2.8,1.68
7.98,50.1703,-54.2439,Southern Ocean,884.8,359.9,31.65,13.21,9.3,70.95,33.18,4.7
7.97,13.2035,81.301,Red Sea,10049.6,252.8,36.21,27.15,1.8,82.91,6.5,2.03
8.44,-37.1487,-57.4202,North Atlantic Ocean,2902.3,1233.4,31.57,11.07,4.95,87.4,16.13,8.74
8.31,-87.7878,-144.4254,Baltic Sea,140.4,1987.5,34.21,-1.87,5.12,39.62,8.7,9.66
7.82,19.0742,102.962,Indian Ocean,10181.7,690.1,38.1,18.21,2.17,36.11,28.25,6.57
7.56,11.3584,-47.0102,Norwegian Sea,2624.1,2624.3,38.83,11.13,9.78,33.17,41.81,0.02
8.18,24.0871,175.2105,North Atlantic Ocean,7286.6,688.8,31.13,0.18,6.79,54.17,7.78,7.6
8.23,77.5319,2.4495,South Atlantic Ocean,388.9,-354.8,36.59,11.19,5.05,3.98,41.88,3.86
8.27,-47.1963,-156.889,Indian Ocean,6784.1,2082.5,33.02,32.67,2.01,33.76,8.15,6.22
7.73,37.1761,94.6926,Caribbean Sea,2963.9,71.4,35.32,27.31,6.41,58.79,15.01,0.28
8.14,-53.9348,-44.0324,Indian Ocean,2194.9,2710.5,30.57,1.57,1.93,77.94,28.85,7.52
8.14,51.4561,-135.7167,Gulf of Mexico,693.8,1797.7,35.25,15.04,7.0,6.69,12.6,6.63
7.61,-84.4782,20.5407,Bay of Bengal,9821.0,555.3,37.42,2.42,5.97,22.28,23.88,7.09
8.27,-41.5848,-90.4048,Caribbean Sea,10215.8,1009.2,30.36,5.14,5.67,61.12,30.6,7.48
8.09,-43.5861,158.1401,North Atlantic Ocean,9097.7,958.1,38.7,20.53,2.69,85.96,38.03,3.25
8.0,62.7853,72.3193,Norwegian Sea,3234.5,1419.0,37.04,-1.64,2.07,68.58,8.89,6.69
7.54,8.5806,-30.6562,Coral Sea,1.2,283.1,37.43,21.32,8.72,77.88,45.97,1.64
7.96,-15.5883,97.2197,Caribbean Sea,2651.4,-117.8,33.79,5.69,9.88,8.43,11.06,4.47
8.35,-46.0192,-12.9268,Red Sea,6464.2,1622.8,34.67,32.01,9.21,6.46,9.41,0.77
7.87,-31.8962,151.4014,Caribbean Sea,3629.6,1540.9,34.13,-0.73,4.82,48.05,0.84,6.45
8.48,39.8633,76.3189,South Pacific Ocean,1462.9,795.7,37.16,-1.78,4.82,10.43,0.67,9.25
8.29,63.0407,172.3543,Bering Sea,2199.1,2568.1,31.67,19.03,2.13,77.99,14.2,8.18
8.32,-73.4429,-57.8865,Coral Sea,8857.4,2175.8,30.84,1.68,4.25,21.17,43.95,1.26
8.09,-87.3876,118.3918,Red Sea,3450.1,245.8,36.51,12.26,1.87,94.98,16.85,4.65
7.78,8.8332,-78.5765,Red Sea,1479.5,1405.9,38.31,18.54,9.77,14.7,42.84,0.38
7.9,60.7823,-57.9036,North Atlantic Ocean,6562.9,-111.0,31.94,19.02,2.63,15.6,2.76,0.16
8.12,-85.9063,-92.8459,Norwegian Sea,6280.0,504.4,37.21,18.38,4.44,76.33,30.2,0.94
8.39,14.1476,121.4863,North Pacific Ocean,4411.0,2701.7,33.16,10.61,7.22,17.26,42.81,8.6
8.23,56.6419,144.1445,Indian Ocean,5584.9,2624.3,33.21,26.22,4.7,66.17,12.8,7.15
7.86,-69.5835,-109.2019,Indian Ocean,2841.7,469.7,31.73,16.01,8.26,88.64,23.36,9.14
7.76,-24.8455,131.452,Bering Sea,7652.2,496.7,36.75,29.65,1.12,8.76,31.96,9.09
8.13,-71.858,167.296,Caribbean Sea,2437.7,2841.0,35.55,1.36,9.06,89.32,17.72,5.38
7.58,-83.1106,11.2801,Bering Sea,6419.1,1327.9,35.4,7.25,3.04,80.63,19.59,3.81
7.87,-1.0675,-92.6533,Indian Ocean,5275.3,2799.4,31.2,0.26,2.12,93.56,49.03,4.71
7.75,29.6629,155.2567,Indian Ocean,1524.3,854.0,32.66,8.63,5.93,87.83,46.77,2.17
8.37,76.0418,152.6211,South Pacific Ocean,4385.5,1753.6,34.13,30.89,7.4,24.22,32.34,9.71
8.16,-34.4586,-132.6405,North Atlantic Ocean,5677.8,2304.0,36.28,31.73,6.72,49.29,38.08,8.86
7.62,-43.1018,165.0594,Caribbean Sea,356.3,438.7,35.7,28.69,3.46,36.57,10.46,3.34
8.01,22.1304,-70.7545,Gulf of Mexico,8809.8,1927.2,35.12,12.91,7.98,59.51,23.01,4.85
8.29,80.5054,-20.8137,Red Sea,7963.0,-391.0,36.99,24.28,1.97,70.11,34.39,4.36
7.61,-56.5706,19.2607,Bering Sea,2816.2,-249.5,39.38,30.65,7.49,95.66,33.91,6.78
8.07,-68.6431,-61.0348,Norwegian Sea,2710.7,405.5,39.18,34.14,9.94,59.63,48.96,5.88
8.26,61.7933,-156.7382,South Pacific Ocean,3467.3,944.4,35.6,7.97,4.03,34.88,46.3,4.75
7.71,-65.881,78.2061,Caribbean Sea,8809.2,810.3,36.3,25.94,4.19,78.08,26.36,4.88
8.43,-11.673,97.1676,Norwegian Sea,9908.9,1179.0,33.0,2.29,1.66,18.14,1.91,2.71
8.05,50.6521,11.2105,North Atlantic Ocean,1907.3,2279.9,33.28,-1.91,7.09,13.04,14.69,3.92
8.13,-22.4542,-25.0824,Indian Ocean,69.8,2192.6,33.01,32.02,6.93,76.01,31.13,9.74
7.85,26.9063,81.7904,Bering Sea,8171.6,1419.2,34.04,22.92,1.28,32.66,3.3,8.4
8.27,52.7069,177.983,Arabian Sea,4812.8,-10.1,30.98,34.0,6.57,36.66,48.85,9.81
8.1,7.1723,155.6345,North Pacific Ocean,7198.2,1764.1,34.36,23.55,5.07,73.93,29.42,3.91
8.42,-53.9833,22.5904,South Atlantic Ocean,9612.4,2596.3,31.29,11.04,6.47,44.29,9.66,2.72
7.98,-49.447,114.255,Coral Sea,10222.1,1147.6,38.31,24.14,6.9,82.38,39.45,8.71
8.11,87.0535,-100.7399,Indian Ocean,4465.6,102.6,35.42,27.25,7.17,61.29,12.34,6.29
8.08,56.0302,-45.8072,Southern Ocean,2707.2,461.0,37.49,-0.47,8.41,4.33,32.91,4.84
8.08,-32.5139,165.86,Southern Ocean,8797.6,1695.7,32.18,28.61,2.66,56.3,49.86,7.73
8.21,-57.907,20.0062,South Atlantic Ocean,4152.5,1776.9,33.49,14.83,2.21,11.34,13.46,7.43
7.6,-39.3987,14.1237,South Atlantic Ocean,1078.7,-75.8,30.77,7.8,6.58,81.52,2.27,7.05
8.1,57.79,-93.1619,Bering Sea,7983.3,1980.0,38.68,16.22,9.75,53.21,44.77,0.29
7.92,17.176,-2.5657,North Pacific Ocean,8161.0,2891.2,36.36,-1.57,5.92,27.81,6.14,0.62
7.95,34.2804,-119.5531,Arabian Sea,2229.6,379.1,34.02,6.59,2.5,31.51,44.16,4.72
7.93,28.1769,83.8175,Southern Ocean,280.8,-455.9,39.79,18.98,5.79,34.76,12.88,8.52
7.61,63.8515,134.2228,Baltic Sea,1316.6,1205.0,31.96,3.53,1.97,97.44,34.75,7.38
7.51,87.8345,98.5443,North Atlantic Ocean,3455.3,2914.9,33.29,30.31,9.52,56.18,0.3,9.74
7.61,23.5082,-135.3613,Baltic Sea,3969.6,-343.0,35.18,34.49,2.36,95.55,27.52,8.6
7.94,18.84,22.2224,Southern Ocean,9754.4,1365.9,36.76,3.44,1.42,70.44,3.23,7.96
7.88,-69.8086,-48.1579,North Atlantic Ocean,5639.9,662.3,35.53,24.45,4.81,85.69,46.53,8.25
7.64,75.8741,-63.0509,Red Sea,9699.1,1150.6,38.33,26.05,4.14,7.17,39.44,6.16
8.22,-78.7168,106.8074,South Pacific Ocean,2063.1,2582.7,32.26,12.56,1.78,1.86,9.75,9.65
8.21,31.9777,-7.2286,Bering Sea,8539.6,1092.1,39.34,25.46,7.88,56.01,6.06,3.9
8.41,43.7052,125.2689,Gulf of Mexico,1007.6,2058.9,36.03,33.81,7.98,68.04,42.14,1.77
8.35,-30.1992,-33.954,South Atlantic Ocean,9013.9,2260.8,34.03,26.03,3.46,5.54,6.51,5.77
8.33,-71.3599,15.9703,Gulf of Mexico,4107.1,1828.1,36.14,28.12,5.88,27.84,2.47,9.26
8.3,-13.53,-64.6972,Gulf of Mexico,7370.3,6.6,31.55,20.3,4.62,89.33,15.0,4.52
8.38,-46.8297,-36.3126,Baltic Sea,10367.6,2852.4,35.06,30.4,7.67,50.55,8.34,2.14
8.01,16.9091,66.6528,Norwegian Sea,8821.6,142.6,34.76,31.56,5.7,29.2,26.97,5.66
7.58,-83.7183,-77.9533,Caribbean Sea,2300.9,1608.0,30.7,7.19,8.89,4.97,3.86,7.98
8.07,-81.3309,179.1099,Bay of Bengal,7827.0,-23.9,36.4,3.36,9.17,84.27,6.35,7.96
8.35,13.1067,113.7365,Bay of Bengal,3912.7,-424.9,34.74,12.86,1.64,56.36,37.33,7.91
7.59,-65.1389,-136.6233,Bay of Bengal,7218.5,-360.8,38.87,9.83,3.66,1.12,46.28,5.74
8.32,-25.3242,-97.1205,North Atlantic Ocean,958.1,853.5,38.89,15.92,1.55,1.15,23.03,3.29
7.64,67.4974,62.1053,Indian Ocean,91.4,1021.7,32.68,14.15,1.5,21.07,37.25,8.14
7.53,-85.5524,-117.1898,Indian Ocean,10250.1,1527.3,36.99,4.58,7.68,10.54,28.7,7.54
8.2,-63.0791,-177.7131,North Pacific Ocean,10391.2,707.6,39.82,17.54,4.07,28.2,18.77,6.45
8.15,72.9458,53.5877,Norwegian Sea,1622.3,941.8,32.22,10.91,4.27,93.05,40.17,8.72
8.38,-21.5604,-95.7545,Baltic Sea,10336.8,2655.6,32.26,30.47,9.82,92.31,0.16,4.63
8.16,-23.9928,-116.7506,Bering Sea,6249.4,707.7,30.59,30.26,7.99,35.35,29.39,1.52
7.76,9.587,64.0355,Norwegian Sea,6267.1,602.3,36.79,15.82,5.0,72.38,33.64,5.86
8.42,-10.889,-33.0534,North Atlantic Ocean,8072.5,2018.1,37.46,3.74,1.72,67.56,17.47,4.04
8.4,49.3725,159.067,Gulf of Mexico,8384.2,2923.8,37.22,28.27,7.09,0.82,27.55,2.34
8.44,-39.39,-84.0616,Indian Ocean,2616.3,-415.3,38.77,3.46,4.74,20.51,33.48,5.98
8.24,-62.7819,-91.3503,South Pacific Ocean,8866.2,-260.5,31.03,11.89,6.7,3.18,5.26,4.58
8.37,9.8365,23.1156,Bay of Bengal,8990.6,2184.7,35.24,9.71,4.37,43.66,27.85,1.69
7.74,-5.2699,-2.436,Arabian Sea,2041.4,-294.8,37.39,17.51,8.96,66.19,35.26,6.69
8.09,-25.2848,-145.5071,Bering Sea,6947.5,2117.5,31.83,29.25,4.92,88.84,21.44,1.78
7.77,-22.0205,38.5136,Bering Sea,8181.8,818.8,35.16,0.71,9.15,30.92,9.11,9.59
7.83,73.8583,86.4659,South Atlantic Ocean,6447.7,1284.5,39.26,6.08,4.53,61.83,33.53,2.34
8.33,52.8398,-109.3989,Gulf of Mexico,3368.1,-402.8,31.02,9.09,7.3,72.09,23.29,6.6
8.21,-54.0031,-88.7529,Gulf of Mexico,3109.4,556.7,33.48,34.96,2.02,61.26,12.56,6.76
8.43,-10.2382,-156.2458,Bering Sea,10710.6,2430.1,34.96,9.69,6.19,72.66,33.27,3.55
8.28,45.5824,-111.9914,Arabian Sea,9214.5,2838.0,37.43,32.85,3.83,79.07,34.59,5.77
7.79,3.3878,-41.567,South Pacific Ocean,2886.8,1426.5,39.67,3.09,7.21,33.47,14.97,2.57
8.38,78.0727,61.0425,Southern Ocean,8933.0,2946.5,31.82,6.1,8.21,55.33,28.24,4.65
7.58,38.0672,2.7367,Southern Ocean,3334.7,-157.1,36.22,5.1,9.04,35.05,43.23,0.67
7.58,-64.7231,-113.0202,Baltic Sea,10416.3,2544.1,34.79,5.91,7.94,79.12,47.19,2.62
7.77,-18.0901,-138.832,Red Sea,8868.2,2140.2,33.51,13.25,2.95,70.01,28.77,3.56
8.31,64.2891,-1.7478,Norwegian Sea,8926.8,-98.6,31.66,7.49,5.49,21.02,12.06,0.52
8.43,-17.8189,164.0878,Norwegian Sea,523.3,1942.8,34.88,21.09,3.08,22.25,40.97,2.01
8.15,1.7387,-66.5974,Coral Sea,723.4,1768.9,34.28,8.17,1.06,47.79,2.53,5.86
8.43,56.7238,-123.635,Bering Sea,8946.3,2813.9,35.21,20.97,9.11,16.66,15.65,3.78
8.1,-86.3855,117.8874,Red Sea,4959.1,297.7,35.22,0.98,9.12,16.89,17.77,5.41
8.43,-76.0176,-76.8445,Indian Ocean,10297.9,653.2,36.26,3.36,7.41,31.09,2.94,5.71
7.92,-42.2902,-141.4727,Red Sea,7590.5,168.5,39.68,17.31,6.85,47.66,39.04,3.7
8.47,47.8961,176.5742,Southern Ocean,3689.9,2759.6,32.1,15.76,4.78,26.64,28.6,8.1
7.71,-40.2958,-103.1104,Indian Ocean,2910.0,2510.2,33.19,33.76,7.06,85.26,22.03,2.44
7.73,-15.4937,-54.8574,Caribbean Sea,10263.1,473.0,32.75,33.11,7.28,18.53,4.26,5.83
7.74,-28.0698,-110.3627,Coral Sea,1777.9,2511.4,30.39,9.32,9.2,31.64,43.06,0.8
7.67,54.0519,162.5277,Red Sea,6101.4,2863.1,33.62,28.75,9.43,36.39,49.75,2.2
8.01,19.2117,64.9691,Red Sea,3633.6,-53.0,37.85,-1.46,5.46,84.31,19.52,0.61
8.04,-50.8773,85.9247,Caribbean Sea,9917.6,2833.6,31.86,28.46,4.46,45.95,38.88,2.11
8.28,68.9986,-143.1613,Southern Ocean,10895.9,2602.7,33.46,15.1,6.89,46.53,27.01,4.61
7.81,-88.0372,61.9714,Baltic Sea,6086.0,2657.2,36.83,24.34,8.25,66.7,19.58,5.51
8.41,-14.7487,7.366,Caribbean Sea,683.5,-295.8,39.06,16.96,8.44,31.54,22.41,2.21
8.33,53.3796,-8.2415,Indian Ocean,10677.1,2786.7,38.8,29.65,1.75,45.06,36.52,9.6
8.25,-7.1998,2.9316,Red Sea,4760.0,2981.4,33.31,17.14,8.71,86.98,31.83,8.16
8.48,-39.3678,46.5351,Bay of Bengal,4869.3,1993.7,31.19,8.63,1.13,92.41,43.61,7.19
7.53,75.3512,-150.0246,Baltic Sea,4514.1,2429.3,30.66,32.49,6.23,13.28,34.41,7.93
8.49,30.2557,31.476,North Atlantic Ocean,3362.4,1203.7,30.63,3.66,8.12,71.85,13.98,8.79
7.73,7.5195,-5.058,Arabian Sea,1091.4,-160.2,35.67,15.83,1.43,33.25,21.74,3.44
7.54,76.9208,-47.0561,Norwegian Sea,9126.5,1155.9,39.14,2.61,5.29,8.57,42.72,4.19
7.95,73.6272,18.6557,Arabian Sea,2806.0,2649.2,38.66,1.71,1.26,58.37,12.24,7.75
8.19,-27.7766,-49.2012,Red Sea,5109.6,1057.6,38.04,0.2,5.22,87.4,39.25,7.04
7.8,-27.1442,-129.955,North Atlantic Ocean,2402.6,685.7,36.91,8.43,1.25,70.88,42.59,2.75
7.95,-37.0721,-156.4488,Caribbean Sea,166.1,1721.5,34.59,26.26,8.9,57.86,39.08,5.59
7.74,-38.9961,-135.8584,Norwegian Sea,5756.3,2890.7,33.19,23.99,1.81,76.76,7.05,1.17
7.5,-64.1813,56.0218,Gulf of Mexico,2065.0,1488.1,35.92,28.41,7.51,22.59,25.03,2.39
8.39,25.3357,89.3449,Red Sea,3770.6,1364.3,34.29,9.02,4.36,15.86,47.06,4.93
7.86,-36.0405,62.0881,Bay of Bengal,2488.4,1142.6,36.17,15.85,3.67,36.54,7.14,4.07
7.65,-9.329,-177.2481,North Atlantic Ocean,6533.6,949.8,31.97,21.32,2.3,84.19,47.58,7.04
7.89,-4.2062,10.8926,Southern Ocean,9196.0,965.2,38.15,10.57,3.53,52.63,32.26,4.9
7.51,30.5795,-175.3445,Caribbean Sea,708.4,2897.4,35.09,10.45,4.86,20.45,36.0,2.45
7.58,58.5174,-156.7573,Gulf of Mexico,1415.2,480.3,35.95,5.99,7.91,73.5,14.18,5.75
8.06,84.4144,-153.8722,Bering Sea,5685.7,1171.6,37.97,17.3,5.96,56.18,16.09,1.21
7.73,-10.9306,-141.9498,North Atlantic Ocean,2663.5,-78.7,32.47,32.1,4.08,14.23,3.97,9.95
8.16,63.6895,-166.3023,Indian Ocean,9398.4,1151.5,33.6,1.05,5.8,16.75,31.56,7.99
7.95,5.946,-157.1045,Bay of Bengal,7247.5,677.6,31.27,33.92,4.08,46.63,10.11,1.53
7.57,78.1785,80.7371,Norwegian Sea,8479.9,1195.6,34.49,31.16,3.48,25.15,24.43,7.25
8.03,46.8343,-3.1894,Bering Sea,9139.4,1016.2,36.61,12.49,6.93,80.31,29.13,5.64
8.13,33.4489,163.8346,Bay of Bengal,235.9,2616.6,34.29,-0.77,9.0,80.17,15.85,7.3
8.06,-14.8125,21.7869,Arabian Sea,10039.6,1628.0,37.16,-1.05,4.36,36.97,5.9,3.37
7.76,-35.3535,169.0537,Baltic Sea,10044.3,929.0,37.44,33.3,6.5,88.79,47.85,2.63
7.53,55.241,-71.8887,Southern Ocean,154.6,874.1,30.02,20.46,7.95,83.28,30.44,4.14
7.92,14.5179,-24.7449,Indian Ocean,386.1,-313.5,35.84,23.66,3.08,90.21,2.52,8.04
8.16,-75.9308,49.4422,Baltic Sea,1796.4,312.2,39.65,9.57,7.13,52.09,1.41,9.49
7.57,-11.6823,43.4874,Red Sea,10676.8,2607.9,37.02,29.62,5.43,78.84,34.77,9.72
8.42,-63.8898,-178.937,Bay of Bengal,6075.1,797.8,34.76,4.99,3.7,57.98,37.52,7.57
7.84,-85.0354,0.6813,North Pacific Ocean,4844.9,2853.3,34.49,23.9,5.59,61.18,41.1,9.12
7.85,88.5895,-20.8817,Indian Ocean,9887.4,73.7,31.94,3.12,4.27,32.85,9.31,1.1
7.83,7.6243,-103.4982,Red Sea,8197.3,2.4,38.88,33.17,1.81,52.45,20.94,5.42
8.4,56.2317,83.8301,Baltic Sea,538.4,2567.0,39.89,30.67,3.56,91.44,15.26,1.16
8.45,-8.9443,102.4859,South Pacific Ocean,10250.7,1312.8,31.83,30.12,3.03,49.99,21.66,7.4
8.39,24.3297,40.0395,South Pacific Ocean,9529.2,2484.4,31.1,34.85,8.09,0.36,3.49,3.83
8.29,88.2675,-32.1772,Baltic Sea,4595.7,578.1,33.02,6.61,6.07,56.61,28.54,9.74
7.76,27.8201,-55.6865,North Atlantic Ocean,816.3,335.9,33.22,31.87,2.8,42.01,16.7,9.2
8.24,-60.7068,-127.8596,Caribbean Sea,8455.9,1704.9,37.47,23.65,6.18,91.34,34.01,0.75
7.79,51.5821,49.3832,Coral Sea,795.3,604.0,32.26,28.07,7.21,28.09,10.21,0.72
7.88,77.2829,97.0263,Coral Sea,3966.0,-381.4,35.6,13.02,6.67,42.55,28.4,6.29
7.64,-31.9836,-133.8792,Caribbean Sea,482.8,2652.0,32.68,26.38,8.49,74.87,26.89,6.93
8.03,-49.7519,-43.9739,Baltic Sea,6237.2,2371.4,37.68,24.39,7.82,94.85,29.74,5.24
8.31,-42.3399,-27.7495,Bay of Bengal,4107.3,1340.4,33.64,25.41,7.8,29.42,15.85,2.36
8.18,-59.9447,77.2519,North Pacific Ocean,9393.3,400.8,33.56,10.54,1.75,38.92,43.9,2.47
7.88,-51.908,-147.213,Baltic Sea,6274.7,644.7,30.35,7.67,6.48,89.03,11.95,0.8
8.17,33.9277,-89.1407,Caribbean Sea,7309.8,-379.4,30.7,30.66,6.79,82.92,6.59,9.94
8.13,-23.715,52.7805,Gulf of Mexico,1873.9,-59.5,37.26,13.14,8.18,2.53,16.95,4.95
8.04,69.5187,167.0868,South Atlantic Ocean,8973.1,673.9,35.76,27.82,9.61,41.17,48.84,6.67
7.77,-25.4437,91.7626,Arabian Sea,10107.3,2395.1,31.55,23.72,3.66,39.55,28.44,7.94
7.53,75.2889,82.1096,North Pacific Ocean,8215.7,2226.7,39.55,4.78,4.25,19.7,20.09,4.46
7.54,-66.0325,-98.0857,Bering Sea,803.3,938.5,35.24,4.4,9.13,47.43,30.54,9.89
8.45,-83.9151,-62.2862,Red Sea,8898.2,2528.7,31.73,25.95,6.39,55.21,7.39,5.36
8.37,50.9337,-77.357,Caribbean Sea,8022.9,1465.6,34.01,34.57,7.27,32.41,23.41,3.89
7.74,48.1841,88.6632,South Atlantic Ocean,2091.4,2734.7,35.06,32.29,3.67,10.71,39.94,1.57
7.69,35.6571,-169.8442,South Pacific Ocean,2079.8,-420.9,31.28,5.38,8.68,94.82,9.19,3.72
7.8,-14.1423,-29.6487,Bering Sea,9665.6,2523.6,34.97,8.78,2.22,52.82,40.99,4.3
8.07,-54.0569,98.1027,Coral Sea,1417.9,1978.7,30.85,31.31,7.3,89.74,7.47,8.23
7.52,-48.554,-128.1183,Indian Ocean,233.4,685.0,33.49,30.78,5.9,29.51,37.24,6.59
8.39,54.194,159.4536,Coral Sea,2862.8,1943.5,36.47,3.02,6.1,3.22,2.73,7.89
8.27,79.3999,147.2116,Southern Ocean,5024.1,1956.9,37.74,2.68,1.15,18.19,20.06,4.11
8.03,81.2334,169.4651,North Atlantic Ocean,5549.9,1609.7,32.86,7.91,4.97,81.08,36.63,2.28
8.37,-22.5928,15.816,Coral Sea,7202.2,2687.2,35.33,26.76,8.21,25.59,18.56,0.45
8.05,27.37,-127.5734,South Atlantic Ocean,9774.8,2643.6,33.47,27.57,1.24,62.13,15.63,8.67
7.59,-34.5877,94.8238,Arabian Sea,9222.7,303.8,39.98,13.96,9.56,39.82,23.92,4.02
8.06,63.5614,123.6148,Bay of Bengal,9414.5,325.6,37.92,23.32,3.16,70.95,24.92,2.76
7.98,16.668,-151.6579,Baltic Sea,857.6,1107.3,38.15,4.53,6.93,23.46,2.09,5.11
8.19,64.9617,-20.251,Coral Sea,322.8,1872.9,39.08,1.99,6.62,31.95,6.86,6.28
7.85,44.2965,37.8378,Norwegian Sea,5137.4,2149.2,36.19,30.88,6.68,24.16,27.26,4.6
7.86,-45.6761,59.803,Indian Ocean,2899.6,2962.3,37.35,23.98,1.41,25.98,25.27,1.88
8.44,-84.454,-3.5764,Baltic Sea,8954.6,416.4,37.95,23.45,8.38,43.21,21.58,7.87
8.42,86.9721,-162.1619,South Pacific Ocean,9599.0,1382.1,32.74,1.71,9.19,15.85,20.33,0.62
8.4,-8.1649,32.7915,Southern Ocean,5134.6,227.5,39.79,26.86,7.2,2.56,2.55,2.75
7.91,-40.5653,-146.966,Bay of Bengal,7121.4,2487.7,34.51,10.75,9.09,94.94,3.62,5.08
8.25,56.1131,-153.2651,Arabian Sea,2556.1,807.1,35.61,31.19,1.76,10.31,43.54,0.77
8.44,-59.1701,-149.5594,North Atlantic Ocean,6361.2,2847.7,36.07,13.51,8.72,26.8,20.53,3.61
8.47,1.2615,160.3413,Red Sea,7509.1,2024.3,35.13,4.84,3.56,75.85,19.26,8.16
7.74,-14.5366,68.0007,North Pacific Ocean,4035.0,2104.3,33.95,9.81,9.79,64.19,2.81,1.77
7.71,-67.2123,42.3125,Baltic Sea,6861.4,-269.7,38.83,-0.53,6.02,79.85,6.12,8.76
8.0,31.5398,84.1971,North Atlantic Ocean,386.6,1540.0,30.44,28.1,5.71,39.29,11.79,3.04
8.37,68.958,-92.9366,Bay of Bengal,8653.6,-345.6,32.46,18.41,7.88,51.08,35.22,6.67
8.03,77.1755,-66.9086,Baltic Sea,6104.5,-236.0,40.0,21.91,6.31,26.99,46.26,5.1
8.29,10.0902,145.1162,North Atlantic Ocean,549.9,2823.9,32.13,1.36,7.71,3.77,28.68,9.69
7.97,-87.3381,56.7827,South Pacific Ocean,5015.6,-269.4,33.61,15.9,4.09,20.5,29.91,4.13
8.25,-20.4268,119.889,Arabian Sea,6628.2,2775.5,37.96,22.38,7.69,90.03,23.78,2.25
7.77,8.9279,160.5107,Baltic Sea,860.0,389.7,32.46,17.28,6.98,94.99,7.8,3.11
8.32,84.2994,-17.9246,North Pacific Ocean,10839.8,-431.2,37.7,0.08,9.51,64.08,17.21,7.74
8.3,-10.0624,29.3295,Baltic Sea,8170.4,2899.2,39.05,14.65,7.05,91.3,46.25,7.04
7.72,-26.6014,-69.5331,Bering Sea,2848.4,1122.9,30.56,8.26,3.25,12.07,19.92,6.12
8.37,76.1303,121.2596,North Pacific Ocean,8792.1,612.6,39.45,11.88,4.45,75.91,13.62,8.32
7.62,-10.5281,-16.5297,South Pacific Ocean,8398.8,899.3,34.95,8.63,6.89,79.18,7.53,7.25
8.27,82.1058,78.6625,Southern Ocean,2531.4,2742.7,36.01,8.55,3.09,81.07,23.87,0.62
8.35,-32.7712,23.7452,Red Sea,8681.6,383.7,32.79,26.49,4.62,85.9,44.55,2.04
8.33,44.2166,11.1269,North Atlantic Ocean,900.5,2750.5,35.05,7.34,5.42,28.55,41.7,5.24
7.74,61.8207,-123.384,Bay of Bengal,7455.2,-214.7,38.09,34.97,4.01,25.14,14.49,2.65
7.58,69.6612,80.4043,Arabian Sea,6836.5,-173.0,38.04,33.21,5.88,71.54,27.57,6.91
7.53,-36.5335,-161.1276,Red Sea,10499.0,1230.2,33.08,13.59,9.8,40.94,21.2,3.52
7.52,87.1154,100.344,North Pacific Ocean,7022.2,672.0,36.94,-0.94,3.4,98.37,9.67,5.47
8.01,43.6905,151.899,Caribbean Sea,3838.7,-428.7,38.36,13.86,3.6,98.23,47.5,9.18
7.7,-62.743,107.8472,Coral Sea,5814.0,1399.9,39.28,11.1,4.96,52.51,28.15,1.32
8.37,46.7101,-111.0478,Gulf of Mexico,10807.9,461.9,31.43,4.5,1.68,95.82,19.42,3.32
7.66,60.1024,-69.8737,Baltic Sea,1535.8,1365.8,32.2,24.01,5.45,94.56,7.98,7.64
8.17,-57.2114,-104.3159,Red Sea,7367.0,1564.6,37.28,6.26,1.35,4.58,49.76,0.56
8.42,-59.4045,-96.6505,Coral Sea,8174.9,215.3,39.11,10.44,5.67,62.65,14.28,4.65
8.46,-66.4362,113.0649,South Pacific Ocean,8765.4,2365.0,30.8,19.48,6.14,26.88,35.89,3.9
8.36,-0.7304,-157.2577,Gulf of Mexico,9575.8,1209.1,32.36,18.45,6.77,28.56,47.95,8.1
7.7,38.9907,-11.0262,Coral Sea,7271.2,2049.6,39.03,13.78,9.38,23.47,11.58,1.5
8.03,-21.7861,34.3023,Gulf of Mexico,5613.9,1584.6,31.41,26.58,4.15,2.48,11.15,9.93
7.68,-79.5336,161.7389,South Atlantic Ocean,4934.7,1452.5,35.96,10.42,8.06,54.28,42.75,9.06
8.1,-25.2562,54.8264,Baltic Sea,3268.2,2316.9,30.22,30.73,8.14,62.14,37.77,3.31
7.74,36.3503,73.7004,Caribbean Sea,10089.7,643.8,32.52,15.04,3.35,20.03,25.38,3.86
7.83,-72.4119,16.1798,Baltic Sea,2427.1,1934.8,32.72,2.73,2.24,78.07,43.04,1.76
8.05,10.197,-46.7061,Caribbean Sea,9345.0,213.0,30.14,7.5,2.4,81.79,30.78,6.7
7.62,18.6863,-52.7837,South Pacific Ocean,5617.6,1861.8,37.75,6.31,6.8,54.22,15.16,6.52
7.85,27.1757,73.2069,Gulf of Mexico,1332.0,786.2,37.21,32.05,6.49,18.86,24.79,3.48
7.84,-27.7393,-47.0728,Bering Sea,7760.1,-444.8,30.06,16.87,3.8,68.24,22.65,9.54
8.09,76.9251,61.3771,Caribbean Sea,6509.8,2585.2,30.88,23.97,4.74,21.41,16.15,7.61
8.07,89.095,16.8843,Southern Ocean,1057.1,-179.1,37.72,30.83,3.54,16.49,38.65,8.62
7.89,60.6485,19.9172,Gulf of Mexico,165.1,1241.2,32.24,19.24,2.7,67.1,26.97,3.18
8.37,-70.3513,-62.7119,Bering Sea,1340.1,2110.2,35.74,-0.34,2.48,9.35,18.45,0.8
8.14,-41.7753,-107.9324,Indian Ocean,7263.0,-174.0,39.46,0.33,5.09,77.28,42.12,6.35
8.3,-53.7809,-168.0385,Baltic Sea,5201.3,1131.1,31.91,4.02,8.11,31.97,27.37,2.66
8.07,-80.476,-84.1996,Red Sea,942.4,5.4,30.54,10.98,8.08,49.6,6.61,4.66
7.88,71.3197,23.8711,South Atlantic Ocean,7005.2,2690.6,35.9,5.9,9.93,85.91,39.65,8.33
7.88,-56.1103,119.0084,Red Sea,4670.0,1248.0,33.15,0.8,9.72,60.16,34.47,7.39
7.71,-22.284,108.5406,Bering Sea,7130.9,1120.5,36.61,12.65,5.81,7.57,49.18,5.6
8.33,-22.498,95.6967,Arabian Sea,8588.0,1584.2,39.62,30.91,1.78,0.33,35.69,8.91
8.34,49.8934,-117.2411,Bering Sea,262.7,1061.7,35.68,25.22,2.45,67.94,25.82,3.29
7.61,-9.3684,65.2424,Baltic Sea,610.7,2857.8,36.82,18.76,9.1,36.8,44.92,9.93
8.33,-23.2002,-97.0095,Bay of Bengal,8236.3,2027.3,32.25,27.02,5.12,20.18,17.1,0.65
8.32,-42.2563,-61.1452,Caribbean Sea,576.7,2465.2,37.51,10.11,8.16,51.49,39.08,1.98
8.1,4.8522,86.8604,Bering Sea,6156.5,-104.6,30.55,32.21,6.5,0.97,2.79,5.88
8.25,-69.4232,-71.9843,North Pacific Ocean,8800.8,2581.0,38.78,16.98,7.23,58.42,8.53,4.48
8.42,21.0827,45.6592,South Pacific Ocean,657.8,1220.9,34.45,17.18,9.44,5.5,28.62,7.66
7.99,58.1918,63.5004,North Atlantic Ocean,7507.2,1754.4,32.88,11.01,4.93,42.75,33.26,5.64
8.28,76.9412,167.6587,Bering Sea,1228.1,1655.3,36.03,18.89,4.38,96.35,24.55,2.37
8.46,23.6363,-122.3809,Caribbean Sea,7764.3,1704.8,38.35,32.51,3.6,25.98,34.71,4.86
7.88,57.9519,-115.6623,Bay of Bengal,8720.4,1917.2,33.99,2.04,8.13,93.29,49.18,4.8
7.95,-49.2527,-14.6299,Gulf of Mexico,1195.6,223.6,36.66,13.88,2.61,67.94,31.95,0.14
8.15,2.5524,9.342,Bay of Bengal,9697.9,1302.0,39.19,20.6,9.61,58.28,38.93,6.93
8.0,-38.8909,-41.302,Southern Ocean,8174.0,305.8,37.77,9.93,9.84,54.85,10.41,8.68
7.76,89.9593,49.1522,South Atlantic Ocean,3734.4,-129.7,39.5,25.66,4.39,12.43,25.25,8.63
8.11,-22.3501,34.2768,Coral Sea,303.0,1976.4,38.48,2.84,9.24,35.31,44.91,9.69
8.26,-49.8363,57.8818,Norwegian Sea,1538.1,1365.6,33.56,23.43,2.86,5.03,42.36,5.63
7.51,48.9779,144.7995,North Atlantic Ocean,4302.8,-285.5,36.14,13.9,7.62,11.2,7.65,0.3
7.7,-7.33,-126.9919,South Pacific Ocean,5737.5,2015.6,31.77,-1.63,5.14,33.27,44.74,4.93
8.49,-67.143,113.633,Gulf of Mexico,8317.4,243.2,39.06,34.6,8.28,85.16,28.68,9.09
8.36,51.9176,37.2046,Norwegian Sea,7375.8,1359.0,33.27,10.59,9.58,53.73,27.07,1.72
8.5,-3.1821,137.6863,North Atlantic Ocean,10390.1,149.8,35.15,15.83,5.93,22.27,30.89,7.83
8.14,52.0372,-174.1472,Arabian Sea,6713.9,1876.2,35.21,0.77,4.64,24.11,35.34,0.8
8.01,45.2169,119.0063,Arabian Sea,5150.4,-155.6,32.6,20.41,1.71,37.18,8.31,8.25
7.53,12.6447,-103.7944,Baltic Sea,5758.8,1501.2,39.39,-0.96,7.09,29.29,13.87,6.66
7.84,39.6,162.0549,South Pacific Ocean,2064.5,2749.5,38.21,16.36,3.55,62.36,10.88,9.68
7.91,64.137,-65.1596,Bay of Bengal,7721.9,2084.4,33.7,10.16,7.17,58.0,14.96,6.43
7.63,-9.2205,78.6012,South Pacific Ocean,4501.9,2132.8,32.79,4.96,3.48,58.34,38.63,1.04
7.89,82.1066,111.9905,Norwegian Sea,9237.1,2307.0,34.73,8.46,7.76,79.9,33.88,9.32
7.73,-57.2503,152.8025,South Atlantic Ocean,2797.5,2949.7,39.61,28.01,8.56,90.91,47.15,3.47
7.94,84.5119,-107.5999,Indian Ocean,6146.6,-491.9,37.87,34.95,3.29,55.94,46.73,3.47
8.09,-48.0077,43.3146,Red Sea,2810.9,1413.3,33.75,5.29,9.36,9.83,47.21,6.8
8.17,1.2601,-167.3665,Bay of Bengal,7286.3,2657.1,31.14,29.13,5.05,83.91,43.45,8.05
8.04,-5.4213,-158.7357,South Pacific Ocean,9045.1,2426.4,30.86,23.26,1.94,79.98,12.54,3.18
7.54,-79.1448,-30.7414,Norwegian Sea,4549.3,-181.5,36.8,11.45,8.02,10.54,8.07,8.2
8.42,-55.624,69.7633,Baltic Sea,3685.5,565.1,32.6,14.55,1.63,54.9,11.21,7.37
8.33,59.3873,55.5734,Baltic Sea,9915.6,49.2,36.96,33.76,9.46,45.72,25.71,4.74
8.1,-40.3287,-11.4113,Southern Ocean,5120.8,2517.8,32.54,12.58,9.5,81.32,47.93,8.99
8.35,-88.8446,37.1909,Red Sea,2322.9,1560.9,37.81,25.42,6.67,58.55,37.13,5.76
8.37,58.4121,43.1001,Baltic Sea,2072.5,2374.5,30.41,29.41,8.98,97.93,48.46,8.21
7.73,81.3688,122.1271,Caribbean Sea,2147.4,1836.5,37.65,20.08,3.4,73.35,26.16,4.76
7.77,5.7832,139.5208,Bering Sea,3378.4,1157.8,32.64,20.23,3.01,54.37,37.38,5.83
7.57,17.5781,-42.4997,South Atlantic Ocean,1418.6,2882.6,33.38,16.73,1.81,7.62,42.07,5.71
8.05,-69.625,-156.4217,Caribbean Sea,7621.9,2420.1,31.39,32.91,2.3,22.77,13.82,3.15
8.22,80.531,-93.4967,Coral Sea,5230.2,2462.0,31.7,31.45,7.42,47.3,10.82,6.62
7.61,-51.8358,-145.4487,Caribbean Sea,7582.6,2913.0,34.8,29.63,3.55,1.49,6.24,7.27
7.97,8.8618,105.1843,Indian Ocean,3473.4,21.9,37.21,28.24,9.8,37.33,2.03,2.41
8.31,83.7157,-158.5229,South Pacific Ocean,4596.0,2523.9,34.76,20.88,6.07,91.96,24.28,8.42
8.16,-9.4199,-11.7019,Baltic Sea,5988.3,2088.6,36.57,27.18,3.12,67.68,20.13,9.3
8.06,-73.252,15.0135,Norwegian Sea,4885.9,-332.3,32.96,24.51,6.04,64.94,43.75,5.0
8.03,-51.2583,118.6531,Caribbean Sea,903.5,-155.4,30.08,32.87,3.93,80.16,0.71,4.14
7.87,-77.1391,72.3999,Indian Ocean,2426.4,2801.5,31.16,8.9,6.1,10.7,5.78,8.57
7.94,-17.266,35.5124,Coral Sea,5791.5,586.3,35.49,15.39,7.16,71.73,12.36,2.39
7.79,16.0305,29.0303,Southern Ocean,10159.2,32.3,33.64,15.39,8.8,79.52,30.37,7.76
8.17,-9.1749,-10.3642,Norwegian Sea,3183.6,2691.4,34.87,33.63,2.28,28.58,36.61,3.3
8.14,-28.0002,143.6225,North Atlantic Ocean,5373.6,2273.8,36.43,28.75,4.83,66.57,28.87,3.7
7.7,-60.0661,-116.062,Baltic Sea,2361.5,1292.0,32.48,0.7,7.1,75.17,1.31,6.33
7.77,35.7918,166.8757,Red Sea,4517.7,1934.9,34.78,10.66,1.7,0.77,35.99,3.98
8.49,83.6856,37.2789,Bay of Bengal,1200.9,2995.2,35.85,6.4,9.32,96.45,32.82,3.62
7.6,-30.5531,-94.4246,South Atlantic Ocean,3558.2,310.4,32.64,30.31,5.7,66.32,11.56,4.05
8.19,3.7688,83.4353,Bay of Bengal,1458.1,474.1,37.86,32.59,3.36,13.06,8.19,4.57
8.02,-60.2804,-45.454,Southern Ocean,1535.1,177.1,37.61,7.06,4.97,64.69,17.28,6.9
7.58,-76.5889,-143.7219,Norwegian Sea,1148.9,467.0,31.25,-1.81,8.78,35.38,0.98,7.26
7.56,-59.9232,-150.631,North Pacific Ocean,8057.7,-122.9,30.39,24.99,5.78,35.02,9.49,3.33
8.3,-73.4101,23.1737,Arabian Sea,4894.6,2446.2,31.54,11.17,5.65,25.31,11.73,0.54
8.12,21.0353,51.5662,Red Sea,1737.0,69.8,36.59,23.64,5.71,59.09,22.68,4.52
7.54,27.9364,-61.4899,North Atlantic Ocean,10375.3,839.0,32.7,20.77,4.7,74.95,11.35,1.85
7.79,89.7417,69.4338,Caribbean Sea,5935.6,1504.6,34.84,-1.65,6.55,53.29,48.85,4.25
7.76,88.5129,-83.0513,Norwegian Sea,5940.5,2501.5,38.06,21.41,6.36,7.02,36.7,3.67
8.06,-10.4725,-55.7642,Baltic Sea,5841.7,-49.7,34.26,22.66,3.78,48.62,0.52,0.77
7.74,-48.7181,-97.7579,Red Sea,4242.2,1762.6,34.99,-1.96,3.69,66.23,13.65,0.46
8.29,-1.6941,48.3149,Baltic Sea,1572.9,2377.0,30.59,30.94,7.58,14.24,46.37,7.33
7.74,71.5779,-3.7269,Bay of Bengal,4461.1,2553.4,38.7,20.7,2.52,43.49,1.64,0.59
7.95,32.739,-125.9757,Gulf of Mexico,5195.2,2718.4,30.25,33.85,8.11,44.71,32.38,8.56
7.92,21.4283,170.4904,Arabian Sea,8708.8,-240.8,33.97,27.25,5.26,0.48,32.32,3.51
7.57,35.2264,142.6239,Red Sea,8041.3,1129.8,36.56,5.62,7.76,83.77,37.45,6.49
7.89,-62.515,101.7694,Indian Ocean,7809.2,1027.5,32.92,21.0,8.49,13.08,28.53,7.85
7.91,-21.3702,-145.3789,Arabian Sea,3381.5,-488.9,35.91,-1.12,9.7,57.43,39.89,8.24
7.65,-55.3757,-22.7832,South Pacific Ocean,9779.2,2045.2,33.1,8.75,5.89,88.92,39.83,1.4
8.39,80.8662,6.8869,Bering Sea,6999.0,2171.0,37.21,20.99,1.77,88.19,0.69,4.38
7.87,-54.9748,160.062,Red Sea,369.0,264.2,34.66,-1.13,7.97,70.7,37.67,5.03
8.35,-57.3061,-49.9295,North Pacific Ocean,6937.7,2504.7,35.82,10.96,7.67,80.21,32.79,2.91
8.08,73.1392,61.0605,Caribbean Sea,7516.1,607.3,36.57,26.4,2.08,93.45,40.05,1.22
7.51,80.846,19.3097,Coral Sea,9486.1,589.8,35.62,25.59,4.36,42.53,27.12,8.43
8.18,38.1898,111.5475,Caribbean Sea,9547.4,1456.7,37.61,-1.58,7.8,92.81,20.49,3.59
7.9,89.7272,-140.0129,Southern Ocean,3706.2,261.4,34.62,8.3,8.67,92.53,7.93,3.07
8.23,-80.9289,117.2342,Bay of Bengal,398.2,2135.0,36.92,3.79,9.77,31.26,35.77,7.01
8.19,39.4987,54.5675,Norwegian Sea,4535.8,411.9,36.58,30.95,6.72,74.37,45.85,1.26
8.24,-56.2734,-140.3445,Baltic Sea,6896.3,1528.9,38.9,-0.21,1.63,70.27,5.14,5.19
8.19,-22.2488,88.1128,Indian Ocean,4706.2,355.3,31.73,33.61,1.95,7.77,19.02,8.62
7.52,-37.0739,-60.0743,South Pacific Ocean,3779.5,702.1,37.42,29.95,10.0,83.52,47.03,4.97
8.47,66.4225,-151.2706,Coral Sea,4882.0,2766.0,35.11,28.45,9.63,15.71,33.98,9.47
7.96,-68.8664,-21.6203,South Atlantic Ocean,6593.9,1130.7,30.29,-2.0,9.0,23.1,31.88,3.71
8.39,-34.3862,-116.686,Norwegian Sea,8388.4,1878.5,39.52,-0.24,4.28,58.33,45.01,9.63
7.66,46.1615,-82.0668,Norwegian Sea,155.1,269.9,35.57,29.0,6.36,71.22,27.18,0.42
7.86,44.6878,179.2901,Bay of Bengal,6865.4,1948.2,31.26,16.35,3.71,77.38,24.13,8.35
8.47,7.4255,-125.5579,Bering Sea,1385.2,2922.3,36.92,29.77,8.72,35.02,49.68,6.68
8.38,56.3341,-42.9012,Baltic Sea,9350.4,1974.0,35.33,26.87,4.33,50.13,28.61,1.82
8.3,-74.7167,58.4565,South Atlantic Ocean,6102.9,1211.5,30.77,22.23,6.82,42.1,45.37,0.76
7.79,-89.129,170.9508,Southern Ocean,4376.1,-84.1,34.11,1.32,7.04,20.91,38.35,0.68
8.21,-71.4148,-45.2614,Bay of Bengal,8851.4,1378.7,34.97,27.61,7.34,26.99,27.71,6.79
7.74,57.2932,-103.4393,Gulf of Mexico,8049.5,343.2,39.55,1.7,5.25,62.32,26.32,3.76
8.17,-0.7739,-33.7923,Norwegian Sea,10075.3,2102.6,36.42,27.54,6.21,80.14,30.93,9.31
8.47,-20.8249,-122.3998,South Atlantic Ocean,7972.8,646.6,36.38,-0.99,1.41,60.59,38.56,3.3
7.85,-47.8144,175.1379,Southern Ocean,1896.0,41.7,39.08,15.07,2.06,47.43,24.04,9.13
7.99,-66.6307,-9.0009,Indian Ocean,9584.8,-4.8,30.21,27.16,6.13,75.09,36.13,9.52
7.9,14.2775,57.9245,Red Sea,1038.8,17.2,33.95,-1.27,9.62,9.95,39.15,5.48
7.6,25.2857,-51.2936,South Pacific Ocean,8829.5,1931.4,34.67,19.12,9.93,56.65,32.98,4.32
8.45,-81.0063,-86.5408,Red Sea,10342.1,-326.3,36.34,33.44,1.31,48.02,2.1,4.13
7.89,-76.8895,-146.4407,Gulf of Mexico,10456.5,2870.8,39.26,24.0,1.48,20.87,40.71,2.62
8.46,41.141,101.1835,North Pacific Ocean,7453.1,192.1,30.31,30.76,9.27,29.17,15.98,2.17
8.22,-11.6633,22.8314,Arabian Sea,9961.7,655.0,30.44,2.32,7.53,72.31,10.16,1.44
7.72,-33.0365,-105.0973,Arabian Sea,10607.7,96.4,33.8,13.69,1.62,50.48,31.19,5.83
8.11,-2.9558,60.6913,Southern Ocean,8521.4,2591.8,36.6,20.18,1.46,84.3,33.27,9.19
7.59,-54.9034,-91.7578,Coral Sea,3992.8,-373.0,32.03,0.82,1.97,3.0,19.08,2.22
7.7,-85.3224,-103.6631,Bering Sea,3327.7,2007.3,35.67,1.27,5.32,35.74,31.54,3.78
7.61,-27.3618,134.032,Southern Ocean,2731.6,-106.3,31.39,11.47,6.73,29.74,25.68,7.51
7.56,-31.1676,-1.9911,Gulf of Mexico,5117.8,2998.8,33.35,27.59,5.26,25.0,33.6,1.31
8.12,-17.5707,11.5209,Arabian Sea,7348.6,858.1,39.89,17.36,3.45,62.01,25.51,6.82
7.77,0.734,96.9964,Baltic Sea,477.4,628.4,32.62,12.82,2.96,45.85,4.91,3.75
8.26,54.0135,-7.456,Baltic Sea,7611.5,867.9,37.39,28.09,4.06,81.8,1.47,5.31
7.84,72.9104,-93.9374,South Pacific Ocean,3592.6,779.4,37.13,1.2,2.43,5.24,23.06,2.63
8.37,-57.9983,83.3187,Caribbean Sea,3846.1,111.4,33.81,17.55,1.6,50.77,3.26,8.82
7.94,-18.4362,125.7222,Coral Sea,2499.2,2550.2,34.46,20.14,1.09,19.88,5.88,4.17
7.85,-85.7649,48.3803,South Pacific Ocean,1463.5,1715.4,38.02,19.13,1.59,20.58,29.51,9.16
7.54,26.2588,108.6974,Baltic Sea,7506.8,718.9,30.6,5.36,6.38,1.21,43.45,2.35
8.23,-27.3377,-169.6384,Arabian Sea,1589.7,812.3,37.51,31.27,4.34,25.8,35.21,6.8
8.48,-12.3204,-4.4834,Southern Ocean,6876.0,-240.7,35.5,12.57,1.78,75.59,30.2,1.1
7.76,-77.9867,-30.0412,North Atlantic Ocean,9614.2,860.7,39.21,32.91,5.62,67.97,40.86,1.53
8.15,61.7684,-159.0727,Southern Ocean,9271.0,2183.1,35.1,4.84,6.03,51.94,34.56,4.74
8.17,41.831,-104.695,North Atlantic Ocean,3976.0,926.2,34.86,7.51,5.36,77.98,25.76,2.06
7.94,-60.8358,-24.502,Norwegian Sea,8087.0,1077.7,38.88,3.87,2.46,11.83,42.34,8.19
7.84,-88.9596,65.272,Caribbean Sea,6518.3,149.4,34.29,34.0,9.02,26.6,17.45,9.58
7.55,-68.9746,-40.754,Bay of Bengal,2179.6,37.0,35.18,0.33,3.56,98.15,16.02,3.75
8.45,-1.5829,80.2584,Caribbean Sea,2930.9,1970.6,36.95,15.13,8.24,72.12,43.32,7.68
8.01,56.1636,62.7319,Red Sea,5397.8,1883.2,33.06,15.26,7.01,40.53,2.46,9.89
7.81,39.5474,166.1544,Bay of Bengal,10181.5,1682.5,37.95,12.83,5.06,41.71,15.94,2.05
8.38,24.9018,-129.0531,Norwegian Sea,6918.2,2204.2,37.79,22.25,3.3,59.52,16.58,3.71
7.64,53.7991,170.6081,South Atlantic Ocean,5637.8,1137.7,38.26,28.13,6.86,1.2,17.09,4.94
8.2,2.1162,-150.8373,Southern Ocean,7106.5,-63.9,39.76,2.36,9.38,70.84,17.07,7.04
7.62,29.7915,112.9543,Baltic Sea,1665.5,1411.2,38.78,2.95,8.29,6.31,9.4,8.77
8.23,60.2751,-67.4768,South Pacific Ocean,1368.5,387.6,36.61,7.2,7.49,50.15,23.17,4.2
8.1,9.7918,-28.055,Bay of Bengal,10677.7,1955.0,32.14,34.57,3.49,62.47,19.43,6.64
8.07,18.9653,-80.7497,Indian Ocean,9209.4,1795.9,35.45,29.29,7.5,60.75,28.81,7.63
8.06,22.0026,113.2362,Arabian Sea,6041.9,383.0,31.72,0.94,8.12,90.22,26.12,3.5
7.94,77.2478,-8.9197,Red Sea,5136.0,2529.2,36.45,29.24,1.62,22.29,13.79,9.22
8.4,-8.1191,62.1241,Coral Sea,3757.9,2629.3,37.81,33.16,6.2,18.94,14.45,4.84
7.54,-73.7014,162.5763,Coral Sea,5875.0,1905.1,31.97,20.84,5.63,67.36,23.98,3.81
8.38,66.7343,-47.7499,Red Sea,10531.0,968.5,30.61,23.31,8.15,46.38,35.23,4.19
7.93,-79.9402,-6.4319,Arabian Sea,722.1,1593.9,30.03,19.51,6.92,76.04,36.22,4.26
7.83,-81.6962,-155.7856,Bering Sea,6449.9,665.7,39.67,8.53,7.12,45.71,27.66,3.02
8.1,-54.861,35.7953,Red Sea,10454.8,700.6,32.28,-0.34,5.26,58.57,41.56,6.49
7.72,-76.7847,-66.0488,North Pacific Ocean,8481.6,1214.5,35.82,1.05,9.46,2.32,41.75,9.26
7.95,3.9208,39.8937,Caribbean Sea,8653.1,592.8,32.73,31.06,1.87,74.42,45.01,4.72
8.13,67.6817,-71.0359,Gulf of Mexico,7077.0,2022.7,34.96,15.2,2.74,95.08,30.32,5.98
7.87,-46.0568,-140.7069,South Pacific Ocean,10222.7,-7.4,31.37,-1.86,8.75,12.39,38.33,4.96
7.82,-80.9807,-69.5785,Gulf of Mexico,10256.4,-191.0,34.71,21.19,2.16,19.84,24.51,8.42
8.09,-44.6362,115.4286,Southern Ocean,5692.2,1355.7,39.38,16.53,4.18,81.15,33.85,2.32
8.13,-37.7509,-114.2968,South Pacific Ocean,8207.8,1107.8,39.56,1.67,1.27,8.5,49.68,4.84
7.81,65.8528,-116.5097,Arabian Sea,10868.7,737.3,34.2,22.01,4.77,15.01,44.69,5.51
8.15,28.3101,116.3551,Caribbean Sea,4935.4,2608.9,36.5,29.71,8.01,14.96,26.99,5.73
8.34,-63.2922,-87.0468,Red Sea,3936.9,1324.3,36.41,33.18,9.58,31.72,43.27,8.92
7.61,-37.892,-60.4298,Arabian Sea,1209.8,2418.5,36.38,27.16,4.75,57.67,0.32,9.31
8.44,23.3831,14.5231,Gulf of Mexico,7340.8,2167.1,35.35,1.57,2.01,53.2,4.8,6.37
7.57,-80.4121,-27.4449,Gulf of Mexico,1543.7,1343.2,34.34,11.98,1.6,59.17,48.37,7.83
8.02,32.2285,115.6233,North Atlantic Ocean,6082.4,2448.3,31.76,23.84,5.96,8.58,19.7,5.51
8.4,67.3681,27.9289,Arabian Sea,663.7,1608.5,35.75,20.61,7.17,20.0,21.86,3.71
7.76,66.0982,77.3876,Coral Sea,10943.0,255.2,30.32,17.08,1.57,88.16,5.48,9.45
8.2,-79.3546,75.059,Norwegian Sea,7285.1,860.7,39.29,30.21,7.32,3.1,20.0,4.84
7.54,55.5259,-152.2917,North Atlantic Ocean,606.6,2628.6,39.4,31.23,5.45,84.97,39.99,8.81
7.98,0.2637,170.7601,South Pacific Ocean,7887.2,627.2,39.58,-1.38,6.37,4.66,22.94,1.29
8.13,0.0612,-154.4668,Southern Ocean,6699.3,-320.4,30.66,5.77,9.46,45.26,5.65,6.61
8.04,14.0952,161.5952,North Atlantic Ocean,7656.4,2711.1,33.81,15.33,2.68,27.44,44.08,6.97
7.68,-16.4806,175.5736,Gulf of Mexico,8934.2,1321.9,37.05,3.78,2.09,10.34,42.51,7.66
7.52,38.5467,-86.0775,Caribbean Sea,7762.4,2206.0,32.35,11.27,8.94,9.28,17.2,8.58
7.95,-32.016,51.7406,Red Sea,1869.2,1104.9,38.1,13.91,7.58,1.21,26.48,1.03
7.68,44.4955,-160.8408,Caribbean Sea,2938.9,1712.5,32.36,12.63,3.55,89.77,36.63,4.11
7.87,76.7142,65.0272,South Atlantic Ocean,2054.5,1553.1,30.38,19.25,2.41,13.79,42.76,3.05
8.34,-66.9261,-112.59,Southern Ocean,7803.2,-160.3,33.18,11.61,7.59,59.99,48.31,4.88
8.05,-9.8734,158.781,North Pacific Ocean,4419.9,39.0,34.08,19.33,1.63,50.88,37.0,4.6
7.58,-86.6268,55.8188,Baltic Sea,695.5,2418.6,32.53,27.43,2.33,33.82,4.23,1.41
8.22,-10.7102,95.4511,North Atlantic Ocean,5353.9,-60.9,35.32,31.4,9.39,39.87,15.64,0.51
7.95,-11.2987,160.428,Baltic Sea,4935.0,542.3,34.68,26.53,6.47,92.21,26.17,0.55
7.54,40.7689,128.8151,Bering Sea,6188.4,1608.8,39.98,6.18,1.48,59.42,10.96,4.71
8.22,-26.1988,-11.7361,South Atlantic Ocean,10048.9,2709.5,39.08,29.68,9.44,78.02,25.42,4.63
8.39,69.6128,-118.5505,Red Sea,8893.4,862.1,38.76,24.94,4.63,35.85,39.55,8.47
8.25,-18.209,-63.7518,Indian Ocean,8348.6,1319.2,30.81,33.28,9.19,37.07,27.04,0.33
8.48,9.4681,31.989,Bering Sea,2268.3,2883.7,33.16,28.21,7.33,74.93,49.45,4.53
7.66,-43.2765,88.5661,Arabian Sea,9978.8,2132.0,34.19,8.08,6.13,39.21,45.61,1.87
8.06,-61.912,-88.2182,Coral Sea,4038.8,641.7,36.93,-1.31,8.84,2.8,32.79,3.89
7.59,28.3786,-18.5998,Coral Sea,4858.0,2109.4,39.55,11.21,6.86,78.64,37.76,9.42
8.48,-14.2609,-51.3336,Southern Ocean,367.3,703.3,38.79,2.57,1.77,38.66,16.45,0.82
7.72,21.1287,-10.0502,North Pacific Ocean,7165.4,1837.9,34.36,13.88,3.32,46.69,20.3,0.66
8.44,19.5549,-61.0294,Bering Sea,10373.6,133.2,30.1,22.06,2.25,59.03,0.21,6.31
7.96,-1.9343,-123.0719,Baltic Sea,2847.8,-171.1,36.96,14.45,4.57,4.35,42.57,2.24
8.29,-35.6308,-4.9692,Caribbean Sea,2425.4,876.2,37.78,19.28,6.55,53.96,48.76,4.42
8.45,-54.5665,161.9197,South Pacific Ocean,2132.0,194.5,39.02,19.12,3.59,50.2,15.93,5.9
7.73,-57.1879,-141.6772,Indian Ocean,3378.5,2389.4,30.64,15.82,7.27,5.25,4.38,5.27
8.32,6.6986,120.8079,Gulf of Mexico,8188.3,1642.5,37.81,20.13,9.04,41.97,26.44,1.73
8.39,-36.5955,84.6108,Baltic Sea,9268.0,-258.1,32.76,8.8,6.29,71.9,21.53,4.91
8.05,10.6181,-61.4583,South Atlantic Ocean,8054.1,837.8,38.99,34.7,5.08,39.86,7.31,6.23
8.17,53.3397,-130.4477,South Pacific Ocean,3397.9,1007.8,35.46,13.91,4.23,95.74,33.1,9.79
7.94,0.0356,155.5682,Caribbean Sea,7192.9,2399.0,32.4,27.49,2.98,29.99,36.82,7.9
7.93,-5.1857,-43.4538,Coral Sea,6642.0,2611.7,39.61,27.08,2.83,46.22,12.46,2.56
7.66,81.0252,-23.5211,North Pacific Ocean,5388.7,939.0,39.77,11.79,2.47,22.4,39.46,6.39
8.19,-22.3304,-64.8873,Coral Sea,5707.9,2311.1,39.25,5.69,5.14,82.77,20.71,7.16
7.67,-84.6482,125.2761,North Pacific Ocean,5778.0,2178.1,35.0,16.5,9.1,17.05,15.69,0.19
7.68,68.7072,-98.2246,Coral Sea,2001.3,-234.0,30.8,11.83,7.16,52.6,4.66,7.25
8.0,-49.6012,93.5356,Caribbean Sea,10206.3,-81.8,36.89,15.43,2.86,38.69,9.75,6.8
7.96,17.5344,-91.4998,Red Sea,7360.9,487.6,38.85,32.4,3.21,41.91,45.02,2.84
8.15,78.7703,-57.1044,South Atlantic Ocean,9860.6,1938.8,37.64,19.91,2.53,76.52,23.99,4.08
8.02,44.0573,152.9285,North Pacific Ocean,3367.3,-146.9,36.53,20.75,2.13,68.37,49.42,4.37
7.82,60.0922,42.2539,Bay of Bengal,4530.0,1703.6,35.7,21.94,8.99,28.82,31.52,7.12
7.56,-13.7745,69.1825,Southern Ocean,3759.9,-499.0,39.58,-1.65,6.67,63.79,4.75,0.94
8.09,-7.3498,45.3804,Bay of Bengal,9353.2,1836.8,39.76,25.84,3.32,31.29,32.92,9.16
7.99,-79.3041,-115.7959,Coral Sea,6478.6,2848.3,36.46,15.93,3.8,3.88,6.41,0.11
7.58,30.3652,59.611,Red Sea,2557.2,2558.4,32.67,23.16,4.14,94.86,41.92,4.12
8.2,43.9673,14.047,Bering Sea,5592.9,2210.2,34.32,12.77,6.6,52.74,40.34,0.56
7.75,5.334,117.85,Gulf of Mexico,6084.3,495.4,31.94,-1.91,6.76,78.3,13.29,2.84
7.53,63.5,175.7733,Red Sea,9412.7,-323.9,32.08,19.08,2.48,70.81,37.23,0.59
7.51,-70.3014,44.4021,Southern Ocean,2911.8,2600.1,32.12,13.79,6.38,98.64,36.44,5.32
8.04,-74.1639,-59.6359,Red Sea,2959.1,-70.0,30.08,22.48,2.7,64.67,15.28,9.0
8.43,-66.7374,128.9201,North Atlantic Ocean,1573.6,-356.1,30.04,11.67,1.15,96.18,30.64,2.86
8.35,65.3314,124.1574,Indian Ocean,1543.5,1513.4,38.01,18.12,3.08,86.48,0.52,9.68
7.6,-56.3699,127.9254,South Pacific Ocean,1122.6,1369.0,34.61,7.48,8.1,29.05,18.7,4.41
7.82,-76.9476,-50.9731,Bay of Bengal,270.4,131.6,30.3,22.68,8.2,98.74,7.74,8.52
7.81,52.8131,-31.2388,South Atlantic Ocean,2448.8,1323.3,38.3,4.53,2.35,70.75,5.67,6.55
8.35,35.6261,97.0744,Arabian Sea,2836.4,390.0,34.59,26.82,5.95,29.18,33.86,2.05
8.3,-61.2494,-27.837,North Atlantic Ocean,6268.9,2185.9,33.86,2.99,6.34,1.06,3.05,5.77
8.47,47.4111,-3.671,Caribbean Sea,2893.9,2429.2,30.29,9.67,4.94,0.44,5.32,7.99
8.02,-37.0115,-176.5096,South Atlantic Ocean,10181.6,629.9,33.52,7.96,7.95,55.81,27.75,2.31
7.51,-84.7216,140.3822,Red Sea,498.5,2838.8,30.16,19.52,8.58,3.14,44.45,5.58
8.4,-83.7236,-8.8202,Baltic Sea,4683.8,872.0,31.43,13.0,6.14,36.33,31.68,7.25
7.54,-68.1943,144.8744,Gulf of Mexico,1905.8,2754.9,35.04,19.74,1.15,56.2,13.54,1.58
8.33,57.4781,169.6943,Arabian Sea,489.1,1498.2,34.28,5.73,9.5,12.59,41.73,5.87
8.02,-18.4594,-122.9588,Gulf of Mexico,4199.3,62.7,30.69,8.54,3.15,2.14,24.33,6.27
8.47,-22.0183,-149.3927,Indian Ocean,7401.1,1001.9,30.41,14.67,5.61,50.35,5.45,1.28
7.74,52.7975,60.7119,South Pacific Ocean,9957.3,688.2,36.46,12.38,4.72,0.28,47.07,5.47
8.01,26.3294,-88.4969,North Atlantic Ocean,360.7,2285.1,31.86,5.69,3.89,12.74,18.13,4.6
7.51,68.8174,-21.5358,North Atlantic Ocean,8869.5,2291.6,39.35,-0.54,2.92,78.2,39.56,5.69
8.1,-85.5214,-177.1404,Red Sea,1663.7,2430.6,35.8,25.14,7.47,23.31,37.71,7.01
7.57,-60.0797,-25.8696,Arabian Sea,4154.6,-188.2,31.48,-1.64,2.04,19.72,31.7,6.47
7.57,63.6877,169.5694,Baltic Sea,7125.4,-327.0,37.38,17.27,8.79,57.52,17.13,5.39
8.23,82.8915,-145.1805,Caribbean Sea,3081.4,2693.3,37.77,15.71,7.29,63.52,38.92,5.33
7.69,-36.9328,67.4086,Coral Sea,10009.5,277.1,36.22,30.33,6.44,45.27,44.96,7.9
8.48,-83.3962,11.8732,North Pacific Ocean,5905.6,812.3,37.22,23.66,6.08,93.14,48.02,8.58
7.9,-88.03,125.8202,Bay of Bengal,6873.5,1262.2,39.53,-1.23,5.13,3.02,16.76,6.0
7.98,-84.7909,54.5784,Bay of Bengal,2003.5,2824.5,31.94,1.68,2.17,94.19,28.22,3.08
7.81,28.6092,-179.9472,North Pacific Ocean,4891.7,1848.1,37.97,24.73,6.77,13.71,39.53,0.04
7.78,-44.6956,62.2523,Arabian Sea,17.4,617.5,34.17,6.46,4.02,95.4,49.58,5.94
8.37,-23.2661,114.4443,North Atlantic Ocean,5543.3,1750.9,34.47,2.77,8.22,79.68,23.29,9.12
8.39,-23.2539,83.4266,North Pacific Ocean,5451.1,2887.9,36.24,11.53,5.29,33.21,10.59,4.37
7.71,-45.3942,83.2278,Indian Ocean,4284.5,-423.8,34.14,32.89,6.34,25.7,44.66,5.87
7.54,-57.6212,137.6255,South Atlantic Ocean,6535.3,213.3,30.5,12.36,8.31,79.56,40.38,8.82
7.78,4.0114,38.4501,South Atlantic Ocean,8242.8,1676.9,30.95,21.55,3.88,38.19,45.25,5.71
8.32,-77.6886,60.8261,Baltic Sea,605.3,-424.9,37.4,7.96,2.75,94.12,2.55,4.51
8.0,-7.5753,12.9414,Southern Ocean,3018.6,2535.2,31.94,26.69,6.94,80.89,10.45,2.97
8.29,-14.4851,160.4806,North Pacific Ocean,1658.5,906.3,33.51,11.93,8.86,37.44,15.41,0.9
8.33,-37.6916,62.1937,North Pacific Ocean,2892.8,2244.6,31.34,29.38,8.64,63.94,30.3,3.62
8.32,-75.2211,-78.3905,Norwegian Sea,1759.4,2067.7,34.75,25.36,9.7,41.73,42.65,8.73
8.08,28.2227,124.0108,Norwegian Sea,8824.2,1664.5,31.48,2.16,4.93,25.61,39.93,0.77
7.67,18.4012,-58.5302,Coral Sea,647.9,1595.8,39.51,7.05,7.88,72.28,16.31,1.52
8.13,43.5935,130.0993,Bering Sea,1372.3,2977.6,39.8,8.24,9.67,50.02,38.65,0.44
7.8,5.782,-118.4138,Gulf of Mexico,6624.7,-294.9,31.39,9.22,6.78,67.42,31.2,4.88
8.26,1.9627,-111.6772,Caribbean Sea,10928.7,963.0,36.29,26.36,5.46,33.15,16.68,6.59
7.7,-46.0827,8.9477,Southern Ocean,10121.8,2404.4,38.63,10.49,7.7,1.91,4.86,9.25
8.15,-18.3948,-47.5493,Baltic Sea,6764.4,1020.9,34.63,18.37,2.65,23.28,31.91,9.34
7.59,6.4958,162.2107,Norwegian Sea,4387.0,2106.5,30.15,28.64,5.48,83.46,31.98,9.85
8.3,-76.7943,76.9589,North Atlantic Ocean,4256.0,2170.6,30.62,0.76,6.27,76.12,6.89,9.74
7.81,36.6846,-3.8326,Norwegian Sea,9525.3,-53.7,36.53,8.97,7.15,84.51,47.87,7.02
8.47,77.6318,168.5241,Bay of Bengal,375.4,2727.0,36.58,33.8,2.38,71.77,2.82,5.57
7.96,84.5221,158.8707,Bering Sea,3185.2,1213.2,36.48,30.59,3.75,46.63,35.23,6.45
7.76,56.1699,-101.2351,Gulf of Mexico,1551.2,2112.1,35.34,27.28,3.71,87.73,48.34,0.41
7.63,55.6679,-93.8024,North Pacific Ocean,2245.3,2832.3,39.39,5.87,5.17,70.54,34.65,3.85
8.49,-60.2501,109.9026,Red Sea,872.8,1538.5,36.8,28.71,5.26,32.19,36.58,3.98
7.9,-31.0326,-24.3726,Baltic Sea,2840.5,1749.2,30.04,33.5,6.03,7.83,2.28,5.43
8.17,47.0785,-125.7814,North Pacific Ocean,2654.5,637.3,35.84,21.6,8.63,10.12,39.49,3.39
7.82,-83.2918,150.9009,Coral Sea,2860.2,1812.0,37.0,1.59,8.01,40.48,5.14,3.18
7.73,-75.1522,86.5636,Indian Ocean,2469.0,-157.0,32.95,33.35,1.85,11.63,5.76,9.53
8.07,24.974,-43.3532,Indian Ocean,2474.0,388.8,37.5,-1.96,1.09,95.87,19.5,2.61
7.9,-11.8258,175.5924,Arabian Sea,8990.0,2382.2,37.3,24.19,1.76,36.85,24.24,4.33
7.98,32.9506,42.8309,Indian Ocean,8032.0,1199.1,32.35,16.3,6.28,17.48,17.19,3.03
8.21,-43.7913,5.3707,Indian Ocean,7537.7,-182.5,39.95,13.85,4.01,73.09,13.39,4.05
7.78,-75.4085,8.2931,Baltic Sea,2621.3,2284.5,34.68,30.31,8.13,59.15,12.96,3.0
7.65,59.2911,-56.2846,Indian Ocean,6585.3,2208.0,33.87,11.14,7.0,60.81,37.36,7.52
8.04,50.8797,-64.4255,North Atlantic Ocean,8237.6,-51.7,32.9,2.88,2.81,42.44,46.8,6.36
7.62,-6.7346,169.5274,Caribbean Sea,2314.6,1498.6,37.54,5.18,2.99,98.79,30.59,7.99
8.18,68.4862,133.8778,Coral Sea,4593.8,1894.1,30.67,7.48,8.14,48.43,46.57,4.56
8.09,-49.8722,-78.0153,Arabian Sea,6300.2,370.6,39.32,14.12,6.96,7.6,3.31,9.29
7.73,-23.9122,153.9536,South Atlantic Ocean,2760.5,2669.7,33.71,6.42,4.16,27.49,38.94,1.84
7.77,-46.3136,-150.5776,Red Sea,8024.6,1394.3,39.47,1.8,9.34,49.99,22.29,7.22
7.69,-74.4117,-76.3761,Indian Ocean,6381.0,2924.7,36.76,4.02,4.49,61.16,5.53,4.82
8.39,27.5029,150.0008,Baltic Sea,3358.8,2758.8,35.74,4.01,1.94,54.2,45.42,1.16
7.82,16.479,-157.7636,Gulf of Mexico,3988.3,2758.7,38.76,32.79,2.88,51.83,17.45,5.65
8.41,-9.9751,153.4021,Southern Ocean,4021.1,159.0,38.84,10.94,3.32,2.4,31.08,9.88
7.52,64.796,-52.0982,North Atlantic Ocean,5168.0,870.6,36.88,15.04,9.56,32.35,22.01,7.43
7.89,-1.1413,-115.1372,Bay of Bengal,5986.1,-436.9,32.16,28.11,5.19,71.99,6.04,0.43
8.4,-8.9544,-121.6434,Gulf of Mexico,5265.3,2398.4,30.77,17.38,6.87,48.92,28.24,7.8
8.22,32.6647,-31.025,Norwegian Sea,1669.2,1454.3,36.91,3.66,2.24,30.89,17.77,0.5
7.56,-83.203,72.3916,Indian Ocean,7318.4,354.5,36.78,27.46,5.68,28.7,35.73,5.04
7.99,-39.8489,52.6035,Red Sea,1143.8,2150.2,38.72,23.32,8.71,79.82,45.07,0.73
7.63,60.0616,-64.9757,South Pacific Ocean,1842.3,2750.1,36.72,33.41,1.01,22.16,9.53,3.57
7.64,-66.6284,-26.2626,Baltic Sea,7203.5,1514.1,30.56,7.83,7.38,38.4,19.31,8.0
7.94,57.4226,-88.1942,Bay of Bengal,4929.0,1428.7,37.26,3.91,8.23,33.97,12.67,7.51
8.38,24.2274,-33.4071,Caribbean Sea,6273.9,1326.5,33.09,21.39,1.25,0.57,31.93,3.54
7.86,54.2134,-110.1809,North Pacific Ocean,3048.5,2960.0,30.85,3.56,4.89,56.49,15.24,2.97
8.18,-75.948,93.2925,Caribbean Sea,750.4,2034.9,39.76,27.8,4.88,35.48,21.5,5.83
7.73,36.978,-40.0276,Red Sea,10336.0,2038.0,39.65,15.5,8.94,54.86,25.36,8.48
7.9,50.1568,-52.2758,Indian Ocean,5716.3,255.2,39.82,33.95,4.59,58.13,20.13,2.99
7.62,-85.4658,44.9347,North Atlantic Ocean,5053.1,1924.0,31.96,4.42,8.65,13.27,20.41,1.59
7.63,40.9353,-85.4345,Coral Sea,10275.5,2356.7,33.04,26.07,2.96,74.47,6.77,9.04
8.15,-2.1887,-31.3795,Baltic Sea,10820.9,-104.5,39.85,6.8,1.14,62.72,8.24,3.75
7.51,-87.6778,-149.5041,Arabian Sea,608.5,2305.9,36.58,11.04,3.69,80.01,44.16,6.69
8.21,26.4565,-130.4097,Caribbean Sea,3516.3,2906.0,33.71,14.89,9.19,32.94,5.32,2.51
8.36,-46.5328,8.1623,Caribbean Sea,7011.8,1626.4,36.02,8.36,3.72,37.52,39.89,1.89
7.75,83.708,179.4214,South Atlantic Ocean,9829.5,2431.6,38.71,25.65,3.24,12.39,33.49,6.56
8.37,86.0549,21.1345,North Atlantic Ocean,6431.4,1602.7,37.2,11.18,1.64,10.49,38.46,3.74
8.23,-89.4485,-15.5848,Bering Sea,10823.6,-493.4,33.0,13.27,3.42,42.95,48.74,1.63
8.32,-65.8305,-96.5237,Indian Ocean,7500.3,1469.4,31.09,18.55,1.19,16.81,5.68,1.11
8.29,2.6239,-47.7276,South Pacific Ocean,116.6,2814.0,36.25,20.1,2.17,83.05,2.63,2.41
7.5,23.1244,105.5929,Bering Sea,5400.9,1711.4,30.28,20.97,8.67,76.95,36.69,3.03
8.18,23.8478,-13.1971,North Pacific Ocean,10510.2,1696.8,30.36,22.09,5.69,50.08,8.01,4.66
7.95,39.747,67.95,Indian Ocean,1976.1,2213.6,34.49,18.48,6.24,5.56,29.57,8.45
8.49,-58.505,-60.5945,Indian Ocean,10292.4,1217.3,37.3,18.61,3.49,61.92,22.96,6.22
8.08,-36.0222,-108.7274,South Pacific Ocean,2950.6,2513.9,33.51,19.23,8.8,88.81,43.25,1.04
8.1,6.8506,10.9731,South Pacific Ocean,10043.0,744.1,30.09,32.64,3.16,22.26,40.6,7.9
8.5,-64.5064,-52.6363,North Atlantic Ocean,6709.8,1245.5,39.76,4.65,1.35,28.9,24.13,0.14
7.77,56.039,-139.8785,Southern Ocean,4045.7,2735.7,32.86,19.37,3.53,80.48,21.35,3.01
8.27,51.2258,-56.0395,Norwegian Sea,10017.3,2497.1,38.34,34.77,9.49,92.73,20.98,5.29
7.56,32.7737,-31.1452,Norwegian Sea,966.2,67.8,36.05,33.29,2.69,42.38,29.17,7.33
7.99,-30.1941,84.3619,Coral Sea,8121.2,1682.6,34.33,27.0,8.35,35.77,25.71,1.11
8.13,14.6875,-27.9655,Coral Sea,6527.9,2523.8,33.99,8.98,7.14,96.34,25.83,1.2
7.71,-89.0532,150.7159,Southern Ocean,4165.5,2971.0,37.8,27.13,9.81,64.68,39.11,9.49
7.97,18.0022,48.6491,Southern Ocean,5896.7,2989.8,34.24,34.59,6.34,57.48,28.38,8.17
7.96,-81.0559,136.5159,South Pacific Ocean,8389.8,894.9,36.31,29.48,5.18,67.06,45.61,1.14
7.78,-50.2729,-108.6989,Red Sea,1288.1,2244.1,36.43,6.89,1.89,74.25,28.26,6.34
8.11,-27.3039,115.8045,Indian Ocean,2910.7,2944.5,33.89,15.34,7.08,86.92,48.39,9.47
8.18,26.1906,-149.9196,Caribbean Sea,4190.9,2161.4,30.69,23.09,3.09,40.2,45.23,7.57
7.59,-46.4404,83.0176,North Atlantic Ocean,8056.5,817.6,30.85,0.75,2.79,42.06,19.54,1.87
7.65,-66.5008,-60.2072,Indian Ocean,9920.6,1534.9,38.57,33.08,3.13,37.87,46.66,9.51
8.46,-0.6435,-72.1682,North Atlantic Ocean,10261.3,2439.4,32.1,10.74,3.33,69.23,21.62,9.82
7.54,45.1498,57.932,North Atlantic Ocean,4182.3,2453.1,37.63,17.01,8.19,37.0,5.24,6.38
7.61,-19.6928,-155.3705,South Atlantic Ocean,5035.1,1893.1,31.3,20.91,5.46,69.34,12.85,7.44
8.31,64.5031,163.1524,Bay of Bengal,9980.2,637.8,39.44,6.14,9.0,61.27,11.17,2.86
8.31,79.4268,-96.0346,Caribbean Sea,614.9,2430.7,31.08,8.66,8.78,82.4,17.74,7.39
8.45,38.528,113.4652,Coral Sea,8070.7,120.2,30.09,11.05,4.92,2.06,37.43,3.11
8.37,55.3537,64.4736,Indian Ocean,6555.1,2060.6,37.54,25.11,4.0,10.96,45.17,0.47
7.72,9.7515,-33.1964,Caribbean Sea,2004.1,2979.5,38.84,27.93,4.03,41.61,20.84,7.08
8.18,13.692,79.3182,North Pacific Ocean,8805.6,2933.6,33.94,25.68,2.07,56.37,21.52,4.48
7.7,-83.398,-51.0875,Southern Ocean,825.4,350.0,30.29,30.61,6.45,34.91,5.65,0.54
8.32,5.5501,60.2453,South Atlantic Ocean,1384.3,2519.1,38.59,-1.29,1.48,57.67,32.03,1.1
8.02,4.9756,-178.8091,Norwegian Sea,6035.1,-305.6,33.41,6.82,7.81,16.48,17.51,2.44
7.96,10.6672,164.8666,South Pacific Ocean,3385.4,1369.8,39.53,24.47,2.13,82.76,3.59,1.81
8.0,-49.6477,-126.1856,Arabian Sea,1182.3,-69.5,37.95,20.63,8.19,41.98,45.66,8.4
7.52,-20.3257,5.6847,Caribbean Sea,7696.2,2150.0,35.87,33.47,8.8,87.52,7.68,3.73
8.22,80.8205,-85.1665,North Atlantic Ocean,1745.0,534.1,37.03,9.49,4.21,47.67,12.91,0.83
7.67,63.3677,-42.8783,Bay of Bengal,10784.4,-377.3,36.3,8.63,5.68,6.74,6.07,4.89
7.64,-8.3755,-60.0981,Baltic Sea,10313.7,1169.7,37.16,33.92,2.94,95.36,18.52,1.65
7.8,-14.7054,173.292,South Atlantic Ocean,4458.1,1502.2,35.24,24.91,5.49,7.82,42.02,1.35
7.99,51.0576,-132.7073,Coral Sea,8219.7,2671.6,35.91,22.07,5.84,33.28,22.49,5.21
8.01,-18.3487,-126.209,Gulf of Mexico,8875.5,2492.1,34.79,18.22,1.62,9.47,12.55,2.2
8.16,18.1152,169.7744,Norwegian Sea,6149.2,2171.5,33.76,4.66,3.68,18.13,41.24,2.33
7.57,66.7819,-132.4344,Gulf of Mexico,8913.8,-356.8,30.3,28.33,9.51,38.18,28.08,5.43
7.84,-55.2137,-149.0471,Arabian Sea,8749.7,1317.9,31.07,18.56,5.9,30.84,13.94,9.91
7.74,43.4879,2.685,Caribbean Sea,10863.3,2209.0,31.05,11.74,1.82,83.75,28.72,9.85
7.9,89.5437,-106.6054,Bering Sea,3177.5,2655.7,34.8,5.36,5.98,89.77,24.21,9.95
8.01,-83.1388,-103.2727,Gulf of Mexico,9648.1,1590.9,37.9,-0.61,6.92,64.2,37.38,0.64
8.35,-84.6812,114.9893,North Atlantic Ocean,7361.1,2088.3,36.89,34.14,4.74,75.93,22.23,8.81
8.36,35.5031,-95.0204,Indian Ocean,1905.6,698.4,32.07,22.32,8.16,20.37,49.6,5.55
8.03,-10.0826,-62.9592,South Pacific Ocean,1753.4,665.5,37.6,26.79,7.79,13.14,12.01,8.96
8.29,-57.0302,59.9155,Norwegian Sea,8662.3,1298.6,38.82,26.43,3.21,19.92,28.27,8.85
7.9,3.2319,176.1222,Southern Ocean,4488.3,1627.0,33.85,3.7,5.26,54.82,15.23,6.62
8.49,70.4156,-3.0023,Indian Ocean,9645.2,2903.2,36.27,34.24,6.29,93.94,35.87,1.08
7.63,4.1026,58.4183,Baltic Sea,5655.7,-172.0,35.71,30.94,7.97,91.52,44.42,9.53
7.64,79.2309,0.349,Bering Sea,3382.1,2571.7,39.21,23.07,4.54,54.41,25.83,7.42
7.79,12.5258,-115.2871,Baltic Sea,9392.2,1340.1,38.18,22.05,5.11,94.23,4.6,5.98
7.6,-56.4795,-20.0499,South Atlantic Ocean,10051.9,-472.0,31.09,14.71,2.44,41.55,11.71,5.91
7.51,60.9325,46.4853,Arabian Sea,5235.8,1545.9,39.99,22.08,1.07,76.68,7.73,7.31
7.83,-21.5847,-156.7773,Arabian Sea,5385.8,1856.9,39.05,18.12,8.66,15.23,19.49,6.03
7.55,18.6519,-119.0455,Indian Ocean,10069.0,718.2,30.83,5.48,5.7,86.78,48.74,3.15
8.08,-19.2395,113.5737,Coral Sea,3747.7,805.2,39.7,17.58,7.84,85.37,43.94,6.17
8.34,-13.5086,-150.5204,Caribbean Sea,6989.6,2171.8,30.46,26.65,4.77,96.06,41.69,9.87
7.68,-58.8082,-120.3172,South Pacific Ocean,474.1,1037.3,37.95,2.0,4.49,50.45,41.98,5.81
8.1,22.6303,-88.4546,Bering Sea,10990.0,-313.0,36.18,20.12,9.76,55.64,16.03,2.37
7.74,-33.1151,-159.9856,South Pacific Ocean,1489.9,-370.3,34.48,28.65,9.26,29.1,37.32,6.2
8.03,-26.8754,104.7995,Gulf of Mexico,1956.2,-302.2,31.22,9.05,6.32,95.96,0.76,9.69
8.03,-55.0624,11.5336,South Atlantic Ocean,1687.7,152.6,34.22,11.37,3.63,19.28,18.25,8.49
7.55,-28.3307,-106.2998,Bay of Bengal,516.9,2330.6,33.12,24.88,7.86,83.02,33.75,2.25
8.43,57.8415,-145.7102,Bay of Bengal,8534.3,2684.9,39.17,9.63,4.01,78.68,10.98,5.43
7.68,81.7963,26.3155,Bering Sea,4957.4,641.4,34.84,5.56,3.21,11.51,13.2,2.4
8.08,-10.8625,38.5496,Baltic Sea,5119.0,2138.6,33.66,3.94,1.24,6.15,33.57,6.35
7.96,44.797,66.6677,Bering Sea,10700.0,2971.6,34.85,22.44,7.07,11.16,27.58,3.81
8.3,73.7165,97.9382,Gulf of Mexico,2410.8,2463.9,36.05,8.12,1.57,97.62,32.45,2.98
7.88,-44.3944,170.0139,Indian Ocean,621.3,1674.7,37.72,16.17,2.05,25.93,28.87,2.75
8.23,-65.9564,121.4847,Gulf of Mexico,6687.7,-169.0,32.71,29.22,8.69,82.87,47.48,3.22
8.27,-46.2047,-94.4821,Bay of Bengal,4841.8,2486.5,32.79,29.32,5.69,17.73,48.42,8.16
7.67,70.2645,-151.3503,Gulf of Mexico,2213.5,-155.9,39.19,33.89,2.27,29.15,13.33,8.41
8.17,-34.9147,-145.8025,South Pacific Ocean,5224.6,280.1,34.36,21.51,2.45,68.02,31.68,8.8
7.94,4.6346,121.4755,South Atlantic Ocean,2062.7,1222.2,34.31,24.9,8.54,32.34,28.13,0.93
8.45,83.6968,93.323,Bering Sea,10518.2,-144.0,37.78,30.24,4.16,78.96,2.6,1.48
8.49,-4.2871,-164.1411,Bay of Bengal,9843.1,1020.3,32.39,25.23,8.2,50.24,6.77,1.66
8.2,-24.0758,83.5881,Gulf of Mexico,5750.1,692.0,31.81,22.54,4.78,16.54,19.2,5.15
8.06,76.0341,85.4823,Southern Ocean,4942.4,337.6,38.2,7.06,1.51,30.6,16.03,2.46
7.82,-70.8093,114.6835,South Pacific Ocean,3098.1,1166.3,34.18,16.49,4.45,61.18,15.23,7.64
7.76,37.4326,55.8805,Indian Ocean,7960.1,90.2,35.85,27.57,8.03,44.7,9.3,9.06
7.98,-12.426,14.0064,Caribbean Sea,1516.0,-244.3,30.74,7.68,9.94,54.22,48.67,8.12
8.04,51.5608,-72.7696,Indian Ocean,8114.4,2194.9,34.89,3.87,2.02,30.95,43.83,4.05
8.05,-5.1365,-158.4074,Gulf of Mexico,5016.7,977.1,33.21,16.5,2.59,41.2,2.54,4.57
8.31,59.5314,-144.6081,Red Sea,6215.8,-8.3,34.87,30.04,9.64,48.35,49.87,0.41
8.34,-12.4541,-23.1261,Bering Sea,7565.3,2580.9,36.52,27.06,9.03,27.49,1.35,1.01
7.85,-62.0678,-115.4426,Bay of Bengal,8031.2,2656.7,31.87,2.98,7.03,25.13,4.51,6.35
8.01,-18.2098,-173.9503,Bay of Bengal,7481.8,61.8,34.63,7.33,4.44,50.12,32.92,1.35
8.26,-66.4267,-15.3924,Coral Sea,3389.6,-354.8,38.33,32.38,7.03,1.36,8.21,6.47
8.37,-79.786,178.3621,Baltic Sea,1639.9,2672.6,33.28,30.58,2.05,87.47,7.74,2.92
7.65,-46.406,170.5001,Bay of Bengal,3279.3,1760.5,31.44,29.85,1.6,11.02,8.87,9.14
8.25,-14.7687,92.5275,South Atlantic Ocean,1919.8,2615.1,34.8,7.18,8.44,3.89,49.88,5.17
8.42,-66.5744,-88.7246,Red Sea,9453.5,-229.2,30.71,20.8,4.44,30.59,24.16,4.5
7.75,34.891,103.3638,North Atlantic Ocean,715.6,-183.7,31.33,14.83,7.65,40.12,27.25,1.99
7.99,23.9742,47.7763,Bering Sea,6291.2,2574.2,31.96,23.25,4.12,21.09,32.59,9.41
7.5,54.7855,-61.7728,Baltic Sea,10148.4,2138.9,39.1,27.66,9.39,57.37,43.22,8.45
8.32,-46.4577,-163.6802,Arabian Sea,10715.6,1103.0,36.66,9.99,9.0,11.72,22.47,3.71
8.34,-21.9012,-4.0897,Norwegian Sea,9740.5,2214.6,30.8,-0.29,6.53,31.37,16.77,5.74
8.41,28.6001,31.1519,Gulf of Mexico,5503.0,1804.2,32.69,2.52,6.91,92.98,0.01,5.02
8.23,-16.8368,39.7923,Coral Sea,6751.0,2153.7,39.69,29.37,6.82,32.67,5.43,9.38
7.84,-20.8674,-71.3124,Arabian Sea,1624.3,-452.3,39.03,24.14,1.59,80.86,27.18,9.05
7.68,-27.5546,78.362,Arabian Sea,2332.2,897.6,30.14,32.52,8.32,72.75,47.87,1.31
7.84,-0.604,65.9232,Bay of Bengal,2432.2,2713.8,32.97,27.74,8.2,28.3,27.53,9.17
7.73,-16.5433,-70.5373,South Pacific Ocean,5879.8,1870.6,37.1,12.01,8.49,21.6,46.2,1.98
7.61,8.5005,84.6682,Coral Sea,6097.7,-341.3,34.69,17.7,3.08,41.81,47.09,9.19
7.97,87.6765,89.0728,South Pacific Ocean,2379.2,2987.0,37.29,17.72,7.37,93.17,4.04,9.12
7.7,-2.6246,121.3015,Arabian Sea,2093.7,2976.4,39.67,1.65,7.26,15.41,38.86,1.71
7.57,49.504,-26.571,Bering Sea,8301.7,1114.8,32.05,16.57,3.71,29.67,17.82,6.68
8.06,30.3276,156.6646,North Atlantic Ocean,2713.1,2622.0,32.53,2.62,5.54,6.53,46.82,2.87
8.07,10.2807,166.3566,Gulf of Mexico,6422.5,961.6,38.79,9.98,2.78,62.22,48.43,1.7
8.01,42.9655,78.135,Baltic Sea,2279.9,477.3,30.02,33.58,5.19,12.67,5.64,6.83
7.68,24.7205,56.0914,South Atlantic Ocean,5603.4,2917.4,34.49,5.24,2.53,35.71,1.26,6.92
7.92,-77.846,115.4503,Norwegian Sea,6827.0,2241.1,33.04,8.29,8.04,63.32,4.51,3.26
8.2,44.2258,-130.748,Norwegian Sea,10740.1,1217.7,38.63,5.48,1.79,67.96,25.07,6.05
8.22,72.9212,99.5715,North Pacific Ocean,1291.3,1051.1,34.12,19.25,3.79,54.59,8.37,2.67
8.1,54.8934,-22.9272,North Atlantic Ocean,7760.8,-206.7,34.83,29.95,6.42,10.9,0.03,6.91
8.33,-21.7018,149.2884,Gulf of Mexico,8077.4,2414.2,37.01,26.61,7.2,73.16,47.0,7.65
8.12,72.4474,-146.1678,South Pacific Ocean,2445.1,368.9,34.28,28.29,9.79,19.61,37.82,3.94
7.56,-71.7217,-113.8439,Coral Sea,4463.7,-105.0,33.01,3.84,3.67,66.66,17.88,2.76
8.27,-21.4355,-49.719,Red Sea,7801.2,1978.9,33.6,26.34,8.65,81.18,46.75,1.5
7.89,-89.1073,169.3223,Bering Sea,7828.6,1464.9,38.68,2.85,5.1,32.52,12.3,9.77
7.72,-25.2839,32.1503,Caribbean Sea,5510.9,1873.5,33.61,11.19,2.46,35.53,6.02,6.95
7.53,-82.577,150.7811,North Pacific Ocean,7672.2,-20.5,38.87,2.62,1.41,82.1,0.49,2.87
7.82,45.07,157.6597,Gulf of Mexico,5968.2,-71.7,31.88,33.72,7.89,68.46,16.06,2.2
8.11,-40.8538,-167.8409,South Atlantic Ocean,1278.6,73.7,39.83,8.86,7.41,57.62,42.74,7.71
8.35,9.0374,82.8475,South Atlantic Ocean,8550.9,1475.1,38.86,8.19,5.65,30.64,20.41,7.13
7.81,16.521,-79.5877,Red Sea,2880.9,408.9,38.7,32.58,5.36,55.68,17.88,3.38
8.01,-34.4645,-37.6399,North Atlantic Ocean,10710.0,1617.6,36.71,28.86,5.16,74.81,12.84,7.68
7.66,-45.7878,-177.6412,South Pacific Ocean,8857.4,1271.2,35.67,15.04,8.55,7.56,29.08,5.54
7.95,9.1772,69.3489,Southern Ocean,8333.6,885.2,30.31,8.22,4.98,50.02,36.84,6.74
7.78,-46.9306,125.4163,Baltic Sea,8730.5,-400.8,33.59,9.09,9.09,16.92,18.08,0.05
7.65,-61.7092,-144.4268,Coral Sea,4262.2,2355.9,30.37,5.75,6.54,99.71,45.68,1.05
7.99,43.9983,44.0901,Gulf of Mexico,762.4,-266.9,34.15,19.71,8.4,45.15,1.45,8.93
8.45,-32.3926,-87.85,Southern Ocean,4377.8,1782.0,31.75,2.41,4.72,20.08,13.01,2.24
8.11,-9.4164,174.1644,Coral Sea,3576.1,765.8,31.49,2.69,3.2,35.88,35.59,1.59
8.22,74.2186,-160.4291,Gulf of Mexico,2394.1,2047.7,38.07,4.33,4.49,6.59,28.34,1.63
7.72,-67.0914,9.7111,Norwegian Sea,3720.4,463.9,33.26,1.18,7.19,54.71,45.9,8.83
7.93,-78.455,121.6653,Caribbean Sea,7289.2,742.1,34.2,23.49,2.03,73.93,8.91,9.18
8.37,-12.6506,86.2714,Caribbean Sea,698.2,2932.4,39.5,-0.47,8.46,72.65,2.86,4.01
7.93,20.6739,17.6095,Arabian Sea,3433.2,858.7,31.86,2.41,8.0,88.77,17.33,6.79
7.81,-6.21,129.3767,Baltic Sea,3226.1,1643.2,35.42,22.42,5.82,56.88,21.56,8.17
7.66,-88.4668,172.976,Caribbean Sea,2309.6,2825.0,39.74,30.32,4.57,73.19,49.12,9.87
8.08,-16.959,-143.0629,Indian Ocean,9875.7,1982.4,39.95,7.07,8.42,72.98,19.58,7.41
7.57,-3.4222,-153.5408,North Pacific Ocean,9410.6,846.5,30.67,31.63,9.87,16.0,12.8,9.44
7.69,80.4209,119.7509,North Pacific Ocean,7200.7,862.9,31.44,6.02,8.63,57.64,49.28,6.51
7.7,-76.232,-92.1692,Norwegian Sea,8892.2,994.5,39.32,26.89,2.84,78.57,49.38,0.33
7.54,33.8679,135.5672,Coral Sea,7793.0,963.0,38.89,26.55,4.65,76.4,37.9,6.46
7.59,-18.9681,-55.4488,North Atlantic Ocean,758.5,733.6,32.3,14.93,4.42,44.59,33.5,5.57
7.92,67.2322,-103.4167,North Atlantic Ocean,8970.8,1467.2,38.14,-0.66,9.08,5.53,38.91,5.86
7.51,28.6953,-63.9411,Bay of Bengal,5044.8,2299.2,36.44,19.74,3.78,55.88,25.85,0.43
7.96,-19.1078,147.0007,Baltic Sea,5577.3,1556.6,33.63,8.59,1.29,61.43,9.03,2.51
8.47,25.1276,86.6382,Bay of Bengal,10765.7,372.7,31.55,22.51,6.22,64.85,24.74,3.92
7.96,-9.64,-165.2964,North Pacific Ocean,10479.4,1959.2,33.5,16.71,5.57,85.87,25.36,9.33
8.31,39.133,176.6829,Baltic Sea,3168.1,1302.6,35.86,9.35,3.57,86.19,42.24,5.03
7.5,52.2297,-103.4628,Gulf of Mexico,4096.4,1668.8,33.32,13.7,9.68,88.38,10.64,1.48
8.24,34.838,-4.3,North Pacific Ocean,277.0,1975.1,37.67,15.88,9.38,67.19,29.83,6.52
7.96,-22.7579,-97.8539,Southern Ocean,4652.9,1119.4,34.7,6.22,6.31,0.65,49.47,2.0
7.79,-83.7311,-80.3082,North Atlantic Ocean,3197.0,898.4,32.4,16.53,1.21,56.19,20.39,8.71
7.5,-65.1074,-154.4087,Bering Sea,501.5,2533.3,38.98,33.61,9.98,28.06,46.31,7.26
8.09,-6.5041,57.5183,Coral Sea,3556.2,2514.0,33.42,25.83,3.91,42.76,21.3,2.17
8.28,15.338,12.0526,North Pacific Ocean,6491.4,1984.2,30.08,28.52,8.61,13.34,47.76,6.54
7.67,-73.1825,59.9231,Bay of Bengal,4319.6,662.9,37.94,-1.57,2.04,68.31,0.75,8.56
8.29,-6.6656,-45.5658,North Pacific Ocean,2552.2,2026.4,31.26,19.19,4.67,60.05,10.25,6.69
8.37,-38.4953,130.9197,Southern Ocean,822.3,1014.2,39.38,9.26,5.57,53.5,30.01,3.66
8.25,-77.7217,11.1706,Indian Ocean,8855.0,1936.0,30.48,24.28,1.61,42.16,49.91,9.58
8.31,-26.3665,165.792,Caribbean Sea,2428.0,234.3,34.01,18.63,1.82,37.77,4.26,0.07
8.17,23.9771,119.8569,North Pacific Ocean,9415.5,-478.8,36.65,27.15,4.62,42.58,10.55,0.75
8.29,49.6833,16.8297,South Atlantic Ocean,4075.5,-64.3,30.95,4.01,2.38,63.21,25.94,2.96
8.37,47.0955,171.5915,Baltic Sea,10227.7,1603.0,38.58,33.26,4.43,18.11,3.75,3.54
8.03,1.9027,-97.443,Baltic Sea,10912.9,997.7,38.38,16.12,8.54,3.02,44.92,6.34
8.33,-72.916,29.4526,South Pacific Ocean,6111.7,734.8,38.56,3.95,3.97,37.15,49.72,3.75
8.29,17.2158,71.2446,Red Sea,5851.2,2596.8,32.93,22.78,8.76,14.35,0.6,7.46
7.69,-80.7711,-151.0582,Indian Ocean,3963.8,108.3,30.81,29.2,1.18,63.91,8.57,2.59
7.79,-13.4901,5.3865,Arabian Sea,9872.8,2541.5,38.09,28.97,4.15,57.34,37.58,1.49
8.38,28.6129,-116.2616,North Atlantic Ocean,3195.8,1239.8,38.81,15.28,9.33,99.66,47.51,6.22
7.9,-67.785,64.5168,Bay of Bengal,6502.7,2914.0,33.26,24.92,6.43,0.66,15.44,2.09
8.5,21.8716,-125.5268,Baltic Sea,6858.1,589.6,35.78,27.23,4.25,63.81,24.59,3.4
8.16,31.1359,102.9072,Arabian Sea,10398.8,2368.2,37.68,6.12,9.2,41.97,41.02,0.99
7.55,70.2891,36.8491,Indian Ocean,4677.9,1308.6,37.57,34.63,5.41,99.12,23.71,8.88
7.89,-50.9825,-122.2271,Bering Sea,2910.4,344.3,31.65,5.63,1.03,65.73,48.8,1.37
8.29,57.4764,41.7472,Caribbean Sea,4035.2,2505.0,34.38,2.8,2.81,74.93,44.99,8.12
7.87,-28.0779,-177.0071,Bay of Bengal,7706.6,1451.3,30.16,27.61,6.28,96.64,30.54,1.63
7.88,-20.1596,-166.7374,North Atlantic Ocean,2543.5,2303.8,36.0,31.09,4.05,11.24,4.88,4.75
7.84,83.7224,-101.2564,Coral Sea,5440.1,1688.0,31.6,14.68,5.42,88.06,3.69,4.63
7.83,1.4692,-43.8655,Arabian Sea,505.7,-249.8,39.28,19.36,3.16,30.03,45.32,5.72
7.69,66.5999,-127.4993,South Pacific Ocean,6705.2,1620.1,32.82,0.58,3.49,38.15,24.76,0.88
7.69,35.7547,103.4999,Indian Ocean,5463.6,-443.4,34.69,14.14,2.27,87.02,6.82,5.69
8.29,-14.5762,-139.7297,Bering Sea,5126.4,2096.3,32.55,23.08,2.29,58.06,29.29,0.4
8.12,-82.2236,-163.8794,Bay of Bengal,2464.0,495.2,35.14,30.89,4.07,57.95,30.0,9.81
7.77,-1.3149,-177.3687,South Atlantic Ocean,7783.0,1077.9,33.32,10.31,8.02,41.1,37.51,7.36
8.28,-22.5966,23.099,Caribbean Sea,9939.9,-40.5,36.15,17.93,9.43,5.39,23.66,7.55
8.1,4.4365,26.9825,Red Sea,3393.6,-47.5,38.86,0.52,5.95,69.84,15.25,2.34
7.98,41.5963,-112.9645,North Pacific Ocean,10860.4,1925.9,38.11,3.97,1.26,79.68,9.89,7.42
8.12,6.6922,-84.9811,Baltic Sea,1199.0,-204.0,33.47,3.01,7.67,74.9,48.44,0.8
7.8,30.8056,100.682,Coral Sea,3074.7,1216.0,31.59,22.02,9.4,80.81,26.72,2.57
8.24,35.9021,141.6166,Baltic Sea,3130.0,1711.7,35.81,20.41,7.12,36.24,30.45,0.43
7.74,50.3004,-62.1218,Baltic Sea,7499.9,898.9,30.55,10.88,8.59,92.49,2.57,3.16
8.06,26.9575,-22.8613,South Atlantic Ocean,984.3,1284.7,35.98,18.31,2.33,97.07,5.01,1.09
8.34,68.5295,-155.2583,Bering Sea,6482.5,2693.6,34.64,25.61,1.88,81.64,37.41,1.61
8.02,-36.0005,124.3017,Norwegian Sea,10231.5,2088.8,33.65,21.59,8.23,79.46,34.41,4.91
8.01,60.4395,56.542,Bering Sea,10167.0,2162.3,31.63,-1.75,6.75,79.15,18.55,2.28
8.15,23.7038,-151.473,Gulf of Mexico,10900.1,2488.3,37.56,4.14,6.12,21.97,16.34,1.33
7.81,20.3966,32.3367,North Pacific Ocean,9198.2,841.6,39.67,21.81,5.53,44.2,43.15,0.98
8.49,-56.4526,-143.1864,South Atlantic Ocean,2898.8,233.5,31.65,32.59,3.99,11.91,46.0,3.01
8.2,61.9311,87.5736,Gulf of Mexico,1816.7,-225.3,33.74,31.26,8.94,47.02,38.44,0.53
7.84,18.2843,-132.5823,Coral Sea,658.7,2120.9,32.27,5.77,2.02,45.49,4.19,3.88
8.13,-57.4495,-11.8743,Red Sea,3627.2,425.0,39.97,6.1,9.49,4.74,45.6,4.34
8.38,-81.04,75.0953,Caribbean Sea,10394.6,1059.7,39.7,4.81,8.52,66.56,17.65,2.59
8.34,-2.419,-114.4051,Caribbean Sea,6200.3,335.4,31.76,17.12,6.21,9.54,11.8,4.03
8.44,-39.1262,-144.3139,Southern Ocean,3778.9,1564.8,32.64,25.87,4.45,60.51,46.63,0.82
7.65,-36.6004,92.41,Coral Sea,65.8,243.9,31.23,28.24,4.84,39.93,37.94,1.2
7.82,-76.1271,85.1452,Caribbean Sea,6328.8,1741.4,36.29,34.83,4.9,78.26,32.06,6.52
8.44,-49.7628,-58.4711,Gulf of Mexico,10617.9,2032.0,34.11,18.17,5.49,96.21,22.37,1.7
8.15,84.1279,-103.3319,North Pacific Ocean,10948.8,-136.2,39.3,-1.64,5.74,46.26,29.0,1.96
8.42,10.7675,151.4456,Gulf of Mexico,6025.9,2675.5,33.29,3.45,1.36,43.42,31.51,7.55
7.75,6.3235,52.3124,Baltic Sea,9101.9,2522.4,34.75,21.78,2.78,18.35,47.12,3.24
8.24,1.0311,12.3171,Norwegian Sea,1312.4,2858.6,37.64,24.69,6.33,6.31,8.28,4.91
8.02,48.4002,-81.8719,North Atlantic Ocean,10903.3,118.8,32.79,23.36,5.63,32.23,36.75,9.7
8.15,31.6807,-48.5301,South Atlantic Ocean,5909.0,2798.6,30.79,24.97,6.76,46.8,19.62,5.03
8.07,-55.4933,-58.3273,Southern Ocean,4248.3,2973.9,35.08,31.65,7.44,77.61,47.1,3.93
8.23,0.2282,163.1126,Baltic Sea,4083.0,863.2,35.3,19.69,3.4,1.37,13.82,4.2
7.71,37.6059,-130.4214,South Atlantic Ocean,8919.5,-165.4,37.3,22.17,8.23,61.17,25.08,5.63
8.48,-8.863,-23.5733,South Atlantic Ocean,10268.0,2631.4,35.76,29.02,3.88,41.11,3.87,7.03
8.01,7.565,-164.3267,Coral Sea,10693.5,125.3,37.67,14.34,4.81,17.09,48.18,6.61
8.32,-75.3797,7.1309,Bering Sea,6575.8,837.3,39.05,13.16,7.9,52.32,17.88,6.56
7.52,-87.8288,123.5523,Bering Sea,5924.7,1268.6,37.31,11.96,8.56,88.6,21.9,3.27
7.65,48.3909,168.4909,Arabian Sea,3291.4,1270.3,38.09,18.91,9.87,15.98,16.03,9.82
7.83,49.5087,-68.449,South Atlantic Ocean,7619.4,1734.1,31.91,-0.29,8.96,86.62,36.38,3.18
8.21,1.5649,-110.922,Bay of Bengal,1610.2,299.5,31.79,32.52,5.77,11.99,49.94,4.49
7.81,56.7506,43.1899,Arabian Sea,10902.4,657.5,33.9,8.64,9.08,92.11,0.54,0.53
8.28,50.7239,-68.9512,Caribbean Sea,9731.5,727.8,31.26,10.9,6.38,95.99,41.88,9.83
7.63,-25.6053,-144.1985,South Pacific Ocean,6796.4,485.1,35.29,34.31,1.77,68.02,30.48,6.12
7.94,-1.669,-105.8561,Bering Sea,4735.9,2977.0,35.98,31.33,2.75,7.55,9.87,3.86
7.82,-4.6207,-172.2837,South Pacific Ocean,9384.8,2508.4,32.99,28.85,6.23,46.02,3.82,8.19
7.6,-86.4824,138.5498,South Atlantic Ocean,6714.2,2462.5,39.95,34.47,5.36,46.74,2.81,0.53
8.23,-89.961,-44.7752,South Atlantic Ocean,9915.4,843.8,37.84,17.27,9.21,23.68,20.63,8.33
8.38,60.9086,100.5308,South Pacific Ocean,3994.0,1427.5,37.63,11.69,8.95,85.99,39.22,2.25
8.37,86.003,55.8251,North Atlantic Ocean,9382.8,-271.8,36.43,2.15,6.71,6.61,8.0,7.77
7.77,46.1073,-110.4148,South Atlantic Ocean,45.5,144.4,32.29,25.09,1.73,26.6,24.05,4.19
8.47,-77.1203,-37.5871,North Atlantic Ocean,2031.0,2937.1,32.01,12.54,3.68,6.03,2.96,8.07
8.3,19.5633,-19.6301,Arabian Sea,8655.1,982.6,31.63,19.14,2.43,17.6,14.76,0.8
7.74,22.6685,54.3345,Red Sea,8542.6,1185.9,37.84,4.33,1.83,22.71,28.64,3.13
8.38,-41.5716,153.6688,North Atlantic Ocean,4938.2,1451.9,33.57,6.9,5.55,88.6,24.2,4.97
7.69,-2.2741,-111.4897,Arabian Sea,1913.7,2614.8,32.13,16.77,5.64,2.65,13.53,4.67
7.65,-87.7014,-34.7198,Bay of Bengal,563.2,2617.4,39.03,25.08,5.15,48.57,8.49,3.46
8.38,-5.728,-107.1673,Gulf of Mexico,3629.6,2153.9,38.21,10.58,1.33,29.32,15.15,3.1
8.42,-41.4731,116.7605,Bering Sea,7015.4,1492.0,30.25,33.21,1.76,91.11,7.21,3.57
7.95,-50.9577,85.0067,South Atlantic Ocean,4317.2,1408.4,32.82,26.6,6.26,0.73,40.28,1.29
8.15,85.3903,117.2289,Southern Ocean,9475.0,1448.9,34.23,5.8,4.65,19.5,49.04,5.97
7.82,31.142,98.4312,Bering Sea,1215.7,2332.7,32.14,23.05,2.55,80.0,7.11,0.84
8.27,70.6512,-170.2376,Arabian Sea,2450.2,2976.0,34.66,19.22,5.48,53.06,1.32,8.01
8.34,-63.8039,-84.3234,Indian Ocean,8073.3,142.8,35.44,12.42,8.56,34.97,39.53,7.03
7.7,-48.6994,-52.7494,Norwegian Sea,7333.5,2575.6,35.2,11.09,4.24,71.92,14.08,3.1
8.19,76.8359,108.7959,Gulf of Mexico,4961.6,2023.9,34.91,25.29,1.33,89.7,9.19,1.17
8.39,-39.4179,126.7154,Coral Sea,10215.1,825.4,38.5,12.47,5.23,34.05,37.04,7.38
8.27,68.2685,-10.618,Baltic Sea,504.3,457.9,30.07,25.66,2.07,36.8,31.86,9.56
8.29,43.0467,175.0447,North Pacific Ocean,1049.6,-136.9,30.39,11.06,3.49,69.9,15.1,6.85
7.73,-83.2019,10.8784,Arabian Sea,289.3,55.7,38.73,18.68,2.36,61.24,47.69,1.66
8.33,-62.6353,3.2972,Gulf of Mexico,6737.3,1488.5,37.8,6.64,5.02,69.98,5.13,2.03
8.01,10.382,13.1674,Southern Ocean,1267.9,-117.2,37.38,3.61,1.03,63.66,28.86,4.76
7.51,75.0699,85.7317,North Atlantic Ocean,9306.0,1861.3,32.71,17.28,5.89,12.72,13.56,7.12
8.17,13.7103,-44.4218,Coral Sea,6117.1,1440.4,30.96,4.01,3.69,10.83,47.13,4.25
8.28,35.7639,146.3354,Coral Sea,1891.1,1303.8,32.52,28.06,9.2,65.21,44.69,8.15
8.28,31.2936,17.8165,Caribbean Sea,7312.9,649.6,39.21,27.0,1.6,12.31,2.28,0.6
8.43,-69.4975,-25.1755,Arabian Sea,7794.3,1663.2,33.18,26.64,3.11,8.52,37.31,5.98
7.59,59.2897,-91.4024,Arabian Sea,10312.9,-144.3,35.86,19.84,2.19,32.07,49.52,9.98
7.69,41.7601,-47.9472,Norwegian Sea,1692.5,1955.8,35.43,-1.25,3.75,90.75,37.75,3.51
8.43,-32.3811,57.5166,South Pacific Ocean,2977.9,2634.4,30.43,12.15,6.67,72.53,5.54,3.85
8.25,-7.0848,170.5659,Red Sea,869.2,1880.5,37.85,24.71,8.86,32.57,30.42,0.09
7.92,-3.6098,29.5486,North Atlantic Ocean,7903.8,2367.2,33.62,27.64,5.58,33.22,28.49,8.76
7.64,52.9676,13.2053,Arabian Sea,10768.9,223.5,30.47,4.01,7.02,19.46,17.07,1.91
8.34,81.3989,-70.9992,North Pacific Ocean,2176.2,774.2,32.11,9.21,9.53,43.31,13.97,5.46
7.81,64.4062,151.4533,Coral Sea,9868.2,2545.5,34.36,18.28,5.89,68.17,25.59,6.17
8.33,-3.8339,41.1225,North Atlantic Ocean,8637.0,442.4,38.46,29.88,9.52,93.44,45.07,3.03
8.06,-29.145,125.5131,Arabian Sea,1685.8,1625.4,33.55,-0.26,6.81,12.72,46.15,6.33
8.04,-48.4102,-156.1806,Baltic Sea,7309.1,1542.7,36.2,33.41,2.71,10.39,16.05,2.21
8.1,33.561,95.624,Gulf of Mexico,1339.1,1350.1,35.21,31.07,4.94,18.42,9.61,3.92
7.92,-14.8357,-85.4781,South Pacific Ocean,4211.5,1989.7,33.55,6.23,5.86,57.35,25.63,3.81
7.61,-64.3883,164.4269,North Atlantic Ocean,8421.7,1880.3,31.11,4.55,4.02,65.54,25.58,7.42
8.09,-81.1442,-127.6722,Norwegian Sea,10304.0,1202.0,38.74,17.73,1.6,2.65,6.97,0.42
7.92,14.7955,-141.2491,Red Sea,7919.4,1994.0,39.04,28.8,4.56,98.18,20.2,3.55
7.96,67.215,-56.1667,Bay of Bengal,2496.0,1543.9,31.87,20.43,3.07,79.49,31.96,5.45
8.1,-30.4675,-71.6403,North Pacific Ocean,8616.5,2682.1,30.75,10.75,5.01,23.04,8.14,2.96
7.64,-51.9419,174.9979,South Atlantic Ocean,6356.1,1936.3,39.84,7.42,6.15,62.47,14.9,2.26
7.74,0.5047,44.8497,Arabian Sea,4806.8,1346.9,35.07,24.39,7.7,60.39,34.27,6.17
7.79,45.4813,100.6089,South Atlantic Ocean,2394.9,647.0,32.74,11.81,1.78,64.56,41.59,7.17
7.88,-83.6662,-128.9745,Bering Sea,8105.1,1552.1,30.92,32.27,7.69,91.44,37.23,7.41
7.6,67.7935,178.3622,South Pacific Ocean,4749.9,2793.6,36.26,23.35,2.59,6.35,46.27,8.38
7.66,88.3863,131.4591,South Pacific Ocean,3115.9,2923.7,36.66,19.03,7.81,74.38,42.53,9.21
7.76,-9.6507,161.55,Arabian Sea,1590.5,377.1,38.64,-1.68,1.67,99.02,21.88,1.25
8.19,61.9956,-101.6989,Gulf of Mexico,6932.9,167.0,31.5,34.51,8.71,89.39,45.25,0.2
8.17,-14.6983,-63.504,North Atlantic Ocean,6603.5,2088.2,39.77,7.16,7.13,42.11,19.93,1.46
7.51,-71.073,133.5718,Caribbean Sea,10746.2,2592.7,37.99,17.26,3.91,63.34,11.61,3.02
7.57,0.4225,-45.8053,North Pacific Ocean,7873.6,2690.0,39.4,8.78,1.08,29.68,31.19,7.85
8.0,-58.0427,-175.129,Caribbean Sea,5778.3,1321.8,31.45,-1.06,1.5,69.3,48.73,9.22
7.93,-55.5612,157.9131,Southern Ocean,3813.5,1060.3,38.35,5.57,9.33,51.1,39.45,0.65
7.79,53.1637,-112.6068,Coral Sea,7855.3,1609.2,36.69,31.8,9.89,85.3,32.35,0.77
8.0,-71.4685,-174.8516,Caribbean Sea,3504.3,1026.5,32.16,10.81,3.06,74.8,40.59,0.11
7.7,-37.1013,-71.0417,South Pacific Ocean,2971.6,1720.3,38.25,3.13,2.05,1.98,3.48,5.26
7.64,-24.7899,66.4414,Red Sea,8854.6,1313.7,37.45,0.85,3.52,97.28,7.68,2.81
7.57,73.6663,48.1121,Indian Ocean,3125.5,1038.4,36.3,14.86,4.34,39.19,35.24,6.24
7.57,19.8046,-108.1652,Bay of Bengal,1588.0,-22.2,39.87,4.43,6.1,17.54,20.45,6.99
7.7,-79.8127,-11.9603,Southern Ocean,2012.0,2116.5,36.1,15.66,9.66,89.48,44.45,3.12
8.29,-39.406,64.8412,Bering Sea,6017.5,1098.3,36.04,9.81,1.21,63.9,5.39,8.91
8.3,-78.5072,26.0243,Gulf of Mexico,8805.3,1331.3,36.2,1.01,5.55,68.87,18.66,9.68
8.41,42.4685,81.7005,Norwegian Sea,2545.4,-408.8,35.45,10.03,7.26,14.72,32.89,4.75
8.16,-55.0304,-21.9787,Coral Sea,6603.1,2327.6,39.56,18.76,3.61,77.43,7.56,8.8
7.88,-49.8589,-39.3678,Bay of Bengal,351.7,468.6,38.98,27.15,4.53,75.66,20.52,3.06
7.63,-68.2673,-159.2406,Bay of Bengal,4966.2,1817.2,37.16,-1.87,4.42,97.96,43.27,3.5
7.72,33.9409,141.3845,Norwegian Sea,1326.5,628.1,38.29,13.17,5.71,67.6,2.2,1.16
7.94,3.2383,136.7007,Southern Ocean,10799.6,1890.8,34.01,4.02,5.4,9.64,45.98,4.47
7.75,-42.3328,-24.6091,Arabian Sea,4663.5,2923.2,39.71,18.88,1.58,37.94,25.96,1.97
7.82,52.6622,117.6327,Southern Ocean,1985.9,2735.0,36.82,1.47,3.77,9.36,30.13,1.1
8.44,14.7812,44.9126,North Pacific Ocean,8344.7,745.2,39.5,12.04,4.61,53.73,11.55,1.07
7.89,-57.3098,-89.0458,Coral Sea,2213.8,-429.0,34.92,21.92,2.89,22.98,21.18,8.11
7.65,-86.6731,-116.1506,Bering Sea,162.3,294.2,30.1,15.86,6.55,5.78,43.2,8.89
7.85,-73.7778,-161.466,North Pacific Ocean,4198.3,572.2,31.9,5.25,6.92,50.14,37.6,9.59
7.54,-29.7796,57.7316,North Atlantic Ocean,6781.0,187.3,37.04,13.87,4.97,40.72,47.9,2.93
8.12,-75.8721,-78.242,Arabian Sea,3208.1,2601.9,35.15,0.24,3.75,11.55,35.67,8.72
8.22,-46.1328,143.0871,Norwegian Sea,4681.9,579.9,38.02,23.52,5.46,89.7,16.68,4.78
7.9,-76.0787,127.4225,North Atlantic Ocean,3229.8,813.7,33.1,27.08,7.39,39.8,43.92,8.27
8.05,-76.5963,78.9955,Baltic Sea,9732.5,419.7,39.31,-1.8,4.66,67.47,17.4,6.63
8.37,-34.5242,41.6861,Indian Ocean,2699.5,1314.9,30.79,25.33,2.85,2.7,12.37,6.67
7.71,2.4432,153.6341,South Atlantic Ocean,1390.6,1557.3,38.7,10.33,6.89,10.94,3.57,4.38
7.66,-28.1911,124.1282,South Atlantic Ocean,4098.9,2608.4,36.28,3.4,5.62,76.18,14.5,0.11
7.76,-71.5007,-85.7215,South Pacific Ocean,3583.3,1932.2,38.38,12.62,7.05,25.52,11.31,8.86
7.72,-80.0242,-87.3391,Norwegian Sea,6492.9,1159.4,36.81,13.43,2.05,65.06,48.64,2.65
8.38,-54.7396,-172.16,Arabian Sea,8129.3,672.0,38.59,14.24,4.87,85.45,29.57,4.62
7.55,35.9519,-3.3437,South Pacific Ocean,9272.3,-499.4,34.85,14.33,2.32,85.07,4.18,9.83
7.58,30.2977,-15.9818,Red Sea,7097.0,1589.3,35.55,20.02,3.06,70.27,36.39,7.66
8.44,71.0108,-90.0106,Baltic Sea,10895.6,-67.4,30.13,0.38,6.75,73.17,40.84,0.77
7.89,74.2294,167.8956,Gulf of Mexico,6562.7,1846.6,37.72,8.04,7.03,7.55,0.7,9.96
8.0,48.9513,15.2695,North Pacific Ocean,176.9,2628.7,31.12,32.46,5.97,76.3,25.83,9.82
8.08,-86.935,-125.3562,South Atlantic Ocean,1721.7,934.0,36.13,-0.63,9.93,13.36,33.32,6.64
8.28,-70.4757,123.8095,Caribbean Sea,3895.1,577.3,34.45,26.21,2.92,71.25,3.91,7.5
8.21,43.1719,-20.1641,Caribbean Sea,3594.8,1339.1,39.7,8.95,3.49,59.01,4.6,4.24
7.87,58.7471,91.8594,Baltic Sea,3349.1,493.6,33.4,18.51,1.25,9.74,39.25,8.14
8.3,20.1207,-49.6913,Bay of Bengal,7247.9,-110.0,37.23,-1.68,8.6,48.44,36.93,2.28
8.25,-24.5282,-153.6026,Caribbean Sea,3132.7,2247.2,37.83,7.08,6.4,75.0,38.46,3.11
8.38,-56.8591,176.8727,Southern Ocean,3724.3,419.0,39.81,27.82,4.81,39.57,3.05,7.14
7.75,31.7625,119.2736,Bering Sea,10022.0,-197.2,31.66,28.89,3.0,92.46,34.3,0.57
7.59,-15.724,-100.1883,Arabian Sea,10373.9,228.7,37.82,15.47,5.67,65.51,20.12,0.45
7.61,-23.2391,120.7841,Norwegian Sea,29.4,668.6,33.64,31.43,4.01,14.33,11.52,9.58
8.04,-5.4185,111.4035,North Pacific Ocean,5200.2,2116.1,33.93,6.35,3.31,18.68,19.72,0.77
7.76,60.5429,108.8716,South Pacific Ocean,4345.6,2868.6,35.4,0.58,9.24,28.37,4.58,7.25
7.54,25.6835,-90.6613,South Atlantic Ocean,5406.9,506.4,33.9,33.19,9.12,85.23,6.14,0.88
8.34,9.9635,-123.3761,South Pacific Ocean,10541.2,2213.5,35.31,19.48,5.43,80.38,16.72,2.72
8.36,-32.4679,4.8122,Arabian Sea,7898.3,12.1,34.89,17.15,8.99,65.07,14.9,5.34
7.87,-31.3897,73.9659,Coral Sea,10526.0,2922.9,31.06,9.74,4.02,73.24,27.78,7.37
7.63,87.8676,-7.952,South Atlantic Ocean,3853.9,184.6,30.24,8.55,9.58,82.44,4.02,3.57
7.75,-5.0868,-28.0142,Gulf of Mexico,1651.0,1804.5,30.73,3.28,5.75,71.71,19.04,4.05
8.18,-48.3062,-13.3601,North Pacific Ocean,7217.9,-482.8,36.92,20.96,7.39,46.73,43.72,0.56
8.19,39.8765,163.7571,Caribbean Sea,6183.3,2324.5,37.08,-0.28,5.39,31.58,43.58,8.52
8.2,45.1097,152.7841,Baltic Sea,9371.4,2121.0,33.33,23.84,7.23,87.41,24.36,6.58
8.36,-21.6732,158.0952,Bering Sea,9618.6,493.7,31.83,27.57,3.78,59.15,40.64,0.94
8.38,51.655,-71.8488,Norwegian Sea,4389.4,-219.2,36.89,12.57,7.73,38.67,7.99,1.68
8.49,66.5875,-170.6242,Caribbean Sea,9323.8,1029.0,31.67,29.18,1.73,39.55,9.09,2.71
7.85,59.3392,171.4321,Baltic Sea,3522.7,-336.9,37.97,18.57,4.86,42.67,2.75,0.2
8.41,-76.9764,-156.7578,Arabian Sea,2254.8,-324.9,35.22,19.36,9.87,26.6,37.97,2.61
8.14,52.6232,158.6708,Coral Sea,5082.2,2412.6,30.35,0.14,4.27,22.75,32.88,9.29
7.62,-17.7818,-0.0083,Caribbean Sea,9194.0,1392.2,33.53,22.07,7.48,56.21,38.72,3.77
8.09,-70.7982,28.3374,Indian Ocean,5185.5,-159.0,39.22,8.11,9.91,3.0,15.91,4.88
7.88,70.6009,-149.8232,Southern Ocean,5115.8,2808.7,36.38,14.1,3.32,5.1,12.42,8.86
7.57,-1.9218,151.28,Southern Ocean,621.0,1652.8,38.64,4.14,9.96,86.64,24.9,3.27
7.75,67.8643,-125.5571,South Pacific Ocean,1201.0,2386.2,37.48,3.64,9.89,21.93,10.05,7.93
8.21,17.7476,137.333,North Atlantic Ocean,5017.3,1783.2,36.98,10.08,7.74,3.39,14.38,0.99
7.85,-31.4322,-110.3835,Coral Sea,5329.1,2468.3,30.59,19.31,7.08,99.13,12.09,1.99
8.15,14.0319,-113.0106,Bering Sea,1066.7,419.1,35.34,22.05,7.88,20.58,49.44,0.81
8.41,82.4376,-126.423,Indian Ocean,961.9,581.3,33.8,19.27,6.64,47.83,46.89,7.27
8.09,21.9871,-123.3077,Coral Sea,6679.3,1033.3,35.38,1.47,9.36,84.83,13.62,0.57
8.45,56.5437,61.1667,Indian Ocean,5951.1,1509.6,33.45,19.81,2.49,71.82,37.91,4.05
7.84,65.6638,-179.2064,South Atlantic Ocean,8050.5,82.3,39.74,33.4,5.98,34.18,38.08,8.73
8.38,-19.5621,107.7779,Arabian Sea,7823.7,1753.2,39.35,31.06,2.64,15.25,16.37,5.57
8.46,-61.8119,82.1298,Baltic Sea,3122.8,2840.3,38.79,15.33,3.0,60.66,25.14,5.77
8.02,85.608,-30.4035,Bay of Bengal,7310.3,2550.7,32.15,27.26,9.55,45.03,34.4,0.96
7.86,69.9379,119.29,Bay of Bengal,6289.3,450.7,36.99,15.05,3.45,4.97,7.92,2.89
7.85,16.7023,71.0755,Southern Ocean,102.7,1176.2,38.51,5.1,9.26,45.16,7.61,1.63
7.92,80.2805,169.6054,Red Sea,4648.3,1424.6,36.11,27.11,8.81,15.01,18.26,4.95
8.16,20.2005,56.9318,Baltic Sea,7645.4,1712.0,37.85,8.68,2.02,57.79,26.43,7.48
7.94,21.9735,46.2087,Indian Ocean,10015.3,1925.4,35.38,2.91,8.88,99.43,15.58,2.37
8.26,23.253,-142.2046,Southern Ocean,1394.3,2115.5,34.84,8.75,3.18,7.47,44.9,8.39
8.19,58.5535,141.0686,Caribbean Sea,2362.9,2350.3,36.79,11.09,9.7,66.79,27.35,2.85
7.83,-33.6956,44.9512,South Pacific Ocean,8355.0,-167.3,32.88,6.77,9.8,96.1,0.52,4.58
8.31,-34.1452,-9.5991,South Atlantic Ocean,1008.2,2491.4,38.93,31.47,7.37,30.72,46.01,0.21
8.26,-84.1393,-176.5734,Bering Sea,282.5,442.9,33.21,9.73,3.55,61.92,39.57,1.49
8.12,55.5916,0.4423,Norwegian Sea,3591.4,640.2,30.59,27.0,2.99,98.05,46.74,8.71
7.69,-42.606,30.46,Gulf of Mexico,3462.4,356.1,37.04,34.78,8.38,61.1,7.39,4.3
8.01,-50.5398,76.1505,Indian Ocean,5304.2,1182.4,39.16,13.83,2.64,84.63,2.15,0.34
7.95,-4.4417,-118.9845,Indian Ocean,2747.1,415.3,33.75,14.63,4.38,98.63,48.43,5.61
7.52,64.4768,-145.4216,Gulf of Mexico,94.8,1798.8,32.38,5.09,2.9,91.53,33.79,2.66
8.49,17.7707,25.7255,South Atlantic Ocean,10056.4,701.7,34.65,26.07,2.0,89.74,18.64,6.76
8.21,61.666,123.091,Red Sea,10751.6,1976.2,38.57,11.94,4.57,73.73,34.48,2.85
7.87,-89.9251,50.737,Gulf of Mexico,10921.9,2338.0,36.1,24.82,9.5,43.62,17.98,7.02
8.08,-55.9147,95.6129,North Atlantic Ocean,10665.2,1230.0,35.41,0.35,5.3,52.16,30.14,5.28
8.39,39.0679,-50.5411,Caribbean Sea,8992.5,1868.8,39.54,21.53,5.61,11.46,37.71,0.99
7.54,-38.9212,-108.0478,North Pacific Ocean,6394.0,2704.4,34.91,5.78,9.03,26.92,30.0,2.48
7.76,78.9172,-84.7754,Indian Ocean,5769.1,2541.9,32.12,12.62,8.99,26.5,47.24,8.15
8.45,45.9562,-105.277,Southern Ocean,687.0,815.7,32.96,17.43,9.71,44.62,6.4,5.62
7.52,36.0725,148.0906,South Pacific Ocean,9689.5,2331.3,34.85,27.94,6.26,71.36,32.07,5.24
8.08,-87.0402,154.1947,Arabian Sea,2524.0,1308.2,34.11,30.06,1.41,15.87,8.88,0.98
8.04,34.4885,27.9499,Red Sea,8159.6,475.6,34.23,30.56,2.11,59.69,11.27,6.5
8.48,4.4553,51.4262,Coral Sea,7671.9,845.0,33.67,27.34,6.13,91.74,9.62,6.57
7.93,-58.8722,137.6576,Southern Ocean,8266.8,1518.6,39.5,19.05,2.56,33.96,27.25,7.84
8.48,15.6361,-66.0832,Red Sea,1378.4,1665.4,30.02,6.55,7.85,38.0,45.7,4.15
7.51,-71.0165,-84.5378,Bay of Bengal,4868.2,2629.0,36.03,-1.42,4.92,15.21,32.24,8.12
7.84,-2.4525,142.3224,Bering Sea,7788.4,-247.9,37.59,18.1,5.14,65.93,10.89,5.08
7.77,-55.5446,-112.3216,Arabian Sea,150.3,714.8,35.57,31.03,1.45,54.26,39.21,6.81
7.65,-88.0885,179.5314,Bay of Bengal,4559.0,322.5,38.64,25.33,3.56,75.13,36.36,3.09
8.5,-23.3126,106.997,Coral Sea,3525.2,-142.1,39.6,34.35,5.59,96.61,11.66,0.08
8.47,-23.6547,138.4385,South Atlantic Ocean,8875.1,90.3,31.55,10.94,3.73,73.1,18.76,2.59
7.64,2.93,-85.144,Arabian Sea,5719.7,668.0,33.58,13.46,8.04,17.83,4.69,0.88
8.02,83.1174,126.2444,Gulf of Mexico,6253.9,1645.3,33.83,23.12,2.37,76.46,24.68,2.95
7.6,-75.7094,-50.2744,Coral Sea,905.8,2061.9,39.08,27.99,3.09,82.93,34.8,0.11
7.62,-49.6887,-25.9966,Norwegian Sea,1858.9,1239.1,37.2,24.19,4.95,76.51,41.7,5.74
8.21,-8.897,52.7599,Bay of Bengal,8242.4,-186.5,38.4,15.1,3.39,95.81,39.02,1.4
8.37,-27.126,164.5845,South Atlantic Ocean,5443.2,2203.4,38.96,17.97,7.4,15.63,27.09,0.44
8.1,11.5923,14.2057,Bay of Bengal,1780.5,1306.4,30.13,9.26,8.8,31.56,14.41,5.67
7.61,54.7086,38.2339,Southern Ocean,50.7,2204.2,33.13,21.57,9.51,34.27,49.26,6.74
8.33,-14.7158,144.4864,North Atlantic Ocean,3929.4,384.8,31.84,4.7,2.92,64.48,39.67,4.64
8.36,-34.347,-97.0381,South Atlantic Ocean,3626.5,453.3,39.89,29.0,7.84,76.86,26.75,2.53
8.06,-48.972,-7.0329,Norwegian Sea,4203.7,230.1,33.57,24.44,9.68,32.87,28.47,5.03
7.92,51.8306,136.1273,Caribbean Sea,239.0,200.8,35.67,20.13,5.47,98.17,37.1,6.08
7.91,-73.3445,118.5976,Bay of Bengal,10104.2,1215.1,30.94,9.71,6.92,83.69,34.9,3.07
8.16,-2.5692,-158.5739,Red Sea,4465.2,1385.9,35.55,4.64,9.29,42.51,46.61,1.1
8.42,-22.7981,-159.6434,Southern Ocean,8122.1,56.7,37.66,3.32,4.46,15.01,6.91,8.66
8.41,23.8799,131.3945,Bay of Bengal,2188.0,2982.6,36.71,23.27,8.66,42.37,15.48,4.43
8.29,7.6995,-86.9624,Coral Sea,225.1,1188.1,35.62,21.1,8.66,74.46,35.75,9.12
7.85,-27.5967,-53.2383,Coral Sea,8049.9,736.9,32.1,0.53,1.45,26.6,27.56,8.8
7.9,-70.9782,64.1119,Bering Sea,9918.3,2475.1,36.8,14.29,1.2,37.66,46.03,3.29
8.23,-65.4597,58.6506,Baltic Sea,6241.1,2350.0,30.71,9.83,1.05,14.12,21.54,1.92
8.19,32.6322,73.5368,Red Sea,1857.7,318.6,31.26,7.8,3.95,85.29,11.04,2.27
8.42,-1.2532,-148.5261,Red Sea,7668.8,2450.5,32.94,0.22,7.2,85.14,3.75,7.29
8.29,51.9493,35.969,South Atlantic Ocean,10375.2,491.9,32.47,17.4,2.96,23.37,24.42,2.89
8.48,76.5398,-7.0206,Bering Sea,10629.6,-263.2,32.72,33.2,7.8,52.32,39.89,7.24
7.72,31.4348,109.9227,Arabian Sea,5723.7,-382.6,33.8,2.14,9.75,3.44,6.83,6.98
8.42,74.1791,-124.602,Arabian Sea,9336.8,1322.5,30.66,22.54,6.03,90.34,43.7,5.89
8.47,-85.0332,73.2045,Bering Sea,8321.4,688.4,34.36,28.53,6.41,87.26,38.04,6.13
8.41,6.737,94.8035,Indian Ocean,4038.4,2173.9,36.41,11.09,5.19,72.82,7.29,9.92
7.64,-41.9369,175.4752,Coral Sea,4481.3,1375.3,36.18,33.74,6.95,98.7,32.6,5.52
8.44,-54.5894,40.7303,Arabian Sea,4532.2,2226.3,30.64,3.62,4.36,82.93,27.35,4.36
8.26,-39.543,-86.9441,Bay of Bengal,511.7,1904.5,33.59,8.25,2.68,30.51,12.19,2.45
7.86,57.504,124.8718,North Atlantic Ocean,7168.8,2949.9,34.63,10.52,6.7,41.36,28.07,9.34
7.96,23.3825,106.7354,Bay of Bengal,6167.7,1185.4,31.15,11.26,4.8,88.0,0.43,8.56
7.56,49.8824,-166.9581,North Atlantic Ocean,8338.8,684.9,36.27,31.23,3.77,53.02,1.83,0.14
7.91,-0.0307,92.6358,South Pacific Ocean,3661.5,137.9,37.36,-1.96,5.61,78.5,28.88,4.85
7.75,-41.9002,68.5281,South Atlantic Ocean,549.1,1802.3,30.08,1.78,9.45,25.04,11.31,4.47
8.22,-5.7275,-93.4751,Southern Ocean,6054.5,1387.1,38.32,8.31,4.21,52.52,28.08,8.98
8.06,-51.3351,32.312,Arabian Sea,9036.2,1976.9,36.08,-0.16,1.84,44.68,25.63,0.51
8.43,88.4594,9.4276,Bay of Bengal,9207.8,2239.4,30.05,20.11,3.21,1.19,31.56,8.77
8.12,49.1546,-84.3144,Indian Ocean,8797.4,1780.5,36.62,0.09,2.85,10.66,4.26,4.58
8.28,-78.7691,-12.8801,Norwegian Sea,6146.9,2364.5,38.16,8.58,6.44,68.44,23.43,1.35
8.31,89.6288,-110.238,South Atlantic Ocean,8056.9,242.6,38.77,22.66,2.92,71.53,13.57,0.8
7.57,-63.0329,-122.847,Indian Ocean,1327.1,2652.7,34.98,14.34,9.47,36.69,27.85,9.29
8.32,28.467,158.1897,Gulf of Mexico,2129.8,337.1,33.56,7.24,3.93,11.07,37.42,0.36
7.66,-21.742,26.6011,Southern Ocean,10691.9,663.2,33.43,28.28,5.41,1.62,23.57,8.22
7.72,7.8551,112.0112,Southern Ocean,4548.8,-60.5,30.72,8.15,8.19,70.55,22.48,6.03
8.0,38.571,-58.1477,Bering Sea,4422.9,118.5,32.56,5.74,8.09,59.31,7.39,0.34
7.97,-35.5806,-58.0933,Bering Sea,849.9,1966.4,32.04,24.1,9.55,66.41,40.82,7.38
8.45,-71.5803,0.0924,Bering Sea,4931.3,14.0,36.32,28.45,7.06,15.65,7.88,0.76
7.95,28.2588,128.0319,Gulf of Mexico,7247.6,2956.3,31.69,7.07,9.92,11.56,6.36,8.05
7.92,-85.3995,161.6633,Caribbean Sea,8144.6,2801.3,36.99,3.61,3.75,45.58,38.59,7.61
8.32,-49.5132,-162.806,Bering Sea,4098.4,-260.5,36.53,18.08,2.61,19.73,48.74,0.91
7.79,-88.4363,-11.7553,Red Sea,10508.6,2262.8,34.77,13.25,1.71,43.61,8.7,0.7
8.3,42.3511,135.2045,South Atlantic Ocean,5074.2,823.2,30.16,30.97,7.89,79.27,22.13,0.53
7.75,68.865,17.1196,Bering Sea,5354.1,2325.2,33.75,8.81,2.09,20.47,2.94,4.04
7.91,-31.5534,-17.7633,Caribbean Sea,7250.2,-268.0,31.18,24.09,7.44,34.89,48.51,0.02
8.41,-33.3408,-125.5598,Southern Ocean,1346.7,1685.1,38.04,33.57,8.97,76.67,32.51,2.88
7.97,-72.4623,-20.3924,North Atlantic Ocean,7347.1,2009.9,38.54,19.13,8.18,40.52,41.98,3.53
8.43,-82.3523,86.2757,Arabian Sea,4001.2,2463.5,30.43,6.52,6.35,57.17,25.42,7.13
7.88,-47.5843,64.3148,Norwegian Sea,309.8,2610.2,34.78,16.22,9.5,20.96,35.25,3.6
7.59,64.7018,-21.9827,Red Sea,8571.8,-461.3,37.45,27.59,8.41,87.02,23.75,5.53
8.26,18.3476,96.1284,Bay of Bengal,10332.6,2115.2,33.1,21.77,1.47,32.28,23.24,3.54
7.75,-87.9543,33.8102,North Atlantic Ocean,6321.2,12.6,35.39,18.19,4.39,46.37,31.05,2.64
8.25,19.7037,-81.1423,Gulf of Mexico,3993.3,1372.0,38.27,-1.49,2.26,19.73,35.77,9.13
8.08,-80.902,-130.0982,Southern Ocean,7660.8,799.3,34.16,24.34,4.3,20.74,43.97,2.7
8.47,-14.6729,60.1739,Caribbean Sea,9955.4,284.2,31.42,28.44,7.42,43.78,35.15,8.6
7.93,78.2084,-116.9026,North Atlantic Ocean,3464.8,560.8,39.22,5.43,2.34,19.55,45.07,8.44
8.39,22.9488,-103.8617,Bay of Bengal,6171.2,413.0,33.93,20.73,7.95,99.33,11.54,6.62
8.22,20.1443,-79.7144,Indian Ocean,2646.9,293.9,33.53,7.73,4.19,56.22,13.06,5.57
7.65,31.4288,161.4555,North Pacific Ocean,7065.9,1779.2,36.11,-0.53,5.37,6.26,11.69,9.15
8.21,-65.0006,64.7941,Indian Ocean,8695.2,710.4,38.29,25.26,4.02,9.11,5.22,0.05
8.14,-73.1928,153.8379,Bay of Bengal,2350.1,2629.1,39.68,21.16,9.77,46.19,29.37,4.62
8.48,-22.9635,-91.8361,North Pacific Ocean,6101.4,1391.0,36.36,26.15,4.19,5.07,19.67,5.94
7.96,-55.8796,41.7127,Coral Sea,1965.1,1314.0,33.45,6.04,2.84,74.66,30.25,2.09
8.06,-85.8334,62.3858,Caribbean Sea,5211.9,2734.7,34.38,33.51,4.64,70.74,26.2,4.18
8.21,-28.7665,162.2101,North Pacific Ocean,7430.5,2572.5,36.84,27.45,7.52,75.64,28.87,7.84
8.11,-0.4998,-11.9208,Bering Sea,359.8,-400.1,39.68,12.06,5.69,75.3,17.67,9.69
8.12,-80.9335,51.4233,South Pacific Ocean,8171.6,1630.6,39.84,21.67,5.13,18.36,9.96,8.86
7.95,84.947,135.9347,South Pacific Ocean,3920.8,1624.8,36.7,25.7,3.73,89.38,34.17,1.42
8.27,47.728,-128.9773,South Atlantic Ocean,6180.9,2735.2,33.62,7.42,8.75,83.68,35.42,3.14
7.51,42.7858,147.8704,South Atlantic Ocean,5110.2,1996.7,34.36,3.94,2.1,53.8,46.63,7.75
7.66,68.4248,-61.7737,Southern Ocean,8570.6,1066.3,39.38,25.07,6.6,24.85,13.02,5.69
8.35,16.2536,-25.4773,South Pacific Ocean,8169.8,-311.0,37.29,17.43,7.0,90.36,41.85,8.63
8.43,-11.1265,1.6456,Gulf of Mexico,27.6,-199.7,33.39,30.88,1.79,76.76,1.58,7.87
8.24,-2.792,78.2932,Caribbean Sea,1610.3,1131.4,35.15,0.53,3.78,0.48,2.28,6.72
7.66,-54.5293,-123.2922,Bering Sea,2630.6,2942.3,34.86,33.39,9.17,39.58,32.61,3.47
8.08,-21.5693,66.7321,Norwegian Sea,5649.0,2969.7,38.44,9.22,4.3,37.57,8.48,5.32
7.78,53.5819,-145.7117,Indian Ocean,3314.8,1171.0,30.15,23.71,7.24,59.35,12.75,0.64
8.06,0.3951,-42.1223,Red Sea,1303.1,2594.0,37.35,-0.86,3.22,25.24,43.49,7.85
7.7,-56.9789,42.6684,Bay of Bengal,918.4,243.9,31.79,-1.7,7.47,89.71,31.71,7.19
7.64,65.2203,-129.4223,Coral Sea,4256.8,597.0,33.14,31.61,9.35,15.08,41.98,3.63
7.69,27.0104,60.4009,Gulf of Mexico,4325.4,836.6,36.66,13.07,1.46,26.37,22.62,8.72
8.39,17.7344,163.5591,Southern Ocean,7415.6,1946.6,38.11,2.25,8.87,23.73,36.87,6.83
7.56,84.473,164.383,Bay of Bengal,1553.9,2385.1,37.33,25.58,5.05,14.7,15.09,7.37
7.53,76.5402,30.9274,Gulf of Mexico,4261.4,872.2,32.8,7.47,2.68,35.71,7.96,4.83
7.69,-63.6266,6.7607,Gulf of Mexico,3468.5,1130.8,35.19,33.72,3.14,23.59,10.38,5.72
8.07,43.6255,-23.241,Caribbean Sea,5279.5,-239.4,33.15,14.01,1.95,50.89,46.21,7.02
7.59,72.6478,-15.8543,Caribbean Sea,8991.4,474.3,34.63,-0.43,3.5,93.82,28.82,0.55
8.02,65.1104,24.3262,Caribbean Sea,3699.6,2316.9,36.14,13.17,5.22,4.72,10.27,7.12
8.22,70.0147,-23.486,Gulf of Mexico,10929.5,-354.6,30.59,16.6,2.44,78.0,9.78,5.79
8.04,55.1261,-26.5046,Red Sea,10410.1,2143.3,39.58,16.04,2.98,83.18,32.84,0.07
8.27,87.9882,-76.2019,Coral Sea,2444.5,1275.7,35.48,31.52,1.37,7.33,32.58,6.57
8.02,-40.9097,64.0052,Southern Ocean,5665.2,447.2,34.42,30.84,2.27,35.8,38.66,8.83
7.59,-61.3542,134.311,Bay of Bengal,10039.0,1137.2,34.77,28.55,7.05,85.78,39.07,6.13
8.17,-76.3533,-167.8565,Red Sea,7856.7,1078.3,38.35,1.31,8.11,58.52,5.49,2.91
7.83,58.2558,166.9804,Caribbean Sea,9608.4,2914.8,31.18,32.77,9.05,54.92,6.55,2.41
8.02,-8.5266,80.7729,Southern Ocean,8795.2,1961.6,39.05,8.3,6.75,33.31,19.69,3.1
8.49,-43.5462,-176.5808,Coral Sea,6824.0,945.2,32.32,-0.18,9.26,7.51,42.56,7.07
7.77,31.9014,-144.0293,Southern Ocean,7235.5,2769.6,36.91,34.9,4.68,32.1,0.85,5.04
8.32,-89.8475,156.0199,Bay of Bengal,2837.7,2717.6,35.56,0.33,8.69,3.24,40.18,6.19
8.06,-54.5942,61.5478,Bering Sea,2046.7,1289.7,37.63,0.25,2.64,31.67,4.37,6.56
8.42,-21.8899,-158.1897,South Atlantic Ocean,6284.8,2785.0,31.53,27.71,4.05,92.54,38.64,6.16
8.41,-51.7954,-58.4906,Bay of Bengal,941.4,1650.9,38.17,0.6,6.97,81.72,6.37,2.75
8.21,-28.3338,138.3067,Red Sea,2785.1,2048.8,36.5,14.95,7.55,18.21,46.71,1.24
7.8,-60.2283,128.0631,Arabian Sea,6691.2,1132.2,37.79,24.08,2.71,41.16,32.52,2.52
8.45,-89.284,-111.3567,Red Sea,1038.2,1685.1,34.88,10.29,6.84,77.59,29.86,0.46
8.34,-0.6605,-27.6221,Arabian Sea,6918.2,876.0,38.28,22.61,8.58,96.38,48.45,8.3
8.47,-77.3087,90.9234,South Atlantic Ocean,5865.0,45.7,37.79,33.37,3.92,56.67,33.85,8.19
8.47,39.6594,67.14,Red Sea,1513.1,744.4,31.69,34.8,8.69,30.33,27.34,9.3
7.94,-78.9465,-144.1231,North Atlantic Ocean,5489.8,874.9,39.67,16.48,2.97,53.67,49.56,0.73
7.6,47.975,34.3258,Norwegian Sea,7845.9,2211.8,39.72,26.14,8.74,95.6,41.5,9.06
8.01,-78.9171,-170.8939,Bay of Bengal,6254.3,905.6,39.83,22.29,9.72,72.4,42.7,4.1
7.62,85.1814,-49.8826,Norwegian Sea,9736.3,1156.6,30.99,31.95,5.8,0.45,21.01,4.58
7.99,-24.919,6.3758,South Pacific Ocean,10436.0,2161.2,37.48,32.47,8.83,72.88,0.55,4.59
8.05,-35.9957,-164.5266,Bering Sea,4001.3,1374.3,36.4,19.34,6.32,70.61,27.05,9.76
8.08,-35.0231,123.9293,Red Sea,2859.9,705.0,39.75,9.22,9.25,79.61,29.99,0.15
7.51,-46.4967,-31.2137,South Pacific Ocean,4462.3,-474.2,36.09,2.56,5.46,73.25,0.99,6.05
8.36,-58.0994,-33.9884,Gulf of Mexico,5067.2,2112.5,36.84,11.22,6.28,26.98,21.74,2.6
7.96,59.301,-140.4727,Norwegian Sea,2048.0,2724.9,30.54,23.78,3.05,98.31,17.27,9.9
8.21,-6.9663,-8.9984,Bering Sea,8164.1,-480.9,33.27,12.76,1.73,63.18,19.18,6.22
7.61,-72.028,-148.7654,Bering Sea,10058.7,1834.2,36.31,-1.24,8.94,84.24,35.62,0.17
8.25,57.3957,-125.4158,Norwegian Sea,5233.7,1295.5,33.0,20.08,7.61,0.84,39.13,6.95
7.94,64.9493,120.5664,Arabian Sea,600.0,2404.6,34.29,13.24,6.28,27.85,48.23,5.07
8.24,76.2312,65.7293,Norwegian Sea,10827.6,85.5,38.54,7.36,3.89,88.99,30.91,9.0
8.43,-81.5961,34.6342,Coral Sea,3790.3,735.3,39.69,10.69,1.87,5.54,40.81,7.78
8.23,-4.6463,2.6527,South Atlantic Ocean,2413.7,-170.9,39.81,23.66,8.01,30.02,14.55,7.28
8.11,18.8117,-9.7741,Indian Ocean,4160.1,449.4,35.04,-0.66,4.04,5.11,6.57,2.17
8.21,61.6749,162.4871,North Pacific Ocean,5055.0,1179.4,34.62,12.51,2.07,12.54,26.12,8.37
8.24,21.6343,176.8144,South Atlantic Ocean,3291.0,2713.9,34.33,0.84,3.82,45.25,24.22,9.78
8.0,-7.601,-41.3601,North Atlantic Ocean,4810.1,229.4,30.02,24.42,6.14,34.71,35.76,5.94
8.34,47.4367,-175.0751,Coral Sea,10215.0,1915.2,36.19,34.77,6.95,93.19,19.13,1.75
8.05,-6.6055,147.6425,North Atlantic Ocean,6914.4,1975.5,30.61,11.89,3.9,29.14,10.02,6.46
8.13,-38.5928,-64.7119,North Pacific Ocean,3547.0,-79.5,39.17,29.75,8.42,74.96,22.67,7.21
7.92,15.0684,152.5489,South Pacific Ocean,80.8,2913.7,33.31,30.2,7.35,15.51,26.2,1.61
8.45,2.0236,11.9195,South Pacific Ocean,6724.6,98.9,35.13,24.36,4.15,0.42,29.11,2.24
8.02,-2.1866,167.2162,South Pacific Ocean,4404.5,-302.5,39.04,2.4,9.18,42.34,29.03,4.7
7.71,-55.5005,4.5364,North Pacific Ocean,5134.7,2886.6,37.07,25.87,1.01,67.66,33.84,8.07
7.82,62.1817,-24.9043,Coral Sea,9595.7,816.8,31.28,13.69,8.97,76.02,4.89,8.49
7.65,-79.7297,152.0215,Red Sea,4923.8,505.8,36.92,25.67,6.97,6.3,28.8,7.34
7.63,-80.3668,79.0708,Arabian Sea,1534.9,521.1,35.96,9.3,7.01,59.38,47.5,0.23
8.43,-64.817,123.1362,Southern Ocean,5954.6,-449.1,37.87,32.65,7.68,17.75,36.22,5.44
8.17,-69.823,-152.7593,North Pacific Ocean,7758.6,1850.9,30.82,0.14,3.34,51.28,40.27,2.21
7.5,68.874,40.7886,Norwegian Sea,3303.0,2164.4,39.59,33.73,7.26,89.11,1.14,8.72
8.31,52.2579,60.4265,Baltic Sea,2739.7,1055.4,30.62,10.54,3.74,3.97,15.47,6.95
8.03,-38.7509,-132.0858,North Atlantic Ocean,4107.7,250.2,34.68,5.29,3.27,60.7,21.91,9.25
7.61,-42.194,-71.9788,Southern Ocean,4343.7,1078.7,36.91,20.08,3.64,44.46,49.64,7.93
7.95,-17.0009,140.878,Coral Sea,2021.6,2796.8,37.22,17.43,2.84,8.46,16.17,5.42
7.87,3.8312,-97.4019,Southern Ocean,6985.6,65.1,32.64,29.89,7.99,81.75,46.69,6.17
7.82,-30.4669,100.3806,North Pacific Ocean,8493.6,-264.2,36.41,27.68,9.65,97.73,11.82,0.68
7.96,73.0102,-170.906,Coral Sea,6808.3,750.6,30.52,19.48,1.69,80.83,27.53,6.26
8.14,-81.3068,-114.7076,Bering Sea,5536.2,2672.1,33.45,15.18,5.82,25.82,8.91,0.57
8.04,83.0305,-161.4414,Caribbean Sea,6304.4,797.4,39.34,34.94,7.34,30.54,7.47,5.13
7.78,12.5021,-33.4741,Red Sea,5648.9,2031.8,34.58,6.14,3.55,72.1,1.65,8.62
8.22,80.1109,-106.9132,Bay of Bengal,5102.2,-368.0,38.56,28.08,3.92,61.68,21.5,2.27
8.49,35.224,-86.3172,North Pacific Ocean,309.7,685.1,31.46,10.25,2.71,34.38,18.77,4.83
8.47,-62.7053,2.166,Caribbean Sea,5949.6,1549.9,34.56,16.48,4.07,24.08,19.9,0.78
8.5,34.8217,6.5985,North Atlantic Ocean,823.2,1311.5,36.11,-0.14,5.32,33.77,4.25,2.94
7.99,84.368,-103.364,Caribbean Sea,6012.5,1434.8,33.11,4.96,2.01,75.38,5.89,8.86
7.54,-0.0032,126.315,Red Sea,5460.1,981.2,39.79,8.37,2.31,80.46,39.41,1.15
8.23,67.9968,-59.1996,Coral Sea,9400.1,1650.8,35.09,4.41,3.44,34.17,14.09,4.13
8.16,88.1875,-43.6461,Bering Sea,4524.8,2392.5,32.77,1.96,2.6,58.13,10.28,2.18
8.47,-29.0677,142.6213,Norwegian Sea,10483.0,-216.4,36.63,25.04,9.64,5.0,0.52,9.21
7.87,-15.7484,-25.0504,South Pacific Ocean,5041.6,859.3,38.46,22.01,1.23,35.47,44.67,6.65
8.49,-40.5157,-102.247,South Pacific Ocean,10430.7,2025.2,33.25,19.66,3.1,53.3,10.44,5.26
7.57,76.5241,-149.0733,Gulf of Mexico,1728.6,2268.1,34.52,11.94,4.18,92.2,29.35,7.54
7.86,22.7633,59.7841,South Atlantic Ocean,9619.1,1680.9,39.47,-1.01,7.78,5.41,19.27,4.83
8.24,46.3012,-110.9761,North Atlantic Ocean,8569.9,875.3,31.37,7.45,4.2,77.27,35.12,5.96
8.12,-54.1371,106.8142,Southern Ocean,2666.5,425.4,31.91,13.71,5.7,59.84,20.06,6.96
7.71,-12.7185,141.6365,Coral Sea,10958.3,1226.2,39.99,19.36,1.42,30.52,28.21,4.5
7.86,24.6581,3.1311,Bay of Bengal,2873.5,706.1,34.38,17.0,3.92,73.92,45.78,4.04
7.66,42.4595,30.267,Red Sea,5465.1,1862.4,35.59,10.74,7.9,13.61,22.54,0.99
8.49,28.2394,-153.0622,Gulf of Mexico,7970.1,1999.1,35.14,2.27,7.76,68.13,13.41,9.91
8.01,37.7326,57.2684,North Pacific Ocean,43.1,1355.3,36.31,3.22,4.71,1.59,38.5,4.19
8.37,20.8373,148.7848,Norwegian Sea,3831.8,2325.4,34.47,25.45,7.91,23.26,48.23,6.06
7.89,-55.0514,-179.7205,South Atlantic Ocean,6272.6,-69.4,33.52,9.08,4.76,26.82,42.24,0.94
7.74,8.2476,-102.2675,Bay of Bengal,6540.3,2601.8,33.74,27.61,4.19,8.28,46.54,6.23
7.99,71.0174,-61.1987,Bering Sea,8397.9,-57.4,36.21,24.46,2.54,26.83,32.58,7.19
8.27,-68.1786,114.5668,Caribbean Sea,5968.1,1893.4,34.33,5.42,3.44,76.88,1.66,7.5
8.41,-47.431,-141.2073,Coral Sea,10889.2,902.8,34.21,30.47,5.55,1.39,10.04,8.73
7.69,-10.7138,-20.8965,Arabian Sea,7169.7,1062.5,33.24,1.95,7.37,46.78,11.62,4.09
7.63,-76.8074,-113.1736,Caribbean Sea,7134.8,2736.6,38.25,15.97,1.68,51.07,11.35,3.57
7.66,-21.7856,148.5175,Southern Ocean,4867.9,1363.6,31.63,21.55,9.41,75.93,14.12,4.84
7.8,-14.9384,-104.6268,Bay of Bengal,5087.0,48.2,36.05,27.25,2.94,91.83,7.13,7.96
8.1,57.916,-67.8445,Bering Sea,5416.8,1979.9,39.72,0.97,1.8,73.88,25.69,5.68
8.24,87.3591,18.8632,South Atlantic Ocean,10559.4,2576.7,31.94,22.38,3.1,69.25,35.11,9.33
7.86,-55.8005,-150.9346,North Pacific Ocean,6387.9,2737.6,34.17,25.86,5.05,69.77,16.88,5.37
8.42,-52.4694,-26.0284,Baltic Sea,596.9,907.8,37.18,28.73,6.39,11.45,26.59,1.8
7.96,74.0969,-67.1528,South Atlantic Ocean,7258.8,2346.2,34.31,2.12,6.1,81.49,3.2,9.3
7.99,70.2274,132.8915,Caribbean Sea,1868.3,2054.4,30.1,21.3,6.53,7.71,30.66,5.8
8.39,83.2562,106.3299,Indian Ocean,4601.0,2643.5,37.08,8.95,2.26,13.96,34.81,5.7
7.56,61.3372,153.5821,Southern Ocean,1015.9,2098.3,37.17,26.44,7.74,47.64,27.54,5.85
8.11,8.41,-79.7641,South Atlantic Ocean,1713.0,2465.4,37.54,-0.88,5.05,97.04,45.21,3.99
8.06,13.796,113.2794,Red Sea,8312.8,957.9,35.1,31.62,4.31,74.97,44.28,9.67
7.9,-13.0823,115.7184,Coral Sea,4032.7,1196.9,33.03,5.48,8.38,9.76,24.59,0.71
7.93,-88.0822,-138.3205,Bay of Bengal,526.6,224.3,37.8,17.15,9.98,6.22,19.84,3.51
8.19,-0.9039,0.1027,Bay of Bengal,7960.5,1765.8,32.67,21.55,3.81,61.11,9.29,5.44
8.07,68.2468,170.188,Bay of Bengal,70.1,-94.9,32.02,26.79,6.8,8.87,28.41,5.3
8.16,-70.4243,119.1794,Caribbean Sea,8871.9,471.5,32.67,13.51,8.03,19.74,4.98,5.59
7.94,-52.4114,56.5194,North Atlantic Ocean,6137.6,2009.5,32.54,12.79,2.73,73.47,33.9,8.25
7.9,-58.6642,4.9099,Caribbean Sea,9402.9,2666.6,33.49,30.39,3.86,60.51,2.81,1.23
8.02,-87.8586,75.462,Coral Sea,3076.2,2302.3,39.94,34.97,4.34,16.93,39.51,9.16
7.93,-64.9991,108.2613,Bay of Bengal,1871.1,1505.5,31.08,30.91,8.09,22.54,33.86,6.05
8.35,-8.4139,-2.1914,Red Sea,739.3,2761.9,34.39,6.42,9.51,31.37,11.36,0.1
8.37,54.8876,86.9568,South Atlantic Ocean,7697.5,1727.7,39.14,16.14,9.76,75.45,47.26,3.95
7.57,-82.759,-124.2342,Bay of Bengal,10008.1,251.7,30.07,3.34,8.63,36.47,5.96,1.81
7.56,-14.2252,-38.1536,Caribbean Sea,7704.5,1012.9,39.15,25.77,6.14,68.01,45.97,4.07
7.79,62.0533,-159.7712,Southern Ocean,6727.8,2535.9,31.01,21.06,1.57,71.63,39.51,7.17
7.59,76.6215,95.8824,South Pacific Ocean,64.6,2737.1,34.45,11.28,6.66,54.89,0.32,2.86
8.04,-76.1101,-103.8722,Indian Ocean,3984.3,2691.2,32.2,29.49,7.18,75.82,31.08,2.6
7.52,29.4676,-120.5721,Arabian Sea,10369.8,-353.2,36.63,5.08,7.65,13.8,48.14,3.87
8.28,34.3339,-22.4086,Southern Ocean,6006.2,1755.2,39.84,13.12,6.1,55.52,14.54,1.34
8.15,84.2896,12.5401,Gulf of Mexico,2899.0,1244.1,37.77,6.03,6.82,92.3,17.31,9.81
7.71,-84.3596,-120.2843,North Atlantic Ocean,1336.0,1055.4,37.53,29.1,2.56,32.65,8.02,6.61
7.83,54.3917,-49.3903,North Atlantic Ocean,4316.4,-235.4,34.68,28.45,1.59,11.37,31.37,9.92
7.81,20.7347,28.6803,Baltic Sea,1554.7,837.5,35.76,12.56,2.48,31.65,27.91,4.98
8.42,-77.2405,-147.0963,North Atlantic Ocean,10539.2,1128.9,35.34,1.47,1.07,32.61,37.84,9.17
8.39,-28.7581,-65.7892,South Pacific Ocean,9244.0,558.4,33.68,24.12,9.3,90.66,8.84,7.43
8.06,8.8993,-85.9494,Baltic Sea,5220.7,2225.8,39.69,26.5,3.79,94.83,16.34,9.07
7.86,-80.4443,79.4872,Gulf of Mexico,10894.1,219.1,38.83,34.7,6.81,64.04,38.2,7.85
7.96,37.0213,-120.3167,North Pacific Ocean,1660.5,809.6,38.91,4.13,8.47,54.74,26.07,0.46
8.07,67.311,-2.1864,Caribbean Sea,1786.5,1301.7,32.61,2.28,2.62,35.51,9.62,3.87
7.99,8.5956,-62.2189,Norwegian Sea,1758.3,1375.5,37.49,17.85,2.91,58.67,4.9,4.91
7.56,32.5573,80.0425,Bering Sea,1532.5,33.1,35.58,6.6,2.18,11.25,2.15,5.83
7.96,23.3122,166.6367,Indian Ocean,5421.7,-259.7,35.73,1.29,9.79,83.52,9.12,6.71
8.42,-79.5456,131.4027,South Atlantic Ocean,8505.1,2572.5,31.66,5.09,7.5,0.87,40.18,0.15
7.91,-32.3017,6.0613,Coral Sea,7064.5,-66.4,34.55,11.02,7.38,15.32,4.36,2.42
8.2,61.5006,128.1981,Bay of Bengal,4625.6,1759.3,34.93,10.56,6.56,39.44,3.43,9.28
8.5,51.291,75.5052,South Pacific Ocean,320.3,2010.5,36.87,33.76,9.15,19.89,18.57,5.18
8.05,-28.2761,-111.0774,Baltic Sea,3777.8,2263.7,36.02,14.37,1.39,60.44,23.01,7.27
7.98,3.743,68.9369,North Atlantic Ocean,3008.3,-173.4,32.46,27.14,6.83,96.75,38.26,1.14
7.77,77.3295,30.4807,Gulf of Mexico,2550.9,545.1,30.65,1.85,4.21,89.48,28.92,1.69
7.73,86.3599,-106.5738,Caribbean Sea,4317.8,189.1,38.44,-1.97,8.6,88.35,16.96,4.82
8.06,54.8137,170.2609,Norwegian Sea,7573.4,-332.7,36.17,0.93,1.2,11.54,17.18,8.09
8.18,-40.1822,113.6135,Coral Sea,8184.5,1685.1,35.59,28.53,4.66,54.57,18.49,7.21
7.93,-72.0198,96.783,Norwegian Sea,2077.6,26.8,31.84,-0.21,1.94,97.74,11.76,2.95
7.5,71.3363,171.8053,Bay of Bengal,6771.0,159.9,39.53,34.72,7.74,51.24,11.31,7.05
8.06,28.9437,175.7762,Baltic Sea,3551.8,1010.3,36.98,11.38,7.72,32.06,42.73,3.86
8.07,60.4837,-8.4295,Red Sea,2601.1,-87.6,36.63,15.55,6.64,15.9,48.21,4.68
7.57,-76.0995,2.1086,South Atlantic Ocean,10971.0,1704.3,33.72,28.07,4.46,63.48,4.71,0.21
7.6,11.3502,125.701,Red Sea,692.1,2230.1,35.01,33.86,8.53,49.85,34.47,0.67
7.8,67.3144,48.0189,South Atlantic Ocean,9382.1,1623.2,37.61,12.3,4.02,10.63,0.23,4.64
8.1,-78.9539,-151.6531,North Atlantic Ocean,4385.8,979.5,33.6,19.98,7.02,39.06,12.29,7.37
7.68,77.7058,68.7935,North Atlantic Ocean,10360.1,2407.5,39.47,21.59,8.13,63.21,29.05,0.35
7.84,28.4654,-9.7358,Norwegian Sea,2167.3,2343.2,33.82,7.1,3.05,44.72,15.57,9.14
7.65,-23.7239,-158.6683,Bay of Bengal,10954.7,2683.7,33.59,22.65,2.22,74.05,12.1,9.78
7.84,31.8302,149.0584,South Atlantic Ocean,8284.7,2668.4,34.66,33.67,3.25,53.1,7.39,4.85
8.23,38.5772,-95.987,Bay of Bengal,6191.5,2332.5,35.8,7.43,5.14,91.55,44.76,6.78
7.87,24.5146,162.9007,North Atlantic Ocean,8347.3,1478.1,34.11,14.06,1.21,9.93,8.83,6.07
8.32,40.8015,0.7956,Caribbean Sea,8088.7,-444.8,31.63,30.58,4.62,15.58,7.68,2.8
8.43,-66.0317,52.1005,North Atlantic Ocean,3752.1,2040.4,34.19,24.55,1.84,13.45,11.14,4.6
7.81,6.9872,-85.2202,Bering Sea,10261.6,1189.6,36.25,19.35,4.25,49.53,44.8,2.39
8.12,-33.1588,175.0136,Gulf of Mexico,10313.3,-200.4,30.69,3.32,8.71,38.55,1.88,8.48
7.76,-66.7578,-163.1298,Norwegian Sea,3001.4,2053.5,39.0,28.57,4.88,59.55,6.12,0.68
8.07,36.9432,130.3396,Caribbean Sea,2828.3,935.1,35.28,33.07,6.81,65.83,39.89,5.11
7.62,18.1219,-155.9088,Caribbean Sea,9446.6,760.9,35.51,11.48,5.98,13.33,39.53,0.99
8.1,89.8971,146.585,North Pacific Ocean,3363.1,2327.8,36.64,20.02,2.01,51.65,11.76,0.66
7.67,61.0348,147.1326,Coral Sea,10092.7,523.1,33.29,3.09,3.81,68.56,11.13,2.46
7.89,-16.4807,-47.5679,Baltic Sea,7271.5,443.0,33.1,31.39,9.8,56.11,40.15,5.53
7.74,50.3111,35.9827,Caribbean Sea,10615.0,329.3,32.45,1.66,9.34,84.01,15.9,7.21
8.3,-56.5174,127.468,Red Sea,8984.0,384.6,38.52,13.15,6.65,81.11,1.91,3.62
7.68,-5.3357,-65.9973,Southern Ocean,9254.6,1471.1,36.06,17.88,2.46,47.57,34.18,3.56
8.46,-17.3809,-133.327,Red Sea,859.4,2341.5,30.34,2.47,8.98,34.14,38.47,8.02
7.62,19.9229,149.8043,Indian Ocean,5485.9,2860.6,33.28,29.88,5.8,42.5,24.94,7.11
7.91,54.8534,-153.2555,Caribbean Sea,4469.2,-470.6,30.93,28.63,4.64,95.93,24.68,9.16
8.27,-6.8975,-132.5653,Bering Sea,8601.8,284.2,31.4,4.39,3.57,81.85,38.57,8.47
7.62,65.6627,-116.1694,Bay of Bengal,3548.2,1130.4,36.14,-0.02,3.08,80.1,27.23,1.74
7.81,45.5616,42.4965,South Atlantic Ocean,7446.8,2960.8,30.66,20.18,9.35,59.28,33.43,9.3
7.95,-41.3678,-65.297,South Pacific Ocean,7614.7,2524.2,39.34,33.03,4.78,44.74,42.28,8.11
8.26,5.9104,20.6873,Baltic Sea,3370.4,609.4,37.21,9.94,1.45,96.06,45.25,2.63
8.29,63.0909,100.6019,Southern Ocean,6247.6,693.4,38.75,29.67,8.67,1.6,48.33,6.3
8.36,45.6084,37.5179,Norwegian Sea,7735.5,-405.1,39.95,9.58,2.9,17.16,21.6,2.36
7.81,57.7571,147.8545,Red Sea,7018.0,2047.0,32.85,26.29,4.91,62.69,5.59,6.78
7.52,-43.538,-143.8352,North Atlantic Ocean,3616.7,2191.3,37.52,19.94,6.32,17.07,22.79,7.06
8.22,50.394,152.9564,Indian Ocean,3009.9,320.2,36.04,8.26,6.91,0.26,40.43,9.98
7.67,-16.9702,-5.1377,Baltic Sea,3390.8,2387.4,39.46,34.39,9.86,24.93,35.5,8.0
7.89,82.8017,-159.3303,Southern Ocean,591.9,1296.0,37.21,29.96,3.0,16.66,11.37,0.08
8.3,-6.1423,139.9804,North Atlantic Ocean,7027.1,1131.2,35.42,4.33,3.66,93.18,2.89,8.43
8.11,71.4514,-139.0017,Baltic Sea,7942.9,962.6,30.41,17.23,6.92,74.85,16.29,3.22
8.37,29.3609,61.7189,Norwegian Sea,504.2,1580.1,33.48,31.61,4.89,54.2,8.92,5.65
8.15,78.0026,-78.0424,Bay of Bengal,10703.3,1454.5,32.36,32.09,4.54,41.33,38.45,2.61
7.88,11.8465,-142.1805,North Atlantic Ocean,8659.1,2033.4,31.81,13.41,7.38,50.29,15.58,1.08
7.53,-47.266,123.4796,Red Sea,7834.0,1167.7,34.11,19.62,4.86,58.88,34.2,1.66
7.51,27.3976,-26.1837,Southern Ocean,9188.4,325.9,35.09,21.14,5.36,46.88,20.71,4.01
7.75,-43.7908,43.0916,Norwegian Sea,9758.6,-1.0,34.22,19.19,1.71,21.22,42.56,9.99
8.15,63.1271,74.0512,South Atlantic Ocean,3224.5,189.3,32.75,23.53,5.48,21.19,41.32,6.64
8.21,-74.5743,18.8865,Baltic Sea,5308.5,705.9,36.97,-1.43,7.35,50.24,3.83,9.66
7.84,-46.8307,100.5398,Bay of Bengal,7043.2,2786.8,33.01,17.64,1.82,27.13,31.38,0.62
8.35,51.0365,0.0415,Norwegian Sea,9713.2,1939.2,35.14,19.7,1.35,11.71,13.49,4.68
8.44,-14.8374,-30.2513,South Atlantic Ocean,7914.4,976.1,38.27,24.08,7.54,5.05,16.13,5.79
7.8,-61.4326,90.6479,North Atlantic Ocean,7127.4,49.7,34.03,21.34,1.94,3.22,30.5,3.5
7.85,88.975,-104.6024,North Atlantic Ocean,5943.0,2067.2,39.88,4.71,3.65,50.72,11.46,2.2
7.91,-7.8307,159.1963,Norwegian Sea,3501.7,987.9,33.87,11.69,6.87,87.53,6.03,4.53
7.78,-3.9465,-72.0843,Norwegian Sea,7863.5,2193.7,33.52,13.5,8.65,22.02,8.86,8.3
8.15,-26.4948,-166.0467,Caribbean Sea,4975.7,2371.0,34.4,22.85,4.35,15.49,7.91,4.07
8.41,-78.1117,15.3457,North Atlantic Ocean,1158.3,1552.4,33.47,22.58,7.48,94.45,11.99,7.47
7.93,-46.4544,-71.4532,Indian Ocean,8866.5,2348.4,36.65,24.63,6.49,7.53,35.23,9.73
7.68,-39.5546,-122.9504,North Pacific Ocean,7420.6,1527.8,37.67,20.71,6.38,16.69,2.72,4.93
7.7,12.8031,101.8774,Caribbean Sea,5433.5,1271.1,32.77,12.62,2.15,26.81,3.42,2.85
8.22,78.5181,32.4928,North Pacific Ocean,9734.6,2184.5,31.32,7.57,3.86,49.02,24.61,2.99
8.23,-64.8408,33.3148,Bering Sea,7991.9,958.0,36.55,4.52,1.27,5.67,3.21,3.65
7.98,85.4417,5.7257,Coral Sea,6442.8,1672.8,32.1,11.04,6.16,71.34,20.2,5.96
8.26,-4.6689,52.2529,Red Sea,8392.8,845.7,35.8,11.29,5.6,82.48,28.93,9.49
8.01,14.9426,152.0239,Norwegian Sea,9494.4,2779.8,35.77,22.48,6.99,58.0,32.75,2.23
7.8,-83.699,-61.1161,Bering Sea,6488.4,1972.7,33.14,8.37,2.01,78.66,20.21,1.73
7.64,63.165,48.7597,Arabian Sea,9637.8,2549.6,36.7,3.82,9.16,59.93,36.92,9.78
8.02,66.0939,101.9798,North Atlantic Ocean,7376.2,1343.8,35.03,34.06,8.75,53.73,43.8,0.51
8.34,45.6023,-106.8287,North Pacific Ocean,6203.3,2603.4,30.02,-0.62,7.08,73.61,14.2,9.64
8.43,-63.8514,84.3426,Gulf of Mexico,4929.7,1433.3,36.22,32.75,2.99,89.47,2.05,7.66
7.56,-17.1784,-42.6035,Southern Ocean,1615.0,2141.9,33.18,13.61,6.63,75.22,12.42,2.36
8.42,81.9832,122.8745,Baltic Sea,180.5,2109.4,35.84,18.69,9.43,27.06,23.55,3.12
7.68,-14.0277,-73.7684,Bay of Bengal,2409.2,-192.5,34.74,27.5,4.98,21.2,6.78,0.24
8.1,-27.2344,69.4515,Norwegian Sea,2121.0,787.8,37.14,31.27,3.76,28.96,28.9,5.87
7.94,-74.59,3.827,Arabian Sea,2482.2,2964.3,31.51,34.99,6.33,47.12,31.17,8.99
8.2,-75.6568,89.8323,Baltic Sea,3890.7,249.4,34.01,21.65,1.21,44.81,36.74,0.58
8.03,-12.1305,112.486,North Atlantic Ocean,5082.4,753.3,33.61,21.49,8.99,34.26,3.66,1.94
7.89,7.2734,-136.2876,North Atlantic Ocean,9146.0,2922.2,36.46,4.48,4.08,14.44,38.62,6.27
7.57,58.464,-85.4281,North Pacific Ocean,4066.1,658.9,33.56,16.58,9.58,98.49,21.88,4.84
7.53,73.286,-87.4065,Caribbean Sea,2566.9,2385.5,30.88,25.19,9.45,73.13,43.44,7.39
7.74,-18.0431,-163.7069,Baltic Sea,10875.9,1020.1,33.02,33.67,1.46,19.78,26.62,5.83
8.25,61.8214,164.9092,Red Sea,10976.8,2770.2,39.18,-0.6,9.47,49.3,24.08,1.73
8.12,7.8632,20.8175,Coral Sea,8396.2,1597.2,38.7,28.25,6.72,32.81,35.95,8.19
7.92,85.078,-100.5843,Norwegian Sea,4032.5,2901.4,30.56,28.18,7.37,88.32,14.88,0.82
8.04,77.2542,23.5326,North Pacific Ocean,4450.1,-112.5,37.39,13.94,9.25,75.84,5.69,9.0
8.09,38.366,118.4164,Baltic Sea,1982.3,447.6,34.26,12.79,3.67,31.03,43.64,3.77
7.57,-55.9401,-122.5621,Baltic Sea,2893.2,1593.8,35.85,33.18,5.26,84.54,14.95,6.46
7.82,76.4334,53.4228,Baltic Sea,7422.2,-103.8,34.7,11.91,3.63,8.61,26.41,7.97
8.38,-68.979,-126.2124,Southern Ocean,6434.7,2095.3,37.41,0.0,3.02,76.09,21.06,1.7
8.23,57.3042,126.1207,South Pacific Ocean,5064.4,2762.7,33.28,30.08,9.5,26.85,19.88,2.52
7.59,-1.0289,-93.7433,North Atlantic Ocean,6819.9,1732.0,37.06,31.04,3.29,23.84,34.13,6.8
7.78,20.0662,37.8847,Gulf of Mexico,5321.3,1952.9,35.92,18.03,2.63,52.03,14.67,2.75
7.7,66.8324,-173.623,Caribbean Sea,10517.5,49.0,38.8,31.5,5.11,22.04,19.77,1.97
7.88,52.7424,-179.5795,Caribbean Sea,9413.2,1736.0,34.69,21.85,9.92,3.29,35.01,2.08
8.48,-79.4781,65.3731,Caribbean Sea,8361.1,1021.7,34.73,3.06,1.67,21.06,18.67,4.99
8.08,-23.3967,-159.6735,North Atlantic Ocean,1110.3,2139.4,31.1,4.24,8.42,9.5,27.61,2.8
7.66,84.6826,-103.6829,North Pacific Ocean,5205.1,571.4,30.53,15.06,3.96,37.6,6.56,3.75
8.29,-25.9315,158.1133,North Atlantic Ocean,6743.3,1826.1,34.48,16.28,4.94,70.72,27.14,4.99
8.09,54.9888,52.4782,South Atlantic Ocean,972.3,-229.6,35.36,16.35,7.6,84.14,8.63,0.94
8.36,41.1268,-85.7135,South Pacific Ocean,10024.9,587.0,31.41,33.17,4.72,52.57,41.58,6.99
7.99,82.0921,61.7251,Arabian Sea,2372.7,1597.6,38.82,16.46,3.07,91.5,17.1,4.62
8.39,80.9684,177.6131,Norwegian Sea,56.5,1499.2,31.46,22.68,9.23,24.69,42.02,9.61
8.36,-7.6821,-23.0544,North Atlantic Ocean,4554.4,1539.1,36.21,29.31,8.71,22.17,35.06,6.48
7.56,-48.9819,3.5782,Red Sea,1368.3,1129.6,36.65,28.47,3.14,92.19,5.12,1.76
8.32,-35.799,12.3849,Coral Sea,8002.4,1617.1,33.76,23.47,6.49,91.29,22.09,8.07
7.62,-36.9683,-122.1585,Coral Sea,9294.1,481.8,30.86,33.36,9.52,22.37,41.4,3.92
7.61,23.3831,12.1067,Indian Ocean,4781.7,1063.4,34.14,9.68,2.39,62.78,20.99,8.3
7.66,-23.9442,46.8103,Coral Sea,10703.6,53.2,30.68,30.86,2.53,75.99,15.19,4.87
8.42,66.2628,-3.6991,North Atlantic Ocean,5658.6,741.0,30.19,9.51,2.2,11.1,8.77,5.67
8.0,-35.685,-14.0864,Coral Sea,5793.9,1807.6,36.53,18.51,3.36,39.31,41.27,7.94
7.82,88.2217,-100.8039,North Atlantic Ocean,8595.2,1479.5,34.93,4.09,3.9,9.95,48.61,0.39
7.56,29.2755,29.1892,North Atlantic Ocean,1902.0,-374.2,30.64,25.53,1.17,34.66,12.54,1.58
7.62,-25.9651,17.3673,South Pacific Ocean,2139.7,1973.2,36.01,21.2,8.87,18.47,41.07,0.06
7.69,15.4733,154.6084,Norwegian Sea,9110.6,1588.4,31.91,32.44,6.7,41.46,35.34,7.37
7.69,-24.9022,-47.8529,Coral Sea,534.5,865.8,36.01,13.44,7.32,60.89,41.47,0.29
7.58,2.7516,72.3251,Arabian Sea,2897.7,1595.4,37.97,15.47,7.71,55.71,12.81,5.66
7.58,4.6647,102.018,North Atlantic Ocean,6602.3,-291.2,37.02,0.74,1.56,92.07,47.25,9.41
7.8,47.7509,105.1006,Caribbean Sea,6859.9,2135.2,34.77,25.16,9.78,49.63,43.57,3.36
8.05,-9.5768,23.5703,Caribbean Sea,7260.1,1626.4,30.25,33.87,1.8,49.02,27.76,4.11
8.07,80.7569,44.8365,North Pacific Ocean,10156.5,345.8,36.54,29.25,2.29,20.45,11.99,7.65
7.79,-72.2799,108.5065,Indian Ocean,1446.0,-419.5,39.65,23.69,8.31,27.38,34.11,5.33
7.58,-32.222,-169.5654,Southern Ocean,4332.7,1731.0,31.16,29.94,5.87,1.61,45.25,7.33
8.11,44.4587,-102.6076,South Pacific Ocean,2420.9,2543.0,31.07,10.35,7.55,92.53,25.46,6.65
8.16,17.331,9.0031,Bering Sea,8987.1,-99.4,37.26,18.16,4.31,99.09,34.47,3.92
8.2,-67.6838,82.8163,Coral Sea,2208.9,2638.0,37.36,2.12,1.72,10.92,14.74,0.14
8.43,56.4787,-115.0656,Southern Ocean,7647.2,2429.5,37.74,12.09,5.84,44.19,43.01,8.06
7.54,29.5379,132.8692,North Pacific Ocean,10964.1,1163.0,39.69,6.98,1.44,1.66,36.95,7.57
7.71,15.1121,4.8126,Red Sea,4394.1,853.5,30.95,-0.33,1.66,92.62,40.62,2.81
8.07,67.6976,-43.7295,Arabian Sea,5150.7,323.0,33.44,1.47,1.82,11.88,31.68,3.53
7.51,60.1766,-125.3718,Gulf of Mexico,4602.1,-287.0,33.12,34.89,3.14,45.11,26.83,3.17
7.55,-33.1041,21.598,Gulf of Mexico,5981.4,460.3,32.31,32.54,1.88,66.51,11.17,4.02
7.89,8.0643,103.7853,North Atlantic Ocean,4920.7,2368.1,36.74,24.69,7.75,35.62,7.91,9.08
8.07,64.6676,-67.3043,Baltic Sea,8030.0,1186.2,33.38,14.92,7.39,40.43,23.28,9.01
8.18,-78.3378,-1.2779,Red Sea,105.9,-346.0,31.38,12.66,4.74,30.01,20.45,9.86
7.75,-30.8569,-116.3361,Baltic Sea,5171.0,1320.1,36.63,23.02,9.26,43.43,37.03,4.13
8.12,-20.0556,-86.4507,North Atlantic Ocean,6325.8,2063.2,31.72,6.95,1.7,28.6,8.87,8.11
7.87,-40.9788,68.8597,Gulf of Mexico,338.1,2138.6,38.73,8.0,5.54,40.89,32.42,4.1
8.06,1.5132,167.9169,Baltic Sea,1190.6,2479.9,37.89,31.36,9.77,57.29,13.87,9.11
8.17,53.3153,40.4864,South Pacific Ocean,4140.0,2020.3,37.24,1.53,2.49,25.97,8.95,8.33
7.75,-3.675,47.3283,Gulf of Mexico,3757.7,-472.4,33.41,0.8,4.43,3.1,22.23,2.4
7.86,-82.3177,137.1032,Caribbean Sea,10125.2,960.5,36.91,14.36,4.56,57.2,40.84,4.62
8.05,63.6915,-114.6036,Gulf of Mexico,132.1,674.0,36.36,13.39,3.93,4.94,21.76,2.1
7.73,-53.0901,112.9426,Baltic Sea,8986.4,1093.7,32.95,13.26,2.07,60.19,5.61,4.66
8.44,-12.3368,129.087,Indian Ocean,594.8,2274.6,30.8,15.09,3.15,12.85,42.77,7.57
8.22,-86.2941,69.7058,Gulf of Mexico,9233.8,-366.1,37.87,9.88,4.62,71.1,9.98,1.21
8.13,-10.8898,-167.2878,South Atlantic Ocean,4801.4,1850.9,30.24,5.81,5.76,49.99,14.46,1.65
8.23,-22.5568,153.3375,North Atlantic Ocean,7058.8,922.1,32.13,0.76,7.86,92.85,31.29,8.25
7.73,-37.9577,33.4725,Bay of Bengal,1967.5,2994.6,33.01,3.78,5.63,24.59,42.54,0.83
7.51,78.7076,-100.1834,Norwegian Sea,8781.2,520.7,31.25,-0.77,4.32,73.19,47.28,4.04
8.15,32.0917,-4.7648,North Atlantic Ocean,5355.3,1214.3,31.63,11.05,2.17,89.72,11.36,9.41
8.46,74.7817,24.5606,Gulf of Mexico,516.8,2815.4,30.47,-1.18,9.7,92.91,7.56,3.69
8.16,-6.0019,-151.1867,Norwegian Sea,8786.3,79.3,39.65,9.41,4.64,33.09,43.19,1.58
7.67,2.9001,33.4684,North Atlantic Ocean,8148.1,1514.7,36.36,5.89,9.2,31.85,5.88,7.66
8.36,80.7944,43.248,Red Sea,8426.1,1684.9,37.58,22.82,1.54,12.27,16.11,9.0
8.08,-7.6027,106.3932,North Pacific Ocean,5201.2,1666.7,33.61,22.01,8.9,79.31,13.02,4.75
8.12,-84.4029,152.0689,North Atlantic Ocean,195.4,2169.4,37.37,14.18,1.19,76.11,34.97,0.52
8.01,26.1306,-13.6308,Indian Ocean,9627.8,-25.6,35.83,24.69,4.62,49.89,43.41,8.31
8.23,-54.368,-79.3716,Southern Ocean,6979.6,1996.9,37.71,11.12,1.8,53.69,11.66,3.91
8.46,81.6092,64.5928,Bay of Bengal,9779.7,66.9,37.59,3.61,6.41,41.22,9.34,9.12
7.87,-77.5111,-126.3127,North Pacific Ocean,2375.6,1015.7,36.57,-0.47,4.29,89.53,33.71,0.91
8.08,71.5589,-144.4629,Red Sea,7650.3,2693.1,37.01,-0.31,8.62,47.71,36.25,1.27
8.35,-63.8941,101.7535,Arabian Sea,10413.1,58.6,34.33,17.96,3.6,43.21,2.0,9.65
8.38,-43.5669,130.3592,Gulf of Mexico,10959.5,1961.9,35.5,28.36,9.79,30.42,26.64,3.72
8.32,-62.633,112.9731,Bay of Bengal,3542.6,1748.8,31.95,20.34,7.43,99.1,21.09,9.03
8.06,-30.0249,140.1193,Bay of Bengal,7219.5,2046.7,33.38,10.55,3.76,61.08,42.82,6.43
8.44,-70.7943,-80.278,Coral Sea,4532.4,2674.8,35.84,17.73,8.11,15.06,10.45,5.59
7.67,-22.6149,46.036,South Pacific Ocean,10646.0,2325.1,32.98,29.94,8.38,75.36,15.11,8.7
7.7,-34.1675,40.2203,Red Sea,4029.5,1404.9,34.68,28.79,1.48,97.67,16.34,5.48
7.72,43.5494,-164.0308,Southern Ocean,3775.3,222.8,36.77,21.32,1.09,80.31,14.92,7.69
7.9,20.0252,-170.8058,South Pacific Ocean,256.0,23.6,39.78,21.54,8.08,83.53,44.88,1.6
8.17,33.0164,135.2793,Baltic Sea,3892.3,-277.3,35.61,15.31,8.99,62.16,46.39,9.13
7.92,-1.6871,-173.6286,Bay of Bengal,3381.2,1203.3,36.22,34.79,1.52,35.74,41.64,0.55
8.45,63.55,82.7867,North Pacific Ocean,1417.4,2541.0,30.74,24.31,8.22,58.06,41.97,8.23
7.74,-26.3312,-25.3836,Bering Sea,378.1,260.0,34.4,17.76,4.98,30.21,28.95,5.98
8.31,-17.5773,-165.802,Gulf of Mexico,172.2,2661.0,36.83,31.36,8.29,30.72,31.3,1.61
8.28,-72.6021,126.3258,Bay of Bengal,4166.1,40.3,32.07,5.13,1.5,19.5,4.76,5.87
7.83,89.8283,-39.7225,Indian Ocean,4140.0,2613.4,31.82,0.83,3.42,94.96,15.65,9.77
7.97,-8.6153,84.7432,North Pacific Ocean,3213.0,1939.7,39.67,2.16,3.61,18.69,30.79,1.85
8.26,74.8201,0.3411,Coral Sea,5105.6,429.8,30.34,32.9,4.18,4.52,39.61,6.86
8.35,63.4829,132.9546,Baltic Sea,10155.4,2928.2,39.21,-0.55,4.59,80.25,2.04,1.2
8.18,-43.3175,0.7927,South Pacific Ocean,3266.1,1052.7,39.3,20.85,1.17,62.56,44.54,3.07
8.42,0.2326,91.8383,North Atlantic Ocean,8561.2,135.1,37.11,30.07,3.28,31.29,17.33,2.67
8.12,15.8678,36.0149,Southern Ocean,447.7,1898.0,30.7,16.58,6.85,21.5,42.23,7.22
7.91,62.0982,101.3277,South Atlantic Ocean,10237.5,75.4,35.04,7.53,3.86,66.04,19.41,1.58
8.12,-72.4687,-140.7585,Southern Ocean,3512.8,2617.3,31.25,26.56,2.12,74.17,9.18,8.49
8.11,59.0822,-52.4594,Norwegian Sea,3882.0,2731.5,30.34,33.22,4.67,63.66,33.31,0.83
8.05,-69.839,-47.8457,Indian Ocean,4894.6,-251.5,37.48,3.23,6.96,50.59,31.59,1.38
7.81,-9.2078,-139.7194,Caribbean Sea,3060.9,1182.2,37.75,25.07,9.23,5.33,41.46,7.87
8.17,65.1892,142.4942,Bay of Bengal,9887.6,-276.1,31.27,25.71,4.02,67.07,40.37,4.01
8.3,-47.9439,-84.1973,Bay of Bengal,528.9,797.3,36.0,21.16,3.67,48.47,27.11,9.93
8.46,-81.6822,100.0912,Norwegian Sea,771.2,1977.8,39.43,9.27,9.25,49.09,11.87,2.35
8.0,-81.3994,-4.8988,North Pacific Ocean,4257.6,785.1,31.86,2.36,9.74,40.63,7.63,4.77
8.25,-56.0059,139.62,Arabian Sea,1810.4,2761.5,36.71,-0.71,3.53,58.46,11.54,6.16
8.3,7.3829,82.7022,South Pacific Ocean,8282.3,319.6,39.89,25.16,9.02,14.91,43.78,6.95
8.17,70.7174,92.7424,South Pacific Ocean,2585.9,131.2,34.02,20.87,4.51,36.77,41.08,1.95
7.88,37.6098,-4.7026,Baltic Sea,3126.3,1786.2,30.56,9.61,6.73,53.79,2.04,6.13
8.22,54.8892,-39.8695,Caribbean Sea,2837.2,2702.7,33.44,6.85,9.25,41.55,39.9,2.41
8.48,-45.6104,-11.3283,South Atlantic Ocean,9893.3,-465.5,39.38,16.88,1.1,14.11,1.73,5.17
8.11,-21.1518,-3.7821,Indian Ocean,9054.3,2333.3,34.05,-1.59,3.0,53.88,7.41,6.85
8.24,4.384,-158.794,South Atlantic Ocean,5935.3,1354.2,35.79,16.74,8.5,16.39,11.2,6.3
7.74,-23.8257,-141.7246,Arabian Sea,23.4,-258.0,30.62,15.48,8.4,27.2,5.62,5.61
8.15,45.4167,-75.8047,Baltic Sea,3611.9,1815.2,37.6,10.86,1.75,70.54,6.44,9.81
7.53,84.6662,-31.1202,South Atlantic Ocean,5247.9,970.2,37.6,7.45,5.95,34.47,4.07,6.66
8.33,48.447,-155.7869,Arabian Sea,5727.7,973.0,35.85,6.18,3.59,25.36,33.64,4.8
7.72,79.2303,-7.1675,Caribbean Sea,2714.5,-191.4,31.04,8.91,5.79,44.23,2.48,9.77
7.57,86.1458,29.0822,Norwegian Sea,6967.4,1890.3,35.84,12.25,6.45,95.95,32.02,0.78
7.68,-32.1575,165.8763,Norwegian Sea,2101.4,-119.1,30.03,17.6,1.51,46.77,31.82,3.18
7.97,20.9,-142.4053,South Atlantic Ocean,5220.3,1197.5,39.74,30.52,1.47,70.44,17.3,2.46
7.54,47.9495,111.4939,South Pacific Ocean,4225.9,2407.8,36.31,-1.3,7.17,29.1,16.84,2.15
7.53,21.4189,83.3219,Red Sea,3866.4,2106.5,31.17,0.66,4.0,25.7,5.07,6.29
8.01,17.7065,88.4341,North Pacific Ocean,4135.0,234.2,30.15,30.23,8.48,79.65,18.5,0.38
8.07,-23.7057,124.3316,Bering Sea,4912.3,2372.1,32.36,21.24,3.14,59.46,1.6,2.15
7.82,5.4267,167.5725,Indian Ocean,2701.2,2584.2,37.94,-0.92,5.09,30.02,21.56,2.01
7.52,-28.6675,50.6334,North Pacific Ocean,2724.5,2089.5,33.4,25.19,3.96,31.71,49.01,7.28
7.96,-49.3629,138.3485,Caribbean Sea,2263.0,2982.7,38.33,24.34,6.46,71.87,5.05,2.88
8.42,-21.586,-134.8302,South Atlantic Ocean,7319.1,-230.2,31.85,13.36,4.72,78.43,44.5,5.39
7.98,-18.1118,-94.3193,North Atlantic Ocean,2811.1,-241.6,38.73,28.75,8.85,16.26,2.52,0.81
7.95,-64.0277,-44.1007,North Atlantic Ocean,283.5,1694.6,35.28,12.66,4.9,63.95,36.25,7.37
8.06,-2.0615,-152.1769,Baltic Sea,4798.2,652.8,38.09,3.18,6.24,59.73,45.76,4.58
7.66,24.6528,-100.6341,Indian Ocean,5442.6,1037.4,32.22,6.76,8.39,71.89,46.31,8.28
8.3,-71.2652,172.7145,Bay of Bengal,10530.3,2074.7,37.49,6.51,6.59,20.48,10.91,8.56
7.53,5.6009,86.8837,North Pacific Ocean,6941.7,2665.4,39.47,27.39,6.64,99.31,22.14,2.51
7.56,-74.1849,78.8722,Gulf of Mexico,1163.8,333.0,33.79,-1.47,7.33,19.8,8.88,0.44
7.56,64.1048,12.5137,Arabian Sea,4955.7,116.5,39.16,26.25,4.47,87.08,8.42,6.35
8.29,-16.425,-98.7024,Coral Sea,8238.9,2128.7,31.01,26.07,1.18,69.47,14.8,5.49
7.87,-46.2346,-136.046,South Pacific Ocean,9104.7,2472.7,34.39,32.0,6.77,54.87,32.7,1.97
8.14,-22.0581,8.6262,Arabian Sea,6871.3,2208.7,32.52,34.69,2.71,23.58,47.36,4.85
7.58,27.333,57.3029,Indian Ocean,9859.7,-52.6,32.56,17.22,4.87,57.3,44.84,2.74
8.26,-4.0211,22.6052,Bay of Bengal,5865.2,2156.9,33.76,21.19,9.62,38.63,48.38,1.74
7.83,18.5192,-14.2392,Bering Sea,4187.5,1035.6,35.29,14.33,9.93,80.71,45.26,2.45
7.72,17.2754,-171.0443,Caribbean Sea,5347.6,1632.1,33.16,4.67,4.44,4.79,8.87,2.76
8.21,35.1769,35.3251,Bering Sea,519.2,907.9,33.61,13.76,2.31,46.82,39.0,7.25
7.56,77.7637,7.5035,Baltic Sea,107.2,-452.9,34.49,4.31,4.49,99.26,7.18,7.52
7.99,27.5221,-78.1119,Arabian Sea,6638.7,2986.9,32.38,22.41,4.18,78.36,6.98,9.87
7.88,-60.3203,106.662,North Pacific Ocean,2516.1,115.5,38.04,31.94,8.78,44.35,35.18,3.18
8.24,-7.8648,69.2981,Indian Ocean,4546.9,1856.5,37.82,8.97,3.31,50.28,25.96,2.77
8.14,-55.6999,170.0507,South Pacific Ocean,7557.7,275.7,33.56,13.03,7.75,16.93,28.52,6.74
8.39,-65.4201,0.3987,Arabian Sea,4189.2,-370.2,35.79,8.95,3.14,43.77,39.82,8.72
8.23,44.0147,-155.557,Red Sea,7305.6,2960.9,31.36,5.64,5.45,78.69,10.19,8.04
7.92,-62.0515,154.2617,Gulf of Mexico,4685.2,-477.4,38.26,6.71,1.9,55.51,18.69,3.13
7.69,50.5557,-15.0802,Gulf of Mexico,326.1,1661.8,37.58,27.68,5.85,57.32,6.69,1.4
7.95,4.0343,177.8861,Bay of Bengal,9275.2,2089.7,39.37,34.97,7.01,51.89,44.43,2.43
7.67,-13.6938,1.0413,South Pacific Ocean,8641.5,1479.9,37.85,9.19,4.4,86.0,38.55,2.41
7.61,67.2055,-29.1483,Arabian Sea,6722.7,2189.9,35.54,8.27,5.77,76.19,22.58,4.28
7.55,72.0116,-152.5802,Norwegian Sea,5445.8,97.2,33.74,26.49,6.52,0.87,25.63,4.11
8.04,-51.2256,-135.3046,Arabian Sea,1068.7,-416.7,33.44,20.82,6.77,56.9,45.19,0.32
8.07,54.0085,-139.3212,North Pacific Ocean,7402.1,1372.1,30.52,31.19,4.94,56.97,5.28,5.88
8.16,19.0694,50.4572,North Atlantic Ocean,0.1,1018.7,36.47,30.74,8.33,72.51,34.61,1.27
8.39,-0.6713,11.3837,Coral Sea,3863.9,2184.0,38.75,22.0,6.64,26.26,12.73,9.07
8.41,-47.1893,174.9424,Bering Sea,5799.1,-287.1,36.65,-1.82,3.68,98.98,45.61,7.93
7.84,54.4632,-23.6821,Bering Sea,7951.1,-312.4,33.63,13.65,4.74,52.13,19.47,0.31
8.14,68.6491,-122.7458,Norwegian Sea,4020.9,675.8,39.57,26.84,1.55,79.43,0.79,5.88
7.96,41.3759,-78.1536,Gulf of Mexico,6652.3,2267.6,35.43,4.89,8.92,36.44,32.17,6.04
8.25,-40.3296,108.4768,North Pacific Ocean,702.1,1140.5,34.85,13.64,9.0,45.39,8.4,6.22
8.22,-77.2188,116.6086,South Pacific Ocean,7832.5,2254.4,31.39,21.29,6.71,67.91,43.51,5.71
7.7,-3.7822,-137.5547,South Atlantic Ocean,2186.2,1737.4,31.42,3.13,2.45,72.41,9.55,2.14
7.67,-41.7016,174.7291,Bering Sea,56.5,1001.3,33.79,17.84,5.76,13.42,11.94,6.46
7.61,-28.3942,-53.1342,Gulf of Mexico,7116.2,2421.7,36.07,2.5,2.67,11.5,32.4,8.58
7.62,-30.5853,-51.0524,Baltic Sea,682.6,1831.2,31.86,31.16,7.58,70.7,41.74,2.85
7.75,-52.0254,-77.4374,Indian Ocean,4964.2,970.5,39.37,18.19,8.89,0.99,0.93,9.98
7.85,87.2225,96.3296,Bering Sea,9439.0,-109.3,32.33,2.81,4.5,89.97,22.06,2.46
8.12,64.0117,157.6239,South Pacific Ocean,4014.4,781.9,39.58,25.82,2.34,72.88,6.95,9.95
8.25,-75.107,76.7726,Bering Sea,7208.2,-294.3,33.98,20.95,9.97,80.19,22.61,3.44
7.64,60.9585,-146.0921,Arabian Sea,9795.5,1191.5,32.43,20.62,1.85,73.57,36.91,4.03
7.75,-85.4824,98.2201,Red Sea,8062.7,-308.1,31.9,30.99,4.07,59.41,13.42,9.28
8.09,59.8509,100.1681,Southern Ocean,5753.0,2196.4,39.37,18.66,7.55,98.76,20.82,3.23
8.26,-54.9461,53.9808,Southern Ocean,4253.7,746.2,35.67,34.14,5.16,2.25,3.48,6.25
8.32,-5.5967,-111.0286,North Atlantic Ocean,9913.2,1634.1,30.28,7.94,7.2,41.23,43.09,1.49
7.88,-32.6304,-0.0674,Norwegian Sea,2771.8,567.2,35.58,17.04,3.92,94.46,39.14,4.81
7.95,14.0609,-168.1669,Baltic Sea,6222.9,2588.0,38.77,24.93,8.67,26.57,18.51,0.97
8.18,-9.6578,-88.1135,Bering Sea,9244.1,1220.4,31.44,14.87,7.83,48.87,13.35,6.36
7.78,-83.5974,61.8485,North Atlantic Ocean,2493.0,2117.3,33.63,32.82,9.75,74.23,43.11,8.55
7.58,45.2091,-49.4335,Gulf of Mexico,4961.4,1811.0,37.34,10.99,3.11,35.41,28.72,3.95
7.94,-3.313,-122.2441,South Atlantic Ocean,8754.1,1954.0,32.17,18.22,2.27,61.75,33.43,4.48
8.49,-52.2011,-141.3948,South Pacific Ocean,5318.5,1308.2,39.57,2.58,9.28,80.91,20.9,4.98
7.87,17.1813,95.1651,Caribbean Sea,5626.5,2995.2,37.1,16.48,8.27,13.53,10.56,6.02
7.8,-56.9793,-78.3274,Baltic Sea,5164.3,-146.0,32.74,4.24,6.15,53.88,9.61,1.61
8.32,7.8351,166.8472,Coral Sea,5057.5,1278.3,31.96,25.05,6.14,0.37,9.78,0.14
8.42,-12.6166,85.983,Coral Sea,10457.2,780.9,39.68,26.88,2.75,13.19,12.8,2.62
8.28,6.2232,-52.8564,Indian Ocean,8709.5,758.2,35.75,11.15,8.22,96.06,47.98,5.12
8.02,13.2708,-56.5192,South Atlantic Ocean,7190.3,2140.0,36.54,7.15,1.18,3.1,40.64,6.44
8.39,-82.5252,-129.138,Baltic Sea,6554.1,-474.2,38.2,2.03,1.63,52.54,2.11,2.33
8.09,24.7151,77.737,North Pacific Ocean,375.4,847.5,32.97,12.92,7.32,21.04,41.91,2.0
7.8,-36.0789,-2.0591,Bering Sea,8530.6,936.7,33.71,8.52,3.87,15.06,45.95,7.92
8.44,-28.8885,116.304,Caribbean Sea,5514.4,1272.2,33.61,9.34,9.43,62.92,14.27,0.13
8.16,49.2657,-80.6701,Red Sea,10966.6,881.6,33.84,34.5,7.09,83.14,30.65,8.25
7.63,-57.3492,-57.6922,North Atlantic Ocean,5707.8,528.0,38.89,14.68,9.69,47.21,35.23,2.93
7.84,-29.1133,-7.6881,South Pacific Ocean,7466.9,1426.2,39.62,12.58,1.53,1.88,4.44,9.94
8.16,-77.7562,74.3711,North Pacific Ocean,9139.2,2677.0,32.31,3.5,6.16,66.76,10.92,0.76
8.34,83.8296,129.9817,South Atlantic Ocean,2042.8,645.3,36.95,-1.75,6.46,61.71,17.07,3.27
8.49,-49.1424,163.4832,Norwegian Sea,6070.1,-130.3,38.5,32.06,5.48,96.61,30.24,1.77
7.7,67.778,-162.623,North Pacific Ocean,10762.5,1250.1,30.24,2.73,8.35,67.09,15.65,8.53
8.31,18.4613,124.3696,North Pacific Ocean,2770.6,2450.7,34.08,32.61,4.08,43.35,21.78,6.31
7.62,-12.6502,-134.6908,South Atlantic Ocean,10666.7,-18.7,37.41,19.43,4.12,50.28,3.95,2.33
8.18,14.594,173.6704,North Atlantic Ocean,9359.7,2470.9,30.72,8.41,9.22,75.59,14.02,9.09
7.61,12.1468,-164.1045,Bay of Bengal,8802.2,1994.7,36.35,0.66,6.24,60.24,48.18,3.45
8.06,17.452,-67.643,Southern Ocean,1626.6,1456.5,32.3,17.18,9.65,32.34,44.37,3.51
8.02,-29.0262,179.661,North Atlantic Ocean,1482.3,1066.2,30.88,32.82,9.08,24.67,37.42,3.5
8.39,69.3273,-90.634,Norwegian Sea,9184.7,968.1,30.59,22.2,6.94,71.81,6.22,7.98
8.04,50.4146,127.9761,Arabian Sea,6944.9,2040.4,35.6,0.93,2.45,45.01,44.07,4.78
8.22,86.0113,120.3445,Norwegian Sea,5962.4,1160.6,34.62,33.56,8.07,31.97,4.79,7.59
8.36,60.1336,-84.7713,Norwegian Sea,10380.7,1789.2,33.2,6.5,6.64,82.51,13.38,3.38
7.64,-24.71,1.5304,Bay of Bengal,1634.1,-370.5,37.66,12.86,9.4,31.41,9.72,5.94
7.62,-32.7646,-152.3378,South Pacific Ocean,10399.9,2791.3,33.84,18.66,6.78,79.43,8.85,1.8
7.62,-5.9956,-131.0003,Bay of Bengal,6059.2,1080.7,37.08,0.12,1.23,66.36,34.46,2.89
7.82,-79.2418,-50.644,Southern Ocean,1589.9,2698.9,35.84,26.18,3.57,60.15,6.46,8.44
7.89,-19.2019,146.1297,Bay of Bengal,4803.7,1706.1,38.09,6.1,7.44,1.59,43.63,0.97
7.54,-84.0803,58.3085,Indian Ocean,8364.2,1813.7,33.63,34.68,3.0,95.19,20.77,6.39
7.75,-59.0308,37.5749,Baltic Sea,1012.6,186.5,36.51,2.88,9.85,39.94,2.17,7.07
7.51,-33.5046,162.7142,Gulf of Mexico,10130.2,-251.6,33.64,18.58,5.03,83.24,42.25,5.63
7.69,25.8328,100.3363,Arabian Sea,2563.4,260.1,35.76,28.64,2.95,49.28,35.04,1.72
7.89,85.3352,177.9825,Arabian Sea,27.4,1372.7,33.33,12.81,1.45,33.5,39.45,5.91
8.25,-60.9008,-14.4817,Baltic Sea,7638.8,-375.1,34.93,27.31,9.24,70.74,23.59,1.66
8.5,-72.1506,-110.4421,South Pacific Ocean,4856.5,2573.0,34.84,25.49,1.49,42.52,40.93,5.45
7.7,76.4825,-27.0709,Bay of Bengal,3109.7,983.5,30.25,27.79,3.37,96.06,1.94,5.54
8.2,-0.5507,-27.0857,Baltic Sea,6021.0,1196.2,33.6,24.07,6.41,5.87,30.87,3.12
7.85,20.1939,99.5592,South Atlantic Ocean,2738.4,3.3,37.92,22.16,1.77,12.56,2.31,2.89
8.35,-86.2863,-84.0697,South Atlantic Ocean,71.0,2506.0,36.33,16.1,4.09,24.42,11.94,5.6
7.83,-31.2301,10.4649,Bering Sea,5012.0,1809.0,36.21,5.67,3.67,25.51,34.06,4.92
7.81,0.8931,-33.7505,Arabian Sea,5180.7,-189.6,30.16,10.78,6.34,80.18,19.31,0.92
8.04,-43.2617,-16.5109,Arabian Sea,2429.5,148.8,33.27,7.02,8.2,40.8,37.23,5.37
8.5,54.9989,-144.032,Bay of Bengal,4445.3,-326.0,36.99,24.98,8.88,84.35,8.53,7.4
7.85,19.2159,23.1574,Southern Ocean,8309.3,1652.8,33.92,16.01,8.17,87.18,32.47,2.39
7.7,81.9616,48.1943,Southern Ocean,10288.5,-66.5,33.82,11.38,9.85,90.34,22.62,2.31
8.2,35.5234,-162.4078,South Atlantic Ocean,8070.6,1196.1,34.35,24.95,6.5,89.93,7.24,6.64
8.39,-62.3403,-133.1998,Bering Sea,4276.2,1976.7,30.58,21.04,8.13,60.25,33.67,1.74
8.33,4.0569,-154.6208,South Pacific Ocean,4255.7,1343.6,32.84,17.6,1.72,0.98,36.89,9.79
8.38,-62.2372,-106.8975,Southern Ocean,1062.5,1145.1,31.94,-1.36,6.19,69.25,47.97,2.35
7.53,64.9586,-154.6629,South Atlantic Ocean,1306.4,-159.1,32.64,31.3,4.64,47.69,48.66,4.77
7.58,-30.4865,-31.2078,Norwegian Sea,10059.7,1304.9,32.68,22.54,1.49,63.98,32.87,2.86
8.29,-11.2705,-87.0558,Baltic Sea,10326.1,-248.3,35.65,11.25,3.53,87.59,26.76,4.41
7.91,66.7954,86.1101,Indian Ocean,6337.0,-451.4,33.19,34.6,7.07,14.92,33.22,7.05
7.95,-42.3717,154.4748,Norwegian Sea,2417.6,2474.9,39.33,11.01,6.15,37.57,22.52,1.11
7.9,-7.2253,9.9794,Southern Ocean,6938.1,2754.4,33.48,22.82,5.35,42.7,20.18,6.78
7.67,51.2959,-51.1316,Baltic Sea,6511.4,-492.1,32.41,1.68,1.51,82.54,4.76,7.63
8.44,-78.0915,21.1124,Arabian Sea,9525.4,1752.2,38.56,28.86,2.12,26.78,44.37,7.51
8.23,-40.0377,-127.472,Red Sea,4990.2,311.3,38.6,24.35,1.64,25.5,39.87,5.63
7.82,-70.0938,110.005,Indian Ocean,2018.5,1125.2,36.56,5.32,9.03,6.54,47.87,8.96
8.09,44.111,16.3819,Baltic Sea,4348.2,1285.1,32.5,22.85,3.19,37.76,35.15,3.32
8.03,-63.5735,-170.7154,Red Sea,3554.1,1262.7,32.14,3.48,8.29,31.55,12.36,8.02
7.98,82.5831,-0.9246,Red Sea,1607.4,1742.4,34.13,34.91,7.14,23.5,31.15,6.92
8.46,-21.5134,44.1731,North Atlantic Ocean,606.5,212.6,37.7,0.74,6.13,15.42,17.45,3.3
7.95,5.2482,-126.7935,North Pacific Ocean,3009.6,2129.3,38.35,15.9,4.56,50.52,27.62,2.03
8.11,-49.9377,-41.7926,Coral Sea,4000.9,275.8,38.01,33.07,7.97,87.51,38.63,9.06
7.76,61.8243,-80.5552,Bering Sea,10225.2,2631.5,32.28,22.17,8.43,9.41,48.66,9.72
7.87,-46.9909,-4.9539,Red Sea,3239.1,-234.9,32.35,10.21,1.19,12.8,7.6,9.02
8.07,-3.5893,-9.8526,Baltic Sea,8771.2,-239.7,30.74,21.86,2.93,34.91,18.45,5.01
8.43,83.851,136.7172,Baltic Sea,8103.5,-192.0,30.34,25.1,9.52,8.41,46.86,2.75
8.47,-4.9231,138.486,North Pacific Ocean,4854.6,1829.1,31.43,15.91,8.83,23.59,8.01,5.19
8.31,0.6468,-81.8665,Arabian Sea,5830.3,-133.1,39.07,9.66,3.17,74.78,3.58,3.02
8.32,65.4037,87.4766,Southern Ocean,5220.6,167.9,33.96,34.47,3.86,23.78,18.57,7.86
7.62,70.5776,-132.0279,South Pacific Ocean,6003.5,643.2,36.22,15.49,8.02,48.81,43.87,9.23
8.4,36.9216,-47.1913,Southern Ocean,5582.9,1812.7,32.7,4.89,1.94,12.83,20.8,6.41
8.45,-85.9146,-47.0624,Arabian Sea,4968.4,1674.1,36.95,25.41,6.97,65.33,29.01,4.42
7.73,40.2887,124.4255,North Atlantic Ocean,8870.8,2576.7,35.65,9.81,3.03,70.84,10.76,4.6
8.01,44.384,-153.6122,Baltic Sea,7058.0,-3.8,30.15,5.24,9.05,47.16,1.17,8.96
7.9,-26.0604,5.7208,North Atlantic Ocean,4226.5,81.2,33.22,20.06,8.48,41.53,4.88,4.19
8.25,24.7242,-23.7197,North Atlantic Ocean,6228.1,324.3,32.18,7.02,1.31,2.03,27.0,0.19
7.65,-41.3308,34.6534,Bering Sea,2973.7,563.4,39.33,13.81,8.86,86.51,26.01,5.82
8.23,-31.2975,133.1868,Gulf of Mexico,26.0,1986.1,30.31,20.9,4.83,83.12,8.27,7.33
8.35,-25.5587,-154.3585,Red Sea,9423.1,1310.6,37.0,21.19,6.7,15.01,11.18,6.13
7.62,66.4975,173.006,South Atlantic Ocean,8277.3,1372.5,31.53,8.54,7.95,55.64,18.21,0.91
7.73,77.2642,57.6675,Bering Sea,326.2,510.6,31.5,18.47,1.45,44.8,19.87,1.72
7.62,39.9601,94.9855,South Pacific Ocean,1082.7,2095.0,30.91,8.37,2.9,83.61,39.18,0.32
8.31,-56.3553,-36.7453,Baltic Sea,8788.9,1118.9,38.87,23.18,5.19,34.12,29.79,9.65
7.52,36.2915,159.2433,Baltic Sea,7996.4,1141.8,39.7,14.5,3.62,14.59,13.67,7.62
8.39,-43.9763,-60.5041,Bay of Bengal,3061.6,339.6,36.17,2.5,5.34,61.04,36.98,5.43
8.04,-64.3254,98.515,Norwegian Sea,1529.0,511.4,39.78,6.99,3.87,2.94,33.89,3.8
7.72,1.8867,115.803,Bering Sea,1634.9,1364.9,39.47,28.58,5.22,19.01,31.51,4.36
7.65,72.4928,66.3247,Norwegian Sea,8858.1,-284.8,39.56,16.76,4.95,21.41,34.91,6.56
7.65,-23.4631,93.1781,Southern Ocean,10239.8,2790.0,34.83,1.61,6.08,92.45,22.06,2.47
7.77,25.6547,-127.6149,North Pacific Ocean,6577.6,1403.8,30.56,9.15,1.09,40.5,46.99,6.43
7.58,44.9999,-139.2209,Southern Ocean,3261.3,1727.9,37.73,17.93,3.24,25.94,35.78,1.0
8.3,62.6069,21.4629,Indian Ocean,10762.1,-403.2,38.12,24.19,8.58,5.72,15.13,9.84
7.77,-82.4951,-57.3461,North Atlantic Ocean,3458.0,-352.8,32.03,12.76,4.25,5.1,1.18,4.35
7.52,0.8072,129.6036,Norwegian Sea,7654.9,2867.7,37.5,24.93,7.8,45.49,15.38,4.53
8.3,71.5489,-99.1626,Red Sea,10131.5,51.1,37.12,18.68,6.96,56.32,23.34,8.52
8.09,-37.1885,60.0023,Coral Sea,8037.5,64.9,38.79,27.78,8.47,21.35,14.72,7.46
7.53,-76.6161,-92.1939,South Atlantic Ocean,10083.2,2591.3,37.88,24.97,7.03,28.11,2.56,9.53
7.73,-23.1231,-119.1608,Red Sea,2710.7,2287.9,31.66,15.32,1.86,93.19,5.64,3.58
7.82,38.7782,-110.3325,Red Sea,3777.7,1791.8,31.43,22.71,6.95,21.25,49.21,6.2
8.44,85.8271,-76.052,North Atlantic Ocean,7447.9,1951.0,33.47,29.87,7.39,51.05,7.84,2.51
7.93,11.3951,116.1753,North Pacific Ocean,5380.2,-423.0,37.19,34.84,3.72,87.13,20.81,0.18
8.19,77.551,179.0168,Indian Ocean,2015.8,1891.5,36.48,-1.47,8.54,60.22,11.74,6.65
8.28,78.3592,7.1192,Red Sea,8278.2,299.1,31.54,4.2,2.81,61.91,40.52,5.12
8.02,56.6898,-135.9225,Red Sea,3767.5,293.3,35.42,29.33,2.79,53.44,19.97,6.66
7.6,-9.9069,106.3713,Norwegian Sea,9889.4,1021.4,32.39,7.92,3.18,55.03,11.75,7.69
8.43,41.4655,-136.852,Coral Sea,8080.6,976.2,39.69,6.83,9.43,65.17,39.75,8.97
7.95,75.4365,-91.3116,Bay of Bengal,3686.8,1355.0,32.84,13.95,4.45,39.64,22.84,2.78
7.67,63.2461,163.0225,Red Sea,5352.8,2049.7,39.73,32.24,1.66,56.98,14.87,9.95
8.27,11.5109,-102.6741,Southern Ocean,10335.6,2647.0,31.59,4.74,4.73,4.89,17.05,9.02
8.38,68.8381,24.8456,South Atlantic Ocean,6437.3,1081.0,31.26,8.04,4.99,78.0,20.68,4.63
8.23,61.2947,145.7665,Arabian Sea,8307.3,1583.1,32.94,28.96,8.19,69.24,21.06,8.83
7.95,-66.7721,76.1935,Bay of Bengal,10532.5,1230.3,35.14,27.11,5.43,74.9,14.5,5.04
8.48,-39.2024,97.5297,Red Sea,8539.5,-491.4,38.15,21.43,9.44,54.13,49.73,7.89
7.6,61.3801,-90.1032,Gulf of Mexico,456.5,2392.0,40.0,25.89,6.68,52.84,27.95,7.41
7.65,47.6926,121.5053,Gulf of Mexico,2820.1,2075.3,34.63,8.23,9.49,11.49,26.28,6.43
7.78,-20.9667,-70.4799,South Pacific Ocean,3069.8,2858.4,39.12,22.44,7.11,36.98,21.38,6.58
7.63,4.9945,2.9724,Bering Sea,5805.7,803.3,39.11,19.27,9.31,12.0,38.65,3.99
7.95,87.4074,-7.9645,South Atlantic Ocean,3975.3,2370.5,30.65,28.21,1.92,43.81,5.52,2.83
8.1,-20.9703,-3.8567,North Atlantic Ocean,6768.1,2046.8,38.1,-1.28,1.97,13.21,40.88,4.89
7.8,-50.0234,112.3742,Red Sea,10135.2,-91.4,34.3,-0.73,4.07,58.13,10.07,2.95
7.53,32.1405,-28.5466,Gulf of Mexico,8133.5,2895.7,33.97,17.48,5.84,32.56,47.96,6.55
8.06,-58.5122,120.5768,Norwegian Sea,56.0,36.3,33.89,28.46,9.0,16.73,39.75,3.98
8.06,-72.0065,148.4293,Gulf of Mexico,10422.0,2406.7,38.66,18.52,8.42,79.18,36.18,5.9
8.37,68.2548,133.082,Arabian Sea,2027.4,1157.9,34.21,11.34,5.48,89.46,42.71,3.93
7.6,68.2495,149.7774,Southern Ocean,3884.3,1602.3,36.42,23.66,8.91,99.36,24.72,3.33
7.87,48.3267,-106.3937,North Atlantic Ocean,735.4,1305.4,37.02,21.0,2.69,96.89,37.47,4.48
7.73,-86.8629,96.5393,Coral Sea,1918.3,-265.3,37.12,-0.78,6.08,45.58,48.57,0.82
7.6,-52.7087,-19.1379,Caribbean Sea,10369.7,2815.5,34.14,7.36,2.38,10.19,31.93,5.13
7.8,52.6182,109.9849,Southern Ocean,6531.7,2556.4,32.67,3.23,9.8,54.97,20.23,3.54
8.3,55.2494,-39.8682,Gulf of Mexico,2571.4,1553.0,36.5,27.02,7.44,96.6,44.23,2.03
7.73,-2.7141,36.1298,South Atlantic Ocean,2060.0,1215.9,36.51,14.63,7.08,32.01,15.6,3.8
8.41,60.8547,-139.0542,Norwegian Sea,9419.8,664.4,33.49,-0.38,9.45,13.05,44.77,7.84
8.19,63.7881,4.6855,Arabian Sea,1379.0,111.8,30.25,26.49,2.68,49.58,2.8,5.29
7.6,56.6027,-78.4523,Indian Ocean,3829.7,2238.9,36.79,25.34,6.66,14.24,11.96,5.75
7.72,46.2949,-5.4097,Indian Ocean,4335.4,1308.7,33.44,12.92,1.64,74.62,6.7,8.03
7.53,58.2319,103.3596,North Atlantic Ocean,819.6,1874.7,32.51,-1.97,5.2,66.66,49.54,2.0
7.62,-69.0584,-77.3807,Red Sea,4537.5,532.9,36.06,-0.13,4.17,1.39,10.41,4.08
8.22,3.5224,108.5676,Coral Sea,8631.2,2619.8,38.82,7.62,7.16,9.46,44.5,0.42
7.65,-11.0783,112.2102,Red Sea,8591.6,2923.5,34.81,32.85,4.42,83.24,44.69,8.02
7.79,-79.9321,129.9587,North Atlantic Ocean,2102.4,1813.5,38.64,-1.39,1.34,24.03,31.42,6.54
8.18,88.1884,-148.3912,Arabian Sea,8341.0,2490.0,39.19,13.53,2.6,49.71,8.2,3.84
8.14,6.0597,-178.3368,Southern Ocean,3022.8,319.9,39.41,2.03,7.03,15.61,47.32,4.23
8.4,59.9577,49.1847,Norwegian Sea,7959.3,2902.8,33.91,19.62,5.58,73.35,15.27,9.71
7.83,-12.7643,-161.0719,Caribbean Sea,7756.2,295.4,35.56,28.72,9.74,75.13,38.76,1.97
7.87,-32.6015,-31.3235,Norwegian Sea,9238.2,299.8,30.22,4.68,1.37,59.92,11.48,5.64
7.6,2.9909,144.9766,Bering Sea,10867.1,2721.7,37.56,12.06,9.99,33.24,40.39,9.46
7.78,-63.8801,-87.0821,South Pacific Ocean,1060.1,498.3,38.91,9.68,1.41,55.48,12.62,2.25
8.35,-56.5212,-83.7909,North Pacific Ocean,2810.3,773.6,32.44,10.23,1.61,14.58,44.63,1.76
7.64,-79.484,29.966,Indian Ocean,6823.0,2486.5,39.89,24.81,4.74,93.0,25.97,8.17
7.87,64.5078,174.6533,Red Sea,5990.7,2501.3,30.83,1.96,3.6,83.83,9.12,4.03
8.34,7.824,-142.6475,Red Sea,9171.7,-207.8,32.88,17.23,4.97,19.53,21.92,1.9
7.72,87.5356,166.0144,South Pacific Ocean,1116.2,619.4,37.07,2.21,1.32,63.76,16.19,4.49
7.66,58.9366,49.8703,Arabian Sea,5369.5,344.2,35.94,29.92,7.37,25.05,3.46,9.91
7.51,9.5828,93.0519,Red Sea,3842.3,2643.7,39.77,19.17,4.57,16.23,12.49,2.77
8.42,5.2998,-115.9632,Baltic Sea,804.3,536.8,37.79,19.78,7.4,23.09,23.26,7.42
8.37,0.4963,35.703,Indian Ocean,8203.0,331.4,32.78,28.46,4.72,54.48,13.94,0.82
7.69,-79.8551,-124.1796,Red Sea,5168.6,529.3,35.72,9.29,5.22,14.79,23.14,6.9
8.29,-80.3026,-5.2417,Gulf of Mexico,749.5,2565.4,39.85,31.38,8.72,22.28,4.49,8.1
8.47,-1.8896,-26.5142,Southern Ocean,87.7,167.0,36.88,3.48,6.7,90.02,32.16,4.5
7.81,71.9319,90.6656,Southern Ocean,260.2,145.9,33.08,27.44,2.04,41.64,3.09,7.64
8.17,26.9445,-47.3024,Gulf of Mexico,4331.7,2432.4,32.2,11.87,7.87,75.9,44.15,8.18
7.71,5.6594,-153.1115,Bering Sea,9968.4,101.8,35.39,1.59,8.43,7.13,37.66,4.1
8.09,20.7378,159.956,Gulf of Mexico,2783.0,1259.6,34.26,19.5,9.33,88.13,4.12,6.24
7.83,-33.5886,-127.802,Southern Ocean,1464.7,1192.0,35.88,23.7,9.41,61.28,39.98,1.76
8.12,-27.0945,-42.0649,Norwegian Sea,6388.6,-461.6,31.6,28.22,6.9,62.8,35.26,9.74
8.17,43.2479,7.3215,Baltic Sea,5205.3,1629.2,34.57,0.55,1.64,23.24,44.33,1.01
8.22,-52.4297,139.5418,South Atlantic Ocean,7792.0,1851.2,30.1,-1.68,5.7,28.91,49.71,5.96
8.4,-59.2038,-145.369,South Atlantic Ocean,4083.9,207.6,31.96,4.07,6.49,48.73,12.42,4.88
7.61,3.4045,63.6087,Baltic Sea,2619.5,1521.2,34.06,11.75,9.62,72.04,10.34,3.63
7.78,43.4177,-24.9968,Baltic Sea,8242.5,4.2,39.95,16.88,7.3,27.05,7.13,2.85
7.67,-34.8179,103.4761,Coral Sea,5430.3,2092.7,30.96,-1.88,4.43,85.47,14.52,5.96
7.94,-15.2774,133.4937,Southern Ocean,9130.3,1374.9,30.01,6.89,2.46,98.3,0.73,9.38
7.93,8.9195,-103.7919,Gulf of Mexico,393.8,938.3,33.03,9.42,3.92,51.36,24.63,5.8
7.83,69.881,41.0903,Red Sea,1156.2,2865.3,34.11,9.78,6.37,64.55,1.12,2.28
8.49,22.653,8.5718,Coral Sea,4236.7,2836.1,36.33,15.72,4.44,94.95,7.19,4.34
8.26,63.7687,27.9843,South Atlantic Ocean,3614.7,-366.8,37.43,1.55,5.46,64.52,30.31,4.05
7.59,-20.4118,127.8868,Southern Ocean,526.1,544.8,33.75,26.3,7.64,65.36,28.32,5.76
7.9,15.7844,-73.4849,Norwegian Sea,2981.7,340.7,38.92,12.61,7.85,5.11,19.4,1.77
8.36,27.1278,-72.3395,Bering Sea,5287.0,2836.1,32.05,8.92,8.7,71.47,3.25,9.78
7.67,74.5727,78.18,South Pacific Ocean,7787.4,143.9,37.56,-0.09,6.73,48.89,48.62,2.96
7.96,55.2388,2.166,Norwegian Sea,2685.5,-308.5,36.08,15.31,3.45,65.87,16.83,0.11
8.27,-63.6782,36.6651,South Pacific Ocean,8873.6,206.8,36.91,32.19,2.53,78.32,19.66,2.04
7.59,31.0206,99.7145,Norwegian Sea,9368.7,2133.1,30.14,11.99,8.49,53.61,49.85,5.02
8.32,-80.618,-45.8328,North Atlantic Ocean,2843.2,1299.1,39.28,28.26,6.75,24.72,34.32,6.95
7.61,88.8301,-65.6229,Coral Sea,4437.1,2885.5,31.31,12.33,4.52,85.39,14.7,7.24
7.96,-16.3804,-30.9339,Red Sea,10620.8,2341.1,31.09,31.67,3.04,81.89,32.37,8.35
8.46,30.2892,-170.7447,Baltic Sea,6685.4,190.0,35.85,9.11,2.85,13.69,24.28,9.07
8.01,-56.2167,115.0669,Arabian Sea,4670.0,821.8,35.58,7.99,5.85,36.15,0.35,0.65
8.4,50.7311,-40.3003,Bering Sea,7325.1,2352.6,32.57,27.8,4.05,87.33,25.47,5.39
8.42,35.1253,-29.7867,North Pacific Ocean,4343.6,2075.8,32.75,17.1,4.62,79.22,33.78,5.31
7.93,-26.9692,102.9436,Gulf of Mexico,10907.7,656.3,36.34,25.87,9.76,89.88,29.27,8.2
8.43,-25.2049,-106.427,Baltic Sea,341.3,1564.3,31.46,32.51,8.26,18.79,48.46,5.62
7.59,32.6074,-126.1167,Baltic Sea,1513.4,1545.9,31.95,4.59,9.77,55.13,24.5,1.81
7.85,-23.7232,147.5169,Bay of Bengal,8504.2,2575.1,32.68,10.96,6.66,47.53,12.79,2.77
8.38,80.9491,152.8017,Arabian Sea,8948.7,-426.3,39.99,8.49,1.67,21.09,12.16,3.31
8.03,-31.5472,105.9304,South Atlantic Ocean,5882.5,406.2,37.7,10.83,2.67,50.19,39.0,6.9
8.22,-41.9486,-125.61,North Pacific Ocean,3241.2,1989.2,30.02,2.37,7.69,26.29,7.29,2.95
7.54,46.9543,117.7698,Bering Sea,7803.0,1766.4,30.8,7.36,8.95,79.1,20.29,3.06
8.17,-71.23,156.4217,Red Sea,1984.0,695.1,31.43,14.15,2.2,96.27,29.92,3.78
8.35,11.3159,127.2819,Red Sea,2625.1,2506.8,35.63,2.41,7.79,81.81,39.98,5.97
8.18,22.22,-35.6962,North Atlantic Ocean,8694.5,2072.5,34.66,30.93,1.28,71.04,19.32,4.77
8.45,-34.5627,-146.8497,Coral Sea,7648.8,1596.5,35.14,28.88,4.17,57.03,31.14,8.51
8.19,81.1838,-42.3903,Coral Sea,5969.2,359.1,33.18,16.93,2.74,15.32,33.26,5.68
7.82,-15.1089,-178.4731,Southern Ocean,1889.9,542.5,31.53,0.2,1.59,98.54,8.59,6.51
7.75,-39.5847,6.9699,Southern Ocean,9266.2,1761.4,33.2,5.25,7.51,45.29,4.82,6.29
8.13,33.1866,-175.9434,Baltic Sea,789.2,2877.4,38.68,28.25,4.97,10.12,46.13,7.27
7.6,39.8208,21.4177,Gulf of Mexico,7236.6,2487.0,35.04,23.81,4.76,31.02,24.36,8.39
7.88,-13.1537,-18.1179,Southern Ocean,8238.4,231.5,35.2,28.57,9.71,97.73,32.27,5.07
7.94,-57.3589,-56.286,North Pacific Ocean,3192.6,2117.5,36.67,-0.33,4.12,2.85,7.67,0.47
8.1,23.7271,-71.936,Coral Sea,8494.1,2778.7,30.54,9.14,3.78,20.83,22.84,1.02
7.73,-45.2292,118.5978,South Pacific Ocean,291.4,-155.6,32.37,7.2,4.5,70.26,9.28,2.47
8.43,-49.9411,3.9846,Bay of Bengal,10274.8,1879.6,31.1,22.73,2.51,72.9,2.74,9.23
8.44,14.0213,-76.5376,South Atlantic Ocean,4184.4,-203.2,32.86,4.4,3.72,68.13,45.59,6.87
8.1,87.483,65.5095,South Pacific Ocean,9225.2,-483.6,30.19,0.44,7.61,50.28,29.41,1.68
8.17,34.6802,35.8659,Gulf of Mexico,3506.7,2913.9,39.4,26.23,8.21,21.61,22.04,4.29
7.81,55.8405,-65.4199,Red Sea,7775.9,232.8,39.71,19.68,5.04,25.15,42.07,8.67
7.76,38.3518,175.7747,Red Sea,6248.2,2298.1,37.78,12.62,6.24,22.19,24.87,8.3
7.77,-22.9521,99.9204,North Atlantic Ocean,4935.0,1453.5,36.61,14.13,9.14,99.45,4.8,9.34
7.91,73.2285,68.7932,Bering Sea,10908.1,1704.5,33.78,14.58,2.82,8.79,40.51,3.92
8.43,55.5575,-145.1269,Arabian Sea,8774.1,30.3,33.42,12.79,6.16,75.91,24.95,9.5
7.81,34.372,-129.8069,Caribbean Sea,1423.9,2149.5,38.57,6.13,2.19,81.39,20.97,2.3
7.79,7.4418,27.7115,Caribbean Sea,10736.3,684.4,31.32,30.29,3.99,2.1,36.87,4.32
7.83,-24.8842,149.3214,Coral Sea,5161.3,1611.3,37.58,0.34,1.42,0.17,29.48,7.74
7.73,-9.0737,-11.659,Bay of Bengal,7006.1,895.6,39.12,14.02,2.33,71.54,30.5,7.75
8.23,-34.11,-129.3194,Red Sea,1300.8,127.6,31.21,14.17,2.81,97.2,43.9,6.52
7.9,75.6247,13.1182,South Pacific Ocean,10861.6,-25.2,30.94,7.23,2.11,42.98,23.32,8.46
7.97,-30.8421,159.2546,North Pacific Ocean,5239.9,875.0,39.12,27.24,2.94,80.97,14.33,6.17
8.22,78.7628,25.2077,Caribbean Sea,5065.0,-474.1,36.02,14.36,4.08,69.17,15.78,4.74
8.15,-10.2371,123.6868,South Pacific Ocean,3294.3,2873.7,37.56,6.76,3.92,13.94,47.7,1.23
7.9,60.7427,129.3509,Norwegian Sea,4254.1,503.2,36.21,22.2,3.12,31.33,1.89,0.65
7.52,-44.7384,-105.6965,South Pacific Ocean,8414.0,1864.3,38.5,3.83,3.99,89.18,25.76,4.53
8.39,83.7292,13.4575,Arabian Sea,1025.5,1502.8,39.82,9.76,1.04,76.75,38.78,8.9
7.61,71.4795,-154.6404,Caribbean Sea,3062.2,2057.9,35.38,34.05,6.58,1.52,38.83,6.23
8.34,35.8776,-129.6907,Bay of Bengal,3771.6,2400.3,38.65,30.66,4.73,42.27,45.81,0.83
8.25,75.4764,-34.2706,Norwegian Sea,2762.2,2567.2,37.59,22.84,5.69,7.52,44.82,5.38
8.33,21.8548,-155.5327,North Pacific Ocean,2350.7,1846.6,38.93,7.39,5.29,13.13,49.32,4.78
8.39,-87.4106,-134.8253,Caribbean Sea,10987.3,858.2,37.96,23.19,6.25,68.33,14.3,8.23
7.55,-44.752,-99.3722,Caribbean Sea,8978.0,1228.8,30.13,11.71,8.29,63.97,17.24,4.16
7.94,-73.9098,77.7248,South Pacific Ocean,2398.9,783.7,39.38,4.88,7.86,3.46,34.93,1.63
7.56,-78.1772,-138.7661,Gulf of Mexico,9855.0,2826.3,36.95,7.07,6.12,38.16,13.04,9.99
7.82,-5.287,99.5526,Red Sea,4335.8,621.4,30.41,7.32,3.83,23.66,33.78,7.82
7.64,85.8618,21.3801,Bay of Bengal,876.3,426.6,30.87,7.62,9.5,80.35,30.26,0.12
8.08,-19.102,174.1723,Gulf of Mexico,6546.5,1420.2,32.96,5.95,1.33,44.32,23.13,9.75
8.12,84.1399,-152.2386,South Atlantic Ocean,5839.4,-166.3,39.52,32.12,2.56,37.45,11.48,5.75
8.07,70.3694,107.952,North Atlantic Ocean,5036.7,2595.7,32.33,16.59,9.38,47.17,14.66,1.1
7.72,-58.3458,-10.535,South Atlantic Ocean,2000.6,2950.4,36.99,8.53,5.87,81.13,41.77,3.86
7.75,69.0308,-164.4006,South Pacific Ocean,8368.6,719.4,31.39,25.04,5.78,34.82,39.74,0.17
7.81,-43.6518,120.4402,Baltic Sea,5706.5,-94.4,30.86,34.95,6.31,61.52,4.93,4.61
7.66,-80.549,7.038,Caribbean Sea,9033.0,471.1,35.7,-1.58,2.56,12.37,9.78,1.6
7.93,-68.3883,-28.315,South Pacific Ocean,2112.1,966.0,34.65,23.09,1.7,55.85,12.02,0.57
8.2,2.9598,53.0673,South Pacific Ocean,10733.7,2435.3,38.44,21.31,2.64,63.83,10.79,8.1
8.3,22.2761,-40.2017,Bay of Bengal,7409.2,2887.0,38.26,20.48,3.96,23.28,32.05,0.54
7.52,-85.4995,-11.5815,Red Sea,5381.8,2019.0,39.87,8.88,8.89,41.6,7.18,5.45
7.55,36.6385,-64.4074,Red Sea,8313.1,2763.7,38.05,6.33,9.64,59.28,8.43,7.64
8.12,-76.7117,-80.1762,South Pacific Ocean,6569.6,133.3,39.03,15.74,3.65,34.16,40.21,8.33
7.96,27.0336,-18.4415,South Atlantic Ocean,4658.9,2751.8,35.77,29.28,8.27,14.81,34.29,8.34
7.84,-79.2481,-24.3468,North Atlantic Ocean,8550.4,1525.8,37.63,19.82,2.74,3.45,5.54,4.18
8.28,-36.1354,-144.4048,Baltic Sea,3701.6,1071.4,34.9,0.6,8.27,37.18,24.85,1.42
7.99,69.1173,-79.4652,North Pacific Ocean,281.4,1088.5,33.42,23.78,6.36,3.57,2.56,4.07
8.09,82.8224,-126.0287,Arabian Sea,8710.9,2835.3,34.15,25.39,8.84,26.52,39.44,0.87
7.84,-80.5781,-64.7453,North Pacific Ocean,3293.7,779.0,32.33,16.34,2.05,49.13,32.74,7.72
7.8,58.1814,3.229,Indian Ocean,6704.7,44.1,38.61,31.22,5.45,45.61,10.36,5.49
8.45,18.1297,24.2439,Southern Ocean,9825.0,1571.6,34.19,5.39,5.05,55.05,0.11,8.48
8.2,78.2014,119.2141,Baltic Sea,2854.9,-111.7,33.5,25.87,6.71,50.38,39.28,4.95
7.83,-20.1746,-4.5748,Norwegian Sea,9832.6,1993.2,39.51,12.26,2.66,47.51,1.24,7.87
8.5,33.3903,-109.3582,Caribbean Sea,1979.8,-497.3,31.32,20.49,9.38,24.12,45.81,3.2
7.55,-74.7758,-14.1032,Caribbean Sea,2743.4,929.6,34.26,9.04,6.26,7.03,13.07,0.95
7.93,-35.4821,163.7607,South Atlantic Ocean,6157.9,2299.3,39.64,18.7,9.81,9.33,16.36,7.93
8.48,-6.3926,129.5887,Bering Sea,5868.5,931.6,33.87,6.3,1.18,58.74,25.81,0.01
8.4,-12.1462,74.406,North Pacific Ocean,9702.5,2179.8,37.81,5.39,1.87,74.19,17.18,5.62
7.95,49.6003,-35.105,Norwegian Sea,2610.9,1962.9,36.77,12.57,9.46,6.59,13.19,7.64
8.21,-72.4707,-79.1516,Bering Sea,10558.0,1844.2,34.15,15.74,4.01,88.27,18.15,2.23
7.87,-79.3061,-15.6467,Arabian Sea,6403.4,948.8,39.17,26.75,1.76,87.92,45.4,1.3
7.98,-74.8759,59.9358,Southern Ocean,6919.3,2714.4,38.08,32.94,8.9,69.42,29.73,2.88
8.15,-89.4765,138.6715,Indian Ocean,149.7,760.3,30.15,-0.74,8.26,51.06,6.98,2.29
7.87,-36.9737,160.5354,Bay of Bengal,10959.2,835.4,33.45,15.53,4.89,3.98,25.73,1.66
8.27,75.1908,97.161,Bering Sea,3820.1,1941.2,32.33,7.89,2.33,49.51,17.97,5.38
7.85,35.276,47.3686,North Atlantic Ocean,5329.5,2112.4,31.66,14.67,6.28,66.05,16.43,5.14
7.71,-29.487,-156.2465,Arabian Sea,480.4,601.3,32.46,11.49,2.34,93.87,32.92,6.04
7.75,-53.0005,48.8256,Red Sea,5207.9,2286.8,34.31,9.99,3.9,5.86,32.93,6.64
8.4,40.9482,89.8387,Baltic Sea,992.8,2394.0,33.18,29.03,8.9,75.06,41.82,8.55
8.25,35.2372,123.6862,Coral Sea,10628.7,-341.0,39.25,31.54,7.39,63.28,12.8,2.49
8.4,18.073,-23.3693,Baltic Sea,9253.6,1143.7,30.53,31.62,7.76,58.86,24.19,9.92
8.43,67.1934,-170.1507,South Pacific Ocean,7869.8,1808.6,33.26,11.25,2.67,3.27,37.53,7.16
7.51,20.2806,-123.28,North Atlantic Ocean,5927.9,377.0,34.63,6.0,1.68,3.76,39.51,4.89
7.69,-24.7188,-43.4689,North Atlantic Ocean,8703.7,1817.6,31.66,28.26,3.09,67.76,5.01,2.01
7.89,42.4234,66.9945,North Pacific Ocean,1908.3,119.5,31.84,24.55,7.25,17.97,25.88,0.92
7.71,-47.3054,2.6197,South Atlantic Ocean,1290.8,-463.8,31.05,28.49,8.9,83.31,49.02,6.62
7.55,20.7713,53.8207,South Pacific Ocean,204.8,1533.1,37.99,33.51,5.93,43.98,2.41,0.82
8.43,-83.2284,25.3653,North Pacific Ocean,5507.3,-266.4,30.15,0.44,8.11,20.76,12.06,7.85
8.39,-13.1236,158.2379,Red Sea,7561.4,1081.4,37.88,12.96,5.66,85.63,11.45,4.97
7.69,-75.3073,103.5248,North Pacific Ocean,3556.4,1019.3,36.7,32.4,8.33,21.56,39.62,6.24
7.99,83.4598,113.2975,Bay of Bengal,260.6,2832.3,37.01,29.76,9.64,59.26,40.87,6.9
8.48,-63.0145,70.536,Bay of Bengal,735.8,-77.5,37.67,2.97,1.74,46.01,23.34,7.85
8.09,-35.3354,-150.447,Bay of Bengal,1717.1,1251.9,30.86,19.26,1.14,66.54,9.7,9.85
8.04,-42.5726,172.8816,Norwegian Sea,4937.4,2249.5,31.48,34.73,9.71,33.64,24.83,7.88
7.92,-33.3997,-154.7019,South Atlantic Ocean,4735.3,-130.0,35.53,21.07,9.45,32.09,32.55,9.26
7.63,-10.1529,-51.7347,Norwegian Sea,1501.1,1744.6,31.46,4.5,2.17,62.08,14.23,7.74
7.61,-42.3144,110.589,Bay of Bengal,8942.0,2857.0,33.52,21.28,7.7,97.58,5.4,5.9
8.38,-22.2076,-67.8119,North Atlantic Ocean,7118.1,-447.9,36.36,28.61,6.56,95.8,23.98,8.64
7.74,-41.9888,47.2866,Caribbean Sea,5104.4,1137.4,30.31,-1.22,4.95,6.08,19.97,9.0
7.77,85.7627,142.2256,Norwegian Sea,8004.2,2492.3,35.37,19.81,4.85,57.94,46.08,0.69
7.64,-38.1233,113.723,Indian Ocean,10648.4,140.0,33.42,3.22,4.65,1.97,24.56,0.25
7.89,-35.4691,22.5378,Indian Ocean,641.3,1650.5,36.31,8.34,6.94,69.52,27.52,7.82
8.13,-23.3341,5.5228,North Atlantic Ocean,10940.2,1478.6,35.77,28.86,8.41,71.98,20.69,4.76
8.04,23.2955,-103.8761,Bering Sea,10817.8,1911.3,34.12,21.6,7.06,20.97,45.08,5.52
7.53,84.6212,34.0837,South Pacific Ocean,1491.6,2050.6,34.32,23.94,4.95,69.12,9.77,8.09
7.97,15.8767,69.4898,Indian Ocean,9900.0,1591.1,34.34,1.81,1.98,8.38,2.63,1.77
7.92,87.1921,39.2364,Bay of Bengal,8035.8,2194.0,37.49,8.34,2.92,13.7,23.74,7.99
7.76,-27.69,-94.1443,Gulf of Mexico,2285.5,302.7,31.08,2.19,8.99,51.53,47.09,8.86
8.15,75.6658,130.8003,South Atlantic Ocean,8865.7,2557.7,33.86,18.66,7.46,36.64,21.56,2.52
8.44,-19.9636,13.3199,South Pacific Ocean,1520.8,2692.4,34.92,3.97,5.19,93.48,22.0,6.47
8.2,23.1654,-144.8421,Bay of Bengal,1623.1,297.5,31.01,-0.97,9.63,61.59,43.69,9.29
7.68,-80.6771,-126.7199,Bering Sea,1727.1,2965.5,31.52,17.92,3.74,68.74,44.81,6.58
8.15,-89.2568,129.1017,Baltic Sea,7728.0,2250.0,38.69,23.5,6.08,82.82,9.22,2.08
7.65,-49.4455,-69.1724,Norwegian Sea,207.0,-149.3,34.92,10.48,5.52,82.26,36.71,5.64
8.05,-83.039,22.093,North Atlantic Ocean,5611.8,853.4,36.5,34.62,4.67,76.91,40.76,9.66
8.46,-13.7285,-11.7081,Norwegian Sea,4741.6,-473.8,31.73,11.84,3.97,72.25,4.95,9.08
8.47,-9.6124,5.3863,North Atlantic Ocean,1918.6,1082.9,36.5,24.38,2.33,79.16,42.33,1.51
8.38,81.8791,74.8256,Baltic Sea,894.8,1907.7,30.15,16.3,5.15,5.89,15.93,3.45
7.87,-58.8102,94.5598,North Atlantic Ocean,3900.1,770.6,33.61,26.37,1.11,59.71,8.98,0.49
8.2,-8.5134,169.3266,Norwegian Sea,3642.3,58.3,38.52,31.59,4.38,68.99,47.1,4.81
7.67,-34.5891,72.6146,Baltic Sea,10707.7,2851.7,31.54,28.3,7.16,43.96,22.74,6.18
8.43,-79.2253,-66.9867,South Atlantic Ocean,2155.8,34.5,30.1,23.91,9.95,81.33,40.09,1.05
7.96,-70.7798,53.9459,Arabian Sea,5425.8,2904.5,32.86,23.88,8.88,70.55,12.72,2.5
8.07,67.9272,30.0021,Red Sea,5394.3,1843.7,30.4,21.39,2.98,8.07,35.77,7.52
7.88,-18.4571,12.9875,South Pacific Ocean,5389.5,-19.1,34.08,24.79,2.46,82.41,10.56,7.68
7.91,47.8118,-176.5262,Bay of Bengal,10432.8,2444.5,34.48,32.95,5.16,35.13,41.91,8.08
7.87,-9.2303,110.7977,Caribbean Sea,4031.0,2572.0,37.79,12.15,3.0,46.97,1.12,1.08
7.98,74.3404,156.1802,Norwegian Sea,965.6,22.4,38.89,7.91,4.7,31.98,33.22,5.48
8.36,36.3905,-81.0567,North Pacific Ocean,893.0,1537.8,32.04,1.27,9.99,87.35,17.89,2.23
8.34,-28.6088,-155.8353,South Pacific Ocean,9359.6,2596.1,38.48,29.54,8.82,38.93,5.18,8.79
7.84,65.2938,-115.5531,Norwegian Sea,6289.3,2204.0,33.29,3.21,6.58,92.76,5.4,2.45
7.61,-74.3444,178.9053,South Atlantic Ocean,2277.3,223.0,34.4,5.68,5.26,89.07,29.61,9.36
7.95,-76.312,50.3719,Caribbean Sea,9399.9,-160.9,33.03,32.63,5.29,54.82,11.1,8.13
7.51,9.8723,-45.2084,North Pacific Ocean,8506.2,1535.9,36.0,31.17,9.48,33.09,7.18,4.56
8.25,41.6354,-82.3601,South Atlantic Ocean,4127.3,1186.1,38.44,33.87,2.51,5.45,12.96,3.79
7.5,18.1725,175.7613,North Atlantic Ocean,5679.5,2891.3,33.01,8.0,1.69,2.86,35.35,2.87
7.71,29.2794,-112.4026,South Pacific Ocean,7007.0,1008.3,32.31,17.87,4.79,84.73,40.98,9.2
7.65,-43.0881,-111.3803,South Atlantic Ocean,2542.7,3.5,33.0,10.15,5.09,62.43,48.74,2.13
8.37,68.0274,-23.8061,Caribbean Sea,7115.8,828.0,35.23,27.48,9.22,28.69,23.91,6.21
8.5,84.9143,-47.3231,Red Sea,6655.6,-330.7,39.12,8.85,9.62,18.92,21.35,4.2
7.65,-20.0979,-120.3588,Coral Sea,4156.0,1152.0,36.75,34.3,3.11,6.61,28.53,0.37
8.07,-16.3962,81.3163,Indian Ocean,6646.6,2961.9,30.71,4.82,2.9,42.46,24.31,4.57
8.33,-8.3212,172.7663,Baltic Sea,3225.9,1939.2,30.81,34.35,5.98,34.96,20.82,7.09
7.85,-53.9811,-93.0393,Indian Ocean,6236.2,839.5,38.81,13.82,9.84,44.1,44.62,7.75
7.75,-64.6081,36.657,Caribbean Sea,6367.5,2669.4,38.31,5.71,7.99,49.27,13.29,8.01
7.79,49.846,-96.2274,Baltic Sea,10820.6,543.2,39.44,15.76,1.54,64.27,34.3,2.35
7.82,19.1392,-3.0369,Bay of Bengal,1233.1,1281.3,33.33,31.29,8.48,33.76,47.96,9.35
7.76,-62.9438,109.4511,Arabian Sea,823.6,2374.5,34.92,19.54,8.79,3.68,30.21,6.29
7.57,-0.7212,-4.0793,Arabian Sea,3175.3,1940.2,37.01,13.65,3.96,47.44,6.01,3.09
8.42,89.2897,119.125,Baltic Sea,3355.5,-321.8,33.16,6.42,3.89,55.76,31.66,4.33
8.4,4.7861,26.2757,North Atlantic Ocean,10627.0,2616.5,32.61,14.26,5.77,23.52,43.77,5.78
8.35,74.2036,173.6169,North Atlantic Ocean,10986.8,1694.3,31.93,10.95,9.16,32.03,45.34,2.11
8.27,60.3925,12.6794,North Pacific Ocean,7921.9,2956.8,38.59,13.46,2.53,71.32,27.33,9.59
8.25,-70.1021,85.0616,South Pacific Ocean,1550.2,2673.4,37.77,7.56,6.25,41.38,6.11,1.8
8.21,-17.1725,-102.602,North Atlantic Ocean,6269.6,1124.6,34.67,22.74,5.41,44.77,8.97,3.68
8.35,10.7497,-100.0614,Caribbean Sea,9626.1,2179.4,38.86,28.04,3.96,64.4,27.15,6.76
7.55,26.8738,-51.3096,Coral Sea,5097.9,2137.2,39.86,-0.57,6.69,74.25,46.18,5.65
8.27,-37.5404,-100.741,Caribbean Sea,6008.1,-367.1,31.18,18.89,4.29,53.46,40.99,2.89
8.37,-88.6153,-174.8679,South Atlantic Ocean,6479.6,1339.6,33.21,15.53,1.95,65.12,22.65,6.37
8.15,-34.2652,-102.0151,North Pacific Ocean,7305.0,1019.5,38.62,3.37,8.82,81.52,23.71,7.38
8.35,11.973,-3.1131,North Atlantic Ocean,6916.6,357.8,36.6,6.62,2.97,13.32,4.13,0.12
7.8,-26.8959,60.7489,South Pacific Ocean,5576.6,-311.5,36.0,10.25,6.54,16.6,47.45,0.03
7.86,-21.466,19.9445,South Atlantic Ocean,3871.5,1662.6,35.55,17.74,9.85,63.15,37.01,2.6
8.11,60.6033,-111.7332,North Pacific Ocean,4141.9,980.9,34.63,4.22,3.27,96.01,18.14,6.79
7.64,-14.9534,-133.3132,Caribbean Sea,3612.4,-422.3,37.3,31.0,5.37,0.85,7.05,5.94
7.69,84.2988,118.198,Southern Ocean,8565.1,2939.3,30.45,13.67,7.0,29.36,15.81,5.8
8.49,-60.475,99.8216,Gulf of Mexico,5156.7,2983.7,35.78,28.47,9.28,28.28,46.47,2.4
8.29,-73.7873,-92.5741,Red Sea,1156.3,2710.6,36.42,15.2,8.86,15.43,18.15,7.3
7.61,-51.6766,7.41,Arabian Sea,3127.4,582.0,33.66,33.52,9.85,50.25,33.11,9.67
7.62,-74.1622,62.3494,North Pacific Ocean,2073.1,1899.8,34.98,28.94,6.25,63.18,46.89,4.31
7.89,-45.1053,69.9087,South Pacific Ocean,932.9,2304.9,31.66,31.5,1.33,61.77,34.35,4.93
8.5,7.8797,-16.0343,Bering Sea,3435.0,49.2,38.04,7.85,2.21,96.44,40.14,7.75
8.48,-43.4132,-6.998,South Pacific Ocean,426.6,1195.0,35.59,28.19,9.21,28.46,27.79,6.77
7.97,57.2577,-6.3642,Coral Sea,3879.8,2082.0,35.54,23.13,5.38,54.56,15.31,6.83
7.94,-25.4237,23.8652,Bay of Bengal,110.3,543.6,39.02,17.31,3.87,7.36,30.98,3.71
8.09,-17.3117,-11.9477,Bay of Bengal,6800.4,-157.4,34.35,17.61,7.48,65.74,31.46,5.43
8.16,-74.3718,-5.8033,Caribbean Sea,3850.2,1426.0,34.85,15.78,9.62,84.34,40.54,5.12
7.76,-41.302,115.036,Southern Ocean,31.2,938.0,34.67,11.97,7.48,94.32,5.47,1.63
7.67,-68.315,-105.9669,Gulf of Mexico,8956.2,1080.2,32.48,29.71,3.47,56.04,33.23,4.26
8.32,-48.1267,-13.4544,Bay of Bengal,1008.7,2396.9,32.44,3.88,2.55,69.73,14.66,0.85
7.85,28.5405,67.9965,Indian Ocean,4541.3,920.7,37.54,33.5,5.91,83.64,3.07,2.4
7.54,-21.2883,17.4136,Southern Ocean,159.7,1542.9,30.87,12.7,2.4,84.64,10.93,3.25
8.36,-86.5577,-73.0927,Indian Ocean,9404.4,2575.3,37.65,13.35,8.86,28.37,10.81,2.37
8.23,-41.8673,-144.0242,Coral Sea,2875.6,1756.9,34.6,20.46,2.88,65.25,48.78,3.15
8.22,66.8656,59.9566,Coral Sea,7877.5,2061.9,30.22,5.09,7.17,94.04,27.18,9.03
8.15,-21.9796,76.0369,Coral Sea,2013.6,1752.8,32.15,1.23,1.56,93.61,49.09,0.52
7.91,11.3119,-157.024,South Pacific Ocean,10507.5,844.5,38.54,32.04,2.27,18.63,9.16,1.87
8.39,-3.8252,80.3878,Baltic Sea,8994.0,-111.2,38.17,27.46,7.06,92.24,25.21,4.62
7.87,85.2578,116.6364,Gulf of Mexico,631.4,848.5,30.22,3.37,7.19,93.42,33.87,3.92
7.77,-39.8191,142.2117,Gulf of Mexico,1074.8,1623.1,39.52,23.62,9.08,55.55,25.21,8.53
8.04,37.2725,174.7701,Norwegian Sea,1501.0,-399.4,31.58,30.66,9.92,21.25,32.27,0.24
7.96,17.3501,32.0757,Bering Sea,5642.9,2326.7,38.31,32.03,7.59,5.24,11.99,2.38
7.53,21.5127,173.8257,Caribbean Sea,10360.6,2608.2,38.62,28.16,2.71,19.25,4.01,6.75
7.79,55.1617,17.5454,Red Sea,6524.2,-390.1,36.64,17.45,5.25,13.49,20.57,2.17
7.88,-59.9684,62.6816,North Atlantic Ocean,2814.0,1445.8,33.57,6.43,1.46,19.26,9.92,6.5
8.29,61.9392,67.7225,Bay of Bengal,5185.4,2801.7,34.11,5.81,6.79,97.21,45.63,7.39
7.9,-71.3977,85.6925,Bay of Bengal,2413.3,1149.4,35.75,17.25,6.46,16.36,24.58,8.21
8.44,29.6454,97.4396,Arabian Sea,10410.6,2560.5,38.5,16.77,2.21,52.69,30.44,2.83
8.24,-52.7087,23.1089,North Pacific Ocean,9926.3,185.3,39.33,11.91,8.96,23.47,16.1,2.94
8.32,25.5846,96.7702,Norwegian Sea,10502.5,-204.0,39.73,-0.52,1.89,7.38,2.05,3.69
8.39,-69.2328,-88.8961,Arabian Sea,10709.3,2472.7,31.85,22.44,1.72,24.34,4.37,6.54
7.7,37.7254,5.8367,Caribbean Sea,1186.9,1154.4,35.91,12.24,3.27,68.77,21.72,5.56
8.3,-32.0602,-116.4595,Arabian Sea,10513.2,677.2,30.0,15.16,9.63,19.87,36.62,1.73
7.69,29.7259,-26.0643,Caribbean Sea,6800.0,1425.1,39.58,34.3,9.5,14.53,20.47,3.0
8.05,8.5352,-39.9723,North Atlantic Ocean,3066.6,2062.4,38.34,19.78,2.31,10.17,20.97,8.3
7.81,-49.5607,-170.2363,South Atlantic Ocean,5459.0,1197.2,30.31,29.72,4.62,14.69,29.07,2.17
8.0,5.7001,-78.8492,Baltic Sea,946.3,719.2,34.42,14.87,5.48,3.22,16.69,0.89
7.71,-61.3754,73.2428,Red Sea,2974.7,2652.1,30.25,32.82,6.91,18.52,37.65,7.59
8.46,88.6147,-17.002,South Pacific Ocean,7241.8,1677.6,39.55,1.18,5.97,91.79,47.0,0.9
8.17,17.3432,152.3886,Indian Ocean,3077.1,1659.2,30.45,16.42,5.07,99.69,39.96,5.76
7.75,1.9177,-34.1725,Bay of Bengal,3674.1,1579.3,39.77,1.42,4.06,73.97,44.34,6.6
7.74,75.339,-14.6768,Arabian Sea,7589.3,736.0,36.83,29.45,9.71,54.37,33.34,9.61
7.66,-35.9583,99.5491,Southern Ocean,3518.1,2841.7,35.31,24.22,2.08,6.48,12.82,8.42
8.28,-48.9241,-149.1137,North Atlantic Ocean,330.7,2823.4,31.81,0.34,4.74,81.64,0.94,0.92
7.98,24.5747,152.8036,Norwegian Sea,6432.0,1978.0,36.0,29.37,2.35,18.26,37.51,2.76
8.39,73.3543,-1.9494,South Pacific Ocean,9882.5,889.1,39.5,13.23,5.7,73.5,43.77,8.39
7.5,26.9752,85.6552,Southern Ocean,9033.8,492.9,37.29,0.93,7.67,98.03,0.79,6.3
8.0,-86.076,74.6733,Arabian Sea,4028.6,2880.9,35.82,8.54,6.12,82.07,18.0,8.47
7.99,65.2702,-69.6051,North Atlantic Ocean,1977.1,833.7,33.71,30.94,2.42,61.21,3.87,4.15
8.48,-36.4727,179.825,Norwegian Sea,1490.8,689.0,36.88,30.85,4.2,18.69,31.48,7.1
8.23,66.4438,-166.0456,Bay of Bengal,3670.7,2809.8,39.43,-0.25,3.55,99.59,42.77,1.34
8.04,86.6778,154.6528,South Pacific Ocean,1492.4,444.8,37.96,11.83,6.66,9.81,6.71,4.61
8.08,27.2389,-144.8852,Norwegian Sea,7132.3,507.0,38.49,21.74,1.56,74.6,12.98,0.94
8.2,-39.4802,-68.4299,Red Sea,10730.4,910.3,39.42,30.48,4.86,27.87,37.38,3.85
8.42,-49.3481,144.1062,Indian Ocean,712.2,2813.0,33.64,28.21,6.5,1.48,27.32,8.68
7.56,36.8115,-102.9409,Red Sea,4021.2,66.2,32.76,16.62,8.87,32.76,19.03,7.36
7.56,-80.322,-157.0724,Norwegian Sea,10872.9,1658.0,39.99,4.27,7.34,65.47,40.94,0.85
7.71,27.0304,80.599,Southern Ocean,230.2,1707.4,30.2,2.66,9.64,91.9,31.96,4.94
7.94,-34.3372,-76.4456,South Atlantic Ocean,575.2,2052.9,30.64,5.72,8.09,4.56,20.48,9.99
7.85,-89.5168,-36.3628,South Atlantic Ocean,4020.6,458.3,35.17,11.56,7.65,81.31,36.81,9.24
7.55,24.0336,-18.6034,Gulf of Mexico,3813.0,547.9,30.05,6.14,8.81,54.46,34.9,0.57
8.1,14.7482,63.7676,South Atlantic Ocean,8578.0,357.0,32.24,21.0,7.51,48.17,17.18,7.96
8.34,5.1805,84.1028,Red Sea,4357.9,1202.5,34.14,30.21,9.12,75.22,47.67,4.9
7.56,-45.239,-59.727,South Pacific Ocean,4162.5,1034.6,37.3,16.49,2.25,23.4,21.82,1.35
8.02,74.6367,145.4253,Gulf of Mexico,6797.7,1712.1,38.23,13.76,8.9,66.85,49.36,0.33
8.48,-84.2248,-102.8217,South Pacific Ocean,7828.6,1993.5,33.3,-0.52,2.11,31.34,48.13,7.51
7.55,-70.0852,93.3637,Coral Sea,10983.4,2339.5,30.57,29.23,7.59,63.51,30.04,2.11
7.79,-20.0675,80.5376,Bay of Bengal,4353.1,1080.7,34.89,33.71,7.48,2.33,25.98,2.76
7.94,-20.0176,8.1376,Coral Sea,5013.3,1674.6,31.92,28.83,8.02,93.99,45.98,8.03
7.67,-66.9598,169.7188,Bay of Bengal,870.9,277.4,30.3,33.6,2.05,91.24,19.26,7.19
8.05,86.9803,-11.5251,Southern Ocean,4225.5,1929.8,32.77,30.49,8.8,93.61,2.48,6.59
8.35,87.7352,129.2464,Southern Ocean,1295.9,2945.8,34.2,5.97,1.47,7.47,3.56,1.05
7.87,49.1769,-157.454,Indian Ocean,6678.8,2412.5,32.3,22.47,2.27,15.37,24.6,0.52
7.51,-35.2307,-36.5134,North Atlantic Ocean,7194.7,804.0,34.1,17.72,7.62,90.13,11.64,2.61
8.11,-28.5998,-102.6558,South Pacific Ocean,9467.2,1199.7,30.98,5.19,9.86,72.55,12.84,3.8
8.38,70.5364,128.5005,Red Sea,1119.9,-61.4,38.61,29.12,3.69,45.22,26.86,1.86
8.29,-88.66,-25.8569,Arabian Sea,4441.6,1219.8,36.24,30.21,9.59,29.53,31.41,9.57
8.15,-62.0107,9.9015,North Atlantic Ocean,5492.1,1178.9,32.23,5.98,6.52,84.7,39.76,1.5
8.28,-39.7644,59.5473,Bering Sea,7119.1,1015.3,35.83,18.16,2.87,82.61,44.6,8.32
7.82,89.7527,-34.0114,Coral Sea,10721.9,928.8,35.24,-0.22,9.44,26.78,20.54,3.73
7.99,-81.8392,-49.8199,Coral Sea,450.2,-459.4,36.43,6.07,9.84,49.18,30.03,5.57
7.88,26.7422,-58.7734,Bay of Bengal,8633.2,-131.3,36.88,15.97,6.96,62.35,42.17,4.91
7.54,55.7207,97.5095,Norwegian Sea,1218.4,268.5,36.44,33.29,7.62,11.71,39.7,5.11
7.75,-71.2448,175.2585,Gulf of Mexico,4879.8,857.9,30.52,13.52,7.59,96.56,17.41,0.4
8.0,-67.7088,-62.7802,Baltic Sea,3739.8,1747.2,34.71,2.57,1.94,79.16,49.93,1.72
8.15,-39.4768,62.6212,Red Sea,8707.1,-128.5,37.93,6.24,3.32,65.62,32.94,6.06
7.52,15.7789,136.1108,Coral Sea,8090.7,2252.1,37.0,21.25,1.55,86.32,16.87,1.32
8.43,-45.7559,174.1899,Caribbean Sea,9461.1,1091.5,37.97,32.36,8.03,15.68,48.87,0.77
8.1,0.9567,28.1894,Red Sea,9487.1,-115.3,36.47,30.15,5.54,67.74,49.82,5.83
8.33,-56.0458,-114.1166,Baltic Sea,3959.6,2050.2,37.0,29.18,5.18,9.75,3.81,3.78
7.68,45.2672,15.7582,South Pacific Ocean,5858.9,-494.7,37.12,-0.52,8.82,18.37,36.46,6.54
8.13,-17.1677,55.9043,North Atlantic Ocean,1101.5,2464.0,32.8,19.73,2.24,25.75,19.39,3.88
7.58,-52.5022,-7.4542,South Pacific Ocean,4560.9,2607.1,36.05,15.1,9.28,51.85,7.65,8.56
7.95,53.5162,-69.21,Bay of Bengal,7042.0,1778.4,30.36,18.34,1.81,13.43,45.65,6.1
8.2,-46.7562,-67.3936,Gulf of Mexico,10453.9,2456.3,37.42,-1.94,4.37,65.4,34.66,0.33
8.16,3.5044,108.2622,Bay of Bengal,3549.1,787.6,34.19,16.21,4.84,11.36,36.67,2.23
7.73,-83.4242,167.7238,Baltic Sea,9598.9,2676.1,39.5,33.38,8.71,28.01,21.11,6.8
7.61,-34.1218,67.8257,Southern Ocean,8762.1,-23.8,35.07,14.1,7.57,74.24,38.6,1.33
7.86,-58.8362,-16.1628,North Atlantic Ocean,5685.7,996.1,33.73,11.57,8.85,70.0,38.57,5.01
8.11,-43.9775,-65.2913,Gulf of Mexico,1118.3,820.0,30.84,34.39,1.7,89.91,8.59,5.68
7.59,87.4698,-121.7737,North Pacific Ocean,9716.8,2496.9,34.8,21.64,7.07,58.41,36.59,7.67
8.34,-23.3801,-72.4935,Arabian Sea,1138.9,-344.3,32.11,12.28,9.23,87.05,25.52,9.9
8.0,-63.1707,-173.6814,Gulf of Mexico,10966.2,1162.9,33.12,17.54,4.08,85.38,18.6,1.4
8.36,87.7783,-59.3155,Southern Ocean,6781.7,1461.8,39.48,9.97,1.32,45.52,30.77,4.72
8.15,-36.0053,-115.5178,Norwegian Sea,7497.9,1680.8,32.73,20.95,8.28,85.23,7.91,4.99
8.47,43.5227,-170.8456,Bay of Bengal,4897.3,556.4,33.0,23.6,8.25,71.43,18.17,0.99
7.99,69.3355,-137.0497,South Atlantic Ocean,3185.5,2841.0,34.83,20.3,1.86,18.2,27.72,3.33
8.23,-26.5627,144.5637,Bay of Bengal,5389.3,2713.4,37.34,9.21,3.52,59.23,49.42,9.55
7.99,26.1201,-81.8808,Indian Ocean,9055.1,1139.5,33.28,28.43,2.47,40.46,8.32,9.04
7.67,-80.4591,13.7005,Bay of Bengal,6546.8,2549.1,31.93,30.1,5.36,32.8,46.33,3.8
7.59,-19.1692,-90.3458,South Pacific Ocean,777.4,864.0,36.56,23.72,1.57,60.64,26.79,9.23
7.74,71.2316,55.4734,Indian Ocean,6698.3,-159.4,30.5,1.02,2.09,47.6,26.82,3.57
8.08,54.2422,-122.3324,North Pacific Ocean,687.4,96.9,36.34,9.73,4.25,99.2,35.26,6.13
8.33,-46.0006,-18.551,Red Sea,660.2,2212.6,37.87,16.91,2.98,97.56,2.92,8.58
7.64,-86.6628,-99.5389,Indian Ocean,6854.3,425.0,36.42,31.06,8.2,65.51,3.34,1.77
8.42,21.3733,16.087,Southern Ocean,779.1,2508.9,34.46,8.47,2.31,23.52,46.28,7.1
7.98,-68.424,-144.3566,South Atlantic Ocean,7594.9,2649.6,37.18,9.34,5.67,60.56,10.04,7.2
8.0,56.6254,31.3312,North Pacific Ocean,8103.9,258.8,30.19,1.48,4.71,17.71,15.45,2.19
7.53,-6.0764,83.0523,Gulf of Mexico,1175.1,-471.9,35.68,24.14,3.62,79.05,41.55,7.22
8.47,-18.477,-18.4545,Bering Sea,5860.4,915.5,35.31,19.55,6.13,97.05,23.72,5.66
7.56,-45.5134,162.021,Bay of Bengal,10513.4,-472.2,39.85,32.67,4.63,22.69,29.29,2.68
7.79,8.8644,-103.198,North Atlantic Ocean,3336.8,373.4,37.35,34.59,5.36,44.17,26.25,5.78
8.13,57.6034,-144.2993,South Atlantic Ocean,3032.6,1253.8,33.72,1.65,8.25,28.55,21.14,5.04
8.14,-5.0949,-149.0769,Bay of Bengal,4881.1,1091.4,34.67,8.54,7.74,0.89,36.37,9.65
7.93,-72.5157,-60.0251,North Pacific Ocean,9020.5,1725.5,30.94,6.3,1.41,97.0,23.86,9.25
8.37,10.2918,-127.7948,South Atlantic Ocean,7248.8,-399.8,31.62,20.96,4.22,60.11,18.21,3.0
7.83,-31.1724,-176.6843,Red Sea,4898.9,1156.1,37.29,6.29,6.11,78.63,10.73,3.84
7.65,2.9571,-97.7869,Indian Ocean,7189.3,958.6,37.45,32.6,7.93,99.21,2.23,5.33
7.54,-74.518,-95.3828,Coral Sea,7566.9,346.3,33.1,21.96,5.52,13.49,49.2,9.12
7.64,-76.6105,-134.5474,North Pacific Ocean,75.9,1905.8,36.42,16.12,5.53,12.1,43.98,2.47
8.46,42.3325,-40.5515,Baltic Sea,5690.6,641.5,35.7,22.74,9.45,59.25,32.97,4.27
7.81,-2.0487,165.1799,Baltic Sea,1121.3,1234.7,32.32,34.38,7.86,71.39,24.88,1.54
8.16,-16.659,149.7474,Bay of Bengal,2515.1,176.0,37.13,14.78,2.9,33.43,48.54,2.21
8.47,81.7144,-173.1947,Red Sea,9366.2,127.3,33.84,10.51,5.41,51.42,9.27,6.64
8.39,-55.3048,115.1111,Red Sea,7499.4,1494.2,33.93,10.24,6.55,21.37,29.54,7.79
8.0,73.0394,-99.3498,Norwegian Sea,5228.8,-185.3,36.33,7.43,9.3,62.89,21.3,9.46
7.58,59.9047,13.4379,Bering Sea,4733.0,2741.0,32.48,14.76,2.05,14.79,23.7,8.66
8.22,5.426,-11.8386,Caribbean Sea,3207.7,2908.4,37.58,22.77,4.36,33.22,6.0,8.42
7.63,-8.673,173.9975,Baltic Sea,4659.5,-23.8,30.19,33.23,6.14,1.43,33.35,6.75
7.65,-67.5758,36.7773,Red Sea,1728.5,109.8,32.01,9.29,1.94,44.73,22.36,8.71
8.38,-23.249,46.858,Bay of Bengal,6151.3,1303.0,37.8,11.14,7.13,22.06,23.64,8.35
8.17,7.427,156.5571,Arabian Sea,5017.7,454.1,38.8,33.76,5.2,1.63,8.88,1.74
8.43,-26.4602,-122.224,Southern Ocean,9321.2,412.4,36.22,0.19,6.24,93.09,26.77,3.1
8.46,75.2131,-2.3202,Norwegian Sea,2922.3,1881.6,38.78,34.48,7.41,26.89,21.49,7.54
7.96,-81.9011,-135.9021,North Pacific Ocean,10910.4,2210.5,31.35,11.13,6.23,96.89,15.34,5.86
8.17,-35.6821,-140.4225,Indian Ocean,10152.1,1216.3,36.48,20.75,7.82,82.17,34.6,3.76
8.15,77.4461,76.24,Indian Ocean,6101.1,400.9,36.75,9.22,3.24,80.88,28.02,0.3
7.61,-75.2915,36.565,Baltic Sea,7283.0,2650.7,38.44,13.22,2.57,81.35,48.8,8.98
8.12,-6.1425,-139.7536,Arabian Sea,10549.8,1958.3,32.31,6.11,2.02,12.49,26.02,6.02
7.61,44.6314,7.5725,Caribbean Sea,3417.6,1833.4,30.91,3.65,5.84,79.08,38.17,7.25
8.36,-29.1282,161.2039,North Atlantic Ocean,396.8,1705.6,32.3,33.99,6.43,83.33,42.92,7.66
8.43,55.6497,-129.9807,Baltic Sea,2960.3,2611.4,36.05,20.29,7.21,20.78,41.95,4.77
7.89,-63.1689,-120.4173,South Pacific Ocean,895.7,129.2,39.56,1.08,7.69,92.75,40.7,8.63
8.19,87.5556,60.9081,Caribbean Sea,8615.3,1609.1,33.55,8.81,2.43,26.29,13.24,1.97
8.2,25.7891,-98.1919,Red Sea,3114.7,1273.6,33.89,27.95,9.72,94.59,29.98,7.2
7.55,-37.1068,92.3332,Norwegian Sea,1460.7,1243.1,35.65,16.59,9.0,12.87,49.26,4.28
7.66,-77.3562,151.4908,North Pacific Ocean,10753.9,-67.2,34.99,24.47,4.61,98.54,47.33,4.19
8.39,10.2935,-177.1776,Caribbean Sea,259.4,116.9,31.43,1.06,5.08,98.55,44.13,6.35
7.7,15.9148,-64.2929,Bering Sea,10840.0,1402.7,34.19,12.31,6.64,32.08,38.33,3.13
8.26,-10.4191,29.5856,South Pacific Ocean,7255.6,421.9,39.26,31.38,2.48,68.29,4.43,2.97
8.09,78.8587,5.3757,South Atlantic Ocean,5933.4,2811.4,32.62,15.46,3.54,96.56,21.33,6.37
8.21,-31.9951,16.3964,Red Sea,7057.8,187.7,38.34,7.35,9.58,37.98,15.09,4.88
7.65,14.318,68.5394,Southern Ocean,10361.2,1433.1,33.49,-0.52,2.63,84.1,19.4,7.2
8.3,-77.6917,110.4736,Caribbean Sea,1050.1,971.8,37.96,17.28,5.87,18.52,29.16,3.17
7.87,-7.684,-79.0951,North Pacific Ocean,7263.2,1464.3,36.82,23.95,1.9,80.11,19.68,1.92
8.49,51.3154,89.9704,Coral Sea,4997.3,1185.0,36.6,14.35,1.12,8.72,21.27,6.61
7.93,44.5385,-152.453,South Pacific Ocean,9275.5,394.5,32.1,2.9,8.99,28.75,30.22,0.35
7.82,-3.9852,72.8091,North Atlantic Ocean,4855.8,2821.1,30.85,17.19,4.42,55.18,44.04,4.39
7.64,64.262,120.4836,South Atlantic Ocean,4526.5,-64.2,37.42,14.41,6.18,22.86,7.76,1.04
7.57,80.9759,155.5666,Caribbean Sea,10243.5,-137.0,39.49,29.01,8.51,4.97,13.51,8.03
8.38,-11.8615,51.3197,Baltic Sea,8778.1,2824.6,36.44,28.68,2.6,84.61,0.82,5.24
7.62,-26.9351,-66.4844,Arabian Sea,2436.1,991.5,39.52,11.2,8.35,49.31,44.59,9.06
8.38,24.0344,55.2013,Bering Sea,5151.4,1051.0,30.31,13.29,1.86,62.65,2.27,0.56
8.05,89.6436,-116.4539,Norwegian Sea,7809.6,316.7,37.26,5.75,7.53,98.42,41.53,4.41
8.16,-82.8237,71.0074,Baltic Sea,2615.0,1325.9,35.36,7.93,1.35,80.82,42.11,8.22
8.31,-24.0334,135.5447,Gulf of Mexico,7970.7,296.6,35.8,27.88,8.93,4.83,1.04,5.87
8.04,-1.696,163.2903,Indian Ocean,8846.7,2823.6,32.36,33.0,1.82,99.36,43.75,8.64
7.99,86.4384,-113.4035,Gulf of Mexico,8697.6,-150.4,37.13,29.1,5.77,99.27,24.11,0.92
8.28,58.6384,42.4526,Red Sea,962.7,749.3,34.59,9.26,6.02,86.2,48.12,5.57
7.92,-36.5049,173.3203,South Pacific Ocean,3839.7,1286.5,38.56,21.09,9.02,87.08,28.08,9.32
7.58,50.9151,45.6446,Arabian Sea,10886.9,2535.3,34.75,17.39,6.21,86.79,39.55,0.17
8.13,-52.4972,159.4029,Bay of Bengal,8210.7,-376.8,36.59,19.53,2.77,61.45,29.65,7.48
7.54,16.2271,-22.0833,Gulf of Mexico,8784.0,1453.1,31.9,3.79,6.33,17.73,41.0,7.89
8.1,-82.8042,104.6966,South Atlantic Ocean,7588.8,-43.2,38.76,30.29,4.17,55.24,38.08,4.14
8.01,-13.6118,-149.5576,Gulf of Mexico,9608.7,-170.1,33.76,17.68,5.03,78.54,9.46,2.65
7.81,47.9706,-104.7438,Coral Sea,7937.0,2797.1,39.84,14.25,2.81,99.66,28.14,1.77
7.85,-38.3902,-137.7263,Norwegian Sea,6366.5,-398.4,34.31,18.1,7.31,76.89,19.65,7.73
7.95,41.1719,-159.6893,Bering Sea,6968.8,425.1,33.09,24.82,2.7,84.34,0.45,4.0
7.99,-31.0675,-20.2408,North Pacific Ocean,5347.1,2786.2,37.05,19.31,3.87,57.08,30.86,6.58
7.92,-77.0266,127.259,Coral Sea,1488.9,812.1,31.31,23.32,9.92,2.23,10.84,0.19
7.89,72.2336,-79.6598,Indian Ocean,2468.2,787.7,31.86,1.44,4.78,96.06,43.86,0.68
7.82,-14.3481,-95.0548,South Atlantic Ocean,1382.5,582.6,30.32,9.17,8.37,76.51,34.24,6.81
8.15,43.1187,93.1921,Caribbean Sea,8592.0,379.1,31.43,17.18,5.37,30.42,6.86,2.34
7.91,16.929,-85.1793,Gulf of Mexico,4979.7,161.5,36.65,24.75,8.52,15.71,2.97,1.34
7.82,31.3348,39.2872,Gulf of Mexico,4235.2,339.7,35.6,20.96,3.68,5.4,44.93,3.39
8.4,6.8757,-122.3925,Arabian Sea,2797.5,-387.7,39.24,0.8,5.64,8.71,48.06,9.3
7.68,8.6598,-34.5398,Indian Ocean,1488.2,739.0,37.78,31.5,6.03,40.15,42.24,4.03
7.65,66.1173,16.3938,Gulf of Mexico,4668.8,-327.7,38.46,16.79,2.01,6.34,13.02,5.77
8.28,11.936,178.9828,South Pacific Ocean,3460.1,1662.5,34.9,28.25,6.87,61.03,14.54,6.69
7.62,55.6039,127.89,Indian Ocean,2186.0,2285.6,31.52,33.73,8.05,91.08,17.94,5.27
7.77,-9.5418,-175.0008,North Pacific Ocean,2668.5,45.6,36.38,3.25,5.42,35.35,12.46,8.1
7.85,85.1303,48.9254,Arabian Sea,9587.8,2311.9,39.06,22.7,8.95,16.66,35.92,8.48
7.79,-78.8145,52.0529,South Pacific Ocean,3685.0,-314.0,36.78,18.59,7.99,29.83,25.25,6.27
8.23,-21.805,18.2035,Bering Sea,9605.4,990.6,39.56,3.5,2.79,68.98,25.68,7.64
7.7,-57.8698,-170.197,North Pacific Ocean,9742.8,2454.2,37.47,13.95,9.38,5.73,24.8,7.05
8.19,-36.5262,-79.3362,Southern Ocean,6681.4,1965.0,31.86,0.89,8.66,7.81,12.12,1.43
7.79,-68.0819,-106.8953,Red Sea,9737.7,890.4,39.13,2.64,4.21,0.83,40.46,5.02
8.36,-0.1594,-167.3449,Bering Sea,10151.0,1991.7,38.05,0.53,5.73,29.62,37.39,4.67
8.38,-87.5995,138.6746,Norwegian Sea,2461.3,-190.8,33.76,20.63,2.89,7.53,43.51,1.46
7.78,15.2163,31.6627,Red Sea,9301.4,165.1,31.66,21.72,6.81,63.61,19.55,1.08
8.1,79.0097,-86.3316,Red Sea,10633.5,2156.8,35.93,17.91,2.59,71.35,5.07,0.53
8.31,-60.8446,138.2331,North Pacific Ocean,5716.2,1185.8,32.08,22.41,6.41,67.0,26.59,0.69
7.57,28.4271,125.9233,Norwegian Sea,9669.7,644.2,39.12,28.59,4.27,12.17,42.5,0.87
8.07,-43.3249,-97.7172,Red Sea,6757.6,-198.1,35.96,6.25,2.14,42.16,36.06,4.61
8.48,-63.8149,-95.8702,Baltic Sea,9141.7,862.4,30.24,24.93,3.08,76.29,4.01,1.99
7.86,60.7775,-115.0114,Norwegian Sea,2446.1,578.2,34.61,2.53,5.19,27.57,5.87,7.62
8.23,-4.8928,-111.8904,Arabian Sea,2266.5,-33.2,37.88,19.83,2.2,27.02,7.45,1.21
8.3,-77.9887,83.6796,Arabian Sea,9044.0,1304.9,35.4,27.99,7.97,20.88,8.99,4.74
8.24,7.5787,-93.6536,Bay of Bengal,8107.8,24.3,35.4,34.45,2.45,5.05,48.35,6.1
8.45,86.1735,118.8634,Indian Ocean,9737.0,2613.1,37.24,18.38,2.98,88.58,20.7,1.45
8.27,54.8214,168.3235,Coral Sea,297.4,2982.1,35.56,1.24,1.58,86.9,33.42,1.77
8.43,10.1322,-159.9231,North Atlantic Ocean,6844.2,42.2,36.41,14.06,9.34,94.73,8.19,2.37
7.73,81.154,10.4284,Coral Sea,4838.3,-36.4,30.59,14.35,1.17,96.41,29.9,4.92
8.09,54.3977,-167.2903,Gulf of Mexico,3727.6,1190.2,36.34,16.64,7.08,2.98,12.24,2.63
7.88,-9.4379,-61.2387,Bering Sea,9413.8,2925.5,32.27,21.62,7.74,87.76,49.13,9.84
8.22,-5.3619,156.6759,Arabian Sea,3528.1,1062.5,37.88,28.65,5.69,1.85,27.56,6.37
7.65,76.8855,-48.1809,Red Sea,4174.0,921.8,34.38,32.34,4.57,73.28,16.65,4.97
7.68,-81.8586,68.0079,Caribbean Sea,2654.1,2843.5,32.15,29.26,3.51,59.14,31.49,0.42
7.63,-30.8927,13.2674,Caribbean Sea,10701.8,1087.9,30.63,22.92,5.94,17.37,29.17,9.95
7.77,-11.0088,31.4138,South Pacific Ocean,6954.1,2293.5,32.65,1.08,7.81,1.35,23.13,5.07
7.69,-53.6986,177.9536,Southern Ocean,7987.3,1027.1,38.65,5.75,7.15,74.35,45.44,6.74
8.27,-58.0387,115.3786,Bay of Bengal,10800.1,1952.6,36.62,31.73,4.43,71.67,46.07,4.84
8.09,0.2698,150.9931,Arabian Sea,6056.4,2719.2,34.53,21.46,4.41,14.11,7.42,8.83
7.87,15.5137,60.3863,Arabian Sea,5195.8,1771.6,33.32,29.39,1.6,69.75,7.92,9.15
7.71,-7.3444,-34.9445,Norwegian Sea,5205.3,2896.3,33.25,20.25,9.45,90.24,49.57,5.43
8.3,-16.7537,-43.4938,Bering Sea,7935.5,2067.4,34.08,26.79,7.92,40.66,31.69,7.68
8.38,37.0394,168.9377,Baltic Sea,9989.7,-278.9,30.23,26.5,7.81,73.98,9.24,4.83
8.35,43.3857,-72.7999,South Atlantic Ocean,8531.7,-362.0,36.45,29.89,9.53,62.23,3.97,4.27
8.42,-58.6769,-113.0223,Bay of Bengal,5777.2,3.8,33.45,1.2,8.37,16.07,37.61,3.32
8.31,-78.3215,-133.2659,Coral Sea,2896.6,1.9,35.52,31.59,8.53,48.68,45.31,2.19
8.13,-78.3138,15.8511,Southern Ocean,9226.4,-402.5,35.06,34.89,6.55,45.01,40.41,6.07
7.93,42.2742,74.4703,Bay of Bengal,9131.7,810.6,33.87,6.47,3.81,5.97,13.38,4.87
7.79,-87.1701,-3.7484,Southern Ocean,2437.3,2974.4,36.46,21.77,4.52,83.63,46.68,1.12
7.51,85.5808,144.6225,Indian Ocean,7552.3,1543.2,39.05,-0.1,7.55,34.61,0.1,4.51
8.33,37.0852,85.6185,Bay of Bengal,6103.0,2088.0,39.54,29.66,6.03,45.18,43.74,4.3
7.94,17.4584,-117.9116,Gulf of Mexico,2405.4,1084.4,32.51,2.35,3.99,42.15,48.63,5.27
8.37,-84.2501,163.4709,Red Sea,3206.4,117.0,38.38,6.68,4.7,16.68,45.39,1.98
7.82,-84.262,55.7543,Bering Sea,8014.8,729.2,30.33,19.9,9.04,76.84,5.6,5.73
7.84,-7.8245,-117.7916,Bay of Bengal,10451.7,281.1,32.83,34.96,5.67,60.33,47.58,0.49
7.52,-20.9756,-21.9331,Bering Sea,7135.0,1431.6,32.58,30.0,8.96,34.46,17.99,8.58
7.99,-37.9005,-14.968,Caribbean Sea,10711.8,1135.3,31.93,29.99,6.31,3.51,35.07,4.2
7.99,-66.7308,47.2494,Norwegian Sea,6001.1,2486.2,31.89,25.48,5.91,2.23,8.84,6.26
8.15,-40.944,163.4563,Norwegian Sea,9401.0,240.5,32.64,23.86,9.72,24.58,46.84,1.85
8.25,24.2745,-39.8011,Indian Ocean,10716.1,1505.5,37.08,5.61,1.72,16.0,18.35,5.33
7.85,-18.2918,30.8387,Coral Sea,320.9,-427.2,34.06,22.21,4.98,69.1,38.83,0.5
8.43,-33.8167,-40.0425,Bay of Bengal,466.9,2295.8,38.99,1.81,2.04,44.96,47.11,4.51
7.96,76.4539,144.7088,South Atlantic Ocean,2765.8,1459.7,38.18,13.94,7.83,35.14,46.51,4.32
8.07,-30.2368,164.6817,Coral Sea,3108.4,-276.0,32.44,25.89,6.31,23.35,27.13,8.24
8.09,73.931,86.4711,Coral Sea,6118.5,2355.1,38.56,21.96,4.36,87.09,34.48,9.99
8.38,-75.4289,-86.104,Southern Ocean,5501.0,-282.2,38.64,23.27,4.55,14.38,23.7,9.52
8.19,58.7471,42.637,Caribbean Sea,9186.9,1007.8,35.25,1.97,2.28,53.15,31.36,4.47
7.85,2.0935,-88.9968,Southern Ocean,6081.3,2530.2,31.89,13.21,3.38,64.32,44.78,4.71
8.21,1.709,26.7645,South Atlantic Ocean,3035.5,-295.4,35.17,32.22,7.91,49.37,12.89,4.12
8.39,17.3817,-39.7836,Gulf of Mexico,2414.4,387.8,30.26,30.07,8.41,93.86,27.79,10.0
8.32,29.4176,95.035,Baltic Sea,3206.6,578.4,30.12,22.59,8.57,84.39,27.03,9.09
7.55,57.2822,142.7503,North Atlantic Ocean,1549.5,1431.2,35.05,20.16,1.5,75.02,45.16,8.45
7.57,-80.3314,-174.9587,Indian Ocean,6675.5,1217.5,39.15,-0.43,2.69,64.88,15.27,9.01
8.18,-33.6621,148.9968,Coral Sea,2658.2,2457.0,31.34,25.64,4.8,18.94,7.77,4.73
8.48,-6.6133,-86.8649,Caribbean Sea,9525.8,2638.0,33.67,16.03,5.01,67.56,26.48,1.28
8.1,83.632,80.4492,South Atlantic Ocean,10615.9,721.0,34.9,10.52,3.43,56.72,0.69,5.38
7.94,-78.9877,-99.2573,North Pacific Ocean,4287.2,2650.0,35.31,8.5,9.83,92.99,2.99,8.39
8.08,-18.91,-55.8937,Bering Sea,10229.6,874.4,38.19,12.26,9.33,33.41,27.92,0.02
7.95,50.8605,41.102,North Pacific Ocean,9565.5,2229.5,31.61,34.58,1.79,25.43,48.53,2.13
7.71,77.4807,-123.1295,Bay of Bengal,5685.6,1544.9,30.24,2.08,7.36,87.31,23.66,1.08
7.78,55.0518,-96.4364,Southern Ocean,1997.1,2348.3,37.29,1.53,2.92,34.55,31.33,3.67
7.8,85.8788,-7.7531,South Atlantic Ocean,6404.5,1629.6,38.5,5.73,9.72,75.37,37.99,6.42
8.1,4.9007,-137.3017,Indian Ocean,8510.7,2288.4,34.03,22.42,7.13,40.23,34.78,5.06
8.33,41.0823,-131.5198,Bay of Bengal,1369.1,1532.4,39.56,6.72,1.64,29.85,45.95,3.39
7.55,68.6224,61.0147,South Pacific Ocean,10294.3,-89.6,35.28,33.29,1.36,45.62,11.9,9.28
8.02,-15.4206,179.5946,Norwegian Sea,8337.9,2261.0,36.87,1.23,3.88,59.87,5.07,5.94
8.03,-75.4032,175.2593,Arabian Sea,9159.0,1925.4,34.99,8.71,5.99,7.36,3.59,4.03
8.46,-80.044,-0.5705,Bering Sea,6247.8,2218.7,32.12,18.76,5.94,36.0,44.25,1.72
8.32,76.0257,93.4944,Bay of Bengal,2680.9,-162.3,33.25,23.5,5.79,39.72,26.18,9.7
7.89,-89.635,44.194,Norwegian Sea,332.7,1914.1,39.56,24.37,7.81,60.34,9.09,0.23
8.11,-32.9156,-177.7841,Bering Sea,5138.5,2212.9,35.26,8.85,8.21,92.06,35.63,8.5
8.16,63.1063,144.7888,Caribbean Sea,882.2,794.1,39.51,9.39,2.9,85.28,35.78,7.01
8.17,-18.4552,102.5823,Indian Ocean,2022.9,2833.6,33.45,27.43,1.45,63.37,4.05,8.76
8.41,-54.5617,-97.4238,Norwegian Sea,5196.3,1871.3,39.91,27.58,1.68,47.68,24.17,6.72
8.08,-66.4884,169.171,Coral Sea,5708.7,-292.6,36.5,15.0,8.6,8.31,39.18,5.91
7.72,-83.7538,-43.6994,Red Sea,5573.3,1837.9,38.1,33.73,5.98,56.17,34.09,7.32
8.14,26.5266,-39.1403,Arabian Sea,5769.1,-449.5,31.13,1.72,4.4,26.11,19.2,1.86
7.74,-31.4015,59.9248,South Pacific Ocean,3242.7,80.3,38.84,15.85,7.58,42.0,31.13,3.79
7.62,-87.8441,55.2971,North Pacific Ocean,6826.0,853.9,30.2,16.52,8.74,75.39,38.57,8.27
8.11,-75.0688,62.3827,Gulf of Mexico,3960.5,654.9,30.66,15.54,7.09,3.56,31.94,2.04
7.78,63.3533,-171.3379,Arabian Sea,5260.1,2024.0,33.57,15.81,1.45,92.05,23.83,7.54
8.13,-67.7936,-59.6802,North Atlantic Ocean,3374.4,551.8,33.01,21.18,9.16,80.04,17.98,9.86
8.32,-0.4053,-175.4434,Bay of Bengal,1358.9,2225.6,31.82,-1.0,4.97,29.27,39.76,4.2
7.65,-27.5534,-57.7722,Coral Sea,1481.2,461.6,37.8,31.34,5.05,54.48,15.66,1.83
7.56,-53.5268,122.7555,South Atlantic Ocean,8695.5,1429.9,34.13,2.71,8.97,9.61,35.29,3.27
7.58,-67.5226,-85.5702,South Pacific Ocean,6794.3,1718.3,38.89,25.69,8.39,8.16,34.96,0.6
8.47,25.0072,-116.4945,South Pacific Ocean,224.4,2782.9,30.29,29.43,8.59,3.75,26.26,1.95
7.59,67.5835,152.4172,Gulf of Mexico,9064.0,-400.1,33.41,17.3,1.44,90.12,38.04,0.3
8.42,18.2442,-97.8358,North Pacific Ocean,16.4,584.4,31.83,1.51,5.45,6.2,41.63,3.27
8.48,-22.3198,-8.6277,North Pacific Ocean,1502.9,210.5,34.39,-1.2,8.69,48.18,4.16,0.04
7.57,-34.8242,-59.041,Bay of Bengal,925.0,1921.9,39.96,17.64,7.89,2.41,27.48,3.08
8.04,-24.6944,-148.9698,Baltic Sea,4094.4,1144.3,38.83,-1.13,9.88,38.08,11.62,8.32
8.2,-24.0569,-98.198,North Pacific Ocean,1764.6,1379.7,36.43,27.73,5.01,42.13,39.77,4.36
7.54,1.9065,46.1178,South Atlantic Ocean,3235.1,-220.2,32.08,11.45,8.39,22.19,21.86,7.85
8.02,-23.7968,-150.1516,South Pacific Ocean,2059.7,1469.5,36.43,-1.37,9.27,52.99,43.73,5.88
7.92,15.5515,-165.8412,Norwegian Sea,8811.2,553.5,32.24,13.49,4.18,88.02,32.18,5.12
8.01,-71.1968,-122.3279,South Pacific Ocean,1416.5,2209.0,30.64,21.33,1.38,69.13,5.69,3.17
8.05,-40.4954,-75.448,Southern Ocean,1045.0,770.5,36.93,32.6,2.18,51.69,12.52,9.76
8.22,39.8956,76.3312,Red Sea,2840.1,-370.7,37.84,-0.14,5.43,29.77,20.11,2.36
7.62,46.4517,-4.6401,South Pacific Ocean,3729.5,-274.0,32.74,3.01,7.54,22.85,19.35,1.67
8.49,31.6921,-0.6551,Southern Ocean,4002.8,572.4,31.73,20.34,4.82,90.48,19.84,3.13
7.78,-28.6243,-45.9681,Indian Ocean,321.0,644.7,38.08,11.82,5.69,35.81,45.17,6.1
8.48,-9.6802,103.021,Norwegian Sea,4352.5,1892.8,31.31,11.21,8.96,87.57,22.99,2.26
8.19,-57.2139,-164.8008,Arabian Sea,2908.6,526.1,39.68,6.2,3.17,33.55,4.56,5.07
8.18,83.9053,31.3603,South Atlantic Ocean,6103.6,2187.7,30.13,18.06,9.57,32.26,15.33,1.36
8.42,66.6212,165.2338,Bering Sea,2358.9,1438.7,35.76,22.27,2.03,90.45,22.05,8.48
8.39,79.5077,25.7247,Red Sea,8357.7,566.0,35.84,8.1,5.47,70.68,17.4,8.27
7.73,12.5117,85.659,Norwegian Sea,7979.0,396.6,34.94,29.78,5.18,42.93,11.93,8.32
8.2,-6.1715,-126.6719,Gulf of Mexico,931.9,632.4,37.55,19.84,5.39,69.87,20.98,4.12
8.0,66.3949,26.9481,Indian Ocean,2957.9,586.7,36.13,25.49,7.07,9.2,44.53,5.61
7.99,-16.5059,-66.681,Southern Ocean,4313.6,1565.2,39.69,1.28,3.68,17.43,20.9,6.41
7.51,-41.7278,74.93,Red Sea,2090.0,2244.3,30.72,-1.66,5.07,75.12,17.83,6.7
8.03,0.4402,-115.17,Caribbean Sea,4680.5,279.7,34.01,14.21,3.99,85.15,21.03,1.96
7.6,-59.4683,27.54,Southern Ocean,8498.6,2245.6,34.91,5.89,9.51,13.88,33.57,0.14
7.77,48.441,4.9383,Indian Ocean,134.2,-372.2,36.99,21.72,3.72,50.0,0.45,6.27
7.51,-10.5397,82.5103,Southern Ocean,736.8,603.6,30.51,25.87,3.28,55.23,20.22,8.46
7.9,27.8841,60.6111,Bay of Bengal,9067.7,714.3,37.97,13.18,2.64,6.79,22.14,4.31
8.43,15.129,87.0914,North Atlantic Ocean,6588.4,-347.3,31.23,23.42,4.67,27.09,35.28,6.22
8.3,15.294,152.3475,Arabian Sea,2943.0,1391.3,30.02,14.13,3.43,44.96,47.92,4.85
7.56,77.5866,26.3691,Gulf of Mexico,10868.3,-312.7,34.63,30.33,5.11,92.22,14.56,8.4
8.21,-79.9501,-36.2238,South Atlantic Ocean,6090.7,1780.3,32.1,13.96,2.63,60.48,3.93,5.08
8.23,20.4632,-0.4189,Bering Sea,7907.4,1791.3,39.54,6.6,9.78,21.76,39.95,2.6
8.28,-42.7555,69.4383,Bering Sea,9832.8,129.4,36.75,14.35,6.65,68.17,22.82,4.36
8.16,-67.5505,-94.3874,Gulf of Mexico,4159.8,-219.2,38.29,11.26,6.89,37.92,16.36,7.09
7.57,-80.1543,-111.0282,North Pacific Ocean,842.5,-194.9,39.32,31.62,6.96,63.76,21.22,0.28
8.15,59.4133,-148.0085,Bay of Bengal,10861.6,433.6,30.89,2.74,3.47,1.06,34.62,7.03
7.72,-18.2153,-35.5354,Norwegian Sea,3172.1,2247.2,35.87,2.67,8.12,42.87,2.41,1.56
8.09,35.8011,-152.1591,Bering Sea,7333.1,1531.9,34.81,19.72,3.35,70.73,31.45,4.41
8.18,77.7942,-138.7067,Red Sea,1263.8,1570.2,37.01,24.73,2.99,76.97,24.6,7.5
7.61,63.8516,136.8225,Baltic Sea,3854.8,1214.7,36.83,29.79,1.31,94.53,29.99,6.19
7.97,-46.4069,36.1396,Norwegian Sea,3032.9,1617.4,38.78,10.18,2.21,47.04,27.86,2.5
7.73,24.3581,163.0055,Southern Ocean,10597.0,2835.1,34.34,17.38,5.55,92.72,7.38,5.63
8.31,-36.3484,-47.9215,North Atlantic Ocean,1120.8,2499.7,31.31,7.2,6.29,80.77,28.72,4.22
8.43,-81.1755,-49.8243,North Pacific Ocean,202.0,-374.5,37.65,10.58,7.08,46.1,48.91,7.92
8.02,73.4337,128.09,Indian Ocean,6566.4,825.8,30.71,29.18,8.56,64.91,5.95,2.95
8.05,36.8704,27.955,Coral Sea,5025.7,2187.8,33.4,2.69,8.62,92.4,36.78,0.96
7.58,60.3114,23.5478,Coral Sea,5326.2,2890.9,38.65,-1.19,4.52,35.49,41.69,3.44
7.89,-40.8626,21.3052,Gulf of Mexico,4683.7,145.6,39.95,9.42,3.71,93.27,12.85,9.44
7.64,-39.7803,112.1211,Baltic Sea,283.8,1675.5,35.11,14.56,3.21,75.96,11.36,8.54
8.2,-53.1991,62.6371,South Pacific Ocean,2750.1,2643.0,37.73,16.64,2.07,11.64,16.28,8.8
8.46,-38.724,-111.933,Indian Ocean,9525.1,813.0,30.38,27.52,2.48,81.55,48.77,3.63
8.31,-70.9217,73.0711,Southern Ocean,7991.3,803.2,38.76,30.42,7.74,29.83,22.07,9.39
7.89,41.8484,15.4902,Norwegian Sea,8366.6,-142.3,32.43,25.54,3.55,3.93,39.65,0.3
8.16,84.7677,-137.4356,Norwegian Sea,10139.2,696.1,30.95,2.31,5.0,51.01,8.84,6.2
8.5,73.4615,-65.7148,Norwegian Sea,3954.9,2774.1,32.39,-1.33,8.58,95.04,3.97,8.25
7.54,-63.579,95.0254,North Atlantic Ocean,3231.6,2344.4,36.39,31.91,4.25,83.45,19.94,8.16
7.78,-52.0197,154.3934,North Pacific Ocean,9211.9,318.2,37.89,28.86,4.79,57.83,29.17,6.97
7.58,-25.1185,-9.7224,South Pacific Ocean,10051.8,2865.9,33.06,-1.7,3.46,93.82,35.4,5.26
8.14,-54.0727,76.9094,North Atlantic Ocean,9649.3,-132.2,31.92,4.16,3.51,31.87,41.52,3.96
8.34,33.579,-162.371,Norwegian Sea,7381.1,2976.4,38.78,30.83,9.0,48.24,7.59,4.14
7.86,44.4909,5.3196,North Atlantic Ocean,787.5,1115.9,36.14,33.58,4.74,83.71,40.56,1.11
7.89,46.1472,1.8197,South Pacific Ocean,2491.2,316.6,36.84,-0.37,2.55,13.19,38.0,3.91
7.79,15.0363,178.3007,Bay of Bengal,10224.2,174.4,30.25,27.38,5.03,28.8,2.56,1.92
8.06,-44.3282,178.8121,South Atlantic Ocean,7613.8,2061.7,37.46,-0.92,9.14,61.65,46.94,0.58
7.63,-68.2481,-9.2689,Bay of Bengal,5078.2,1647.4,32.59,27.99,1.81,48.41,15.5,9.61
7.69,-2.1567,-121.9077,Arabian Sea,7343.7,2883.9,37.01,-1.48,1.96,53.77,48.65,9.8
7.58,70.0234,3.3984,South Pacific Ocean,9881.1,2777.0,38.56,26.26,1.62,55.1,26.66,5.72
7.64,-40.5977,64.2164,North Pacific Ocean,7839.1,2427.5,30.45,1.4,6.33,24.52,43.86,4.06
8.34,-31.2588,86.3373,South Atlantic Ocean,4733.9,421.5,31.49,27.2,2.7,74.93,32.36,9.76
7.68,39.1631,-113.9076,South Atlantic Ocean,10600.0,2374.6,32.62,29.0,9.15,93.61,15.22,9.0
7.98,-28.3417,91.1908,Southern Ocean,7796.9,2056.2,32.18,25.56,9.79,61.56,16.22,7.1
8.2,66.9824,162.7123,Caribbean Sea,8787.1,2634.9,39.14,21.91,8.91,32.91,31.36,1.57
7.69,65.8062,-118.0832,Norwegian Sea,1717.5,1125.0,36.28,28.05,6.76,89.46,37.42,8.31
7.95,71.9702,-8.1289,Red Sea,7018.9,291.5,39.87,9.29,2.48,74.39,13.58,5.04
7.71,48.6233,131.2361,Red Sea,9113.4,2468.1,30.14,7.02,2.59,42.2,28.05,0.09
8.41,-79.3687,-70.3927,South Pacific Ocean,6901.4,1648.7,31.94,3.86,6.74,21.46,28.89,4.7
7.54,5.5164,-156.2267,Norwegian Sea,898.7,1185.2,38.39,8.18,6.16,91.02,37.41,5.54
8.09,-4.2777,170.5246,Coral Sea,789.1,1691.2,35.5,9.14,5.76,95.66,28.35,5.71
8.38,-6.8467,78.9154,Arabian Sea,3809.9,2642.9,35.06,30.5,9.03,36.55,25.6,9.88
8.29,27.9064,-126.1463,Norwegian Sea,6371.9,-41.3,38.48,6.39,6.08,67.96,25.48,2.56
7.73,45.3514,-15.6236,Baltic Sea,8845.4,197.4,39.15,25.18,3.29,54.33,27.57,4.69
8.04,7.4472,31.6048,North Pacific Ocean,8228.0,-77.9,34.63,13.64,2.29,79.75,24.02,6.53
7.56,45.7171,150.6236,North Pacific Ocean,308.7,1575.9,32.37,23.98,6.11,97.22,17.88,5.78
7.78,-46.2713,-75.1768,Caribbean Sea,3147.8,115.3,30.94,28.73,1.14,15.16,17.16,2.98
7.88,25.3015,114.75,South Pacific Ocean,9250.1,-259.4,38.11,13.05,8.98,36.63,2.23,7.41
7.57,20.1005,-179.5573,Red Sea,4553.1,1606.5,34.28,1.59,1.08,81.0,33.49,7.32
7.67,-29.7637,135.6856,Bering Sea,262.0,438.9,31.05,32.33,3.64,47.83,43.33,2.67
8.34,0.7065,93.5612,Indian Ocean,8495.9,1627.9,32.41,0.82,8.65,36.14,38.5,1.48
7.97,88.1336,159.105,Indian Ocean,6252.4,1621.0,36.27,24.75,4.06,9.93,35.68,4.8
8.44,35.9515,-37.561,Southern Ocean,1510.7,458.6,35.26,32.87,2.6,62.59,38.41,3.6
7.66,-9.9669,168.2517,South Atlantic Ocean,5362.3,2536.9,39.62,8.13,2.02,67.35,32.0,7.92
8.17,37.4293,106.6105,Caribbean Sea,566.9,1669.2,34.92,3.76,6.37,37.55,22.4,7.36
8.26,-21.0657,-128.4704,South Atlantic Ocean,9954.8,1628.9,31.04,8.7,2.22,4.05,34.59,5.37
8.28,-32.8686,-96.6131,Gulf of Mexico,2594.7,2588.7,34.36,-0.97,4.83,4.19,3.24,3.8
8.26,0.4086,109.5562,Coral Sea,9185.3,2753.5,31.31,31.83,3.35,13.55,28.31,4.89
7.67,-9.2082,-14.7564,Arabian Sea,8326.3,2375.4,32.68,7.79,8.33,32.27,42.25,4.34
7.95,81.0758,93.9619,Bay of Bengal,5166.3,1513.3,36.53,17.39,6.32,12.55,41.76,3.55
8.39,86.1899,-15.3199,Indian Ocean,1797.1,1374.7,37.77,0.63,3.46,38.06,45.71,3.09
8.07,-31.6784,44.8337,Indian Ocean,9813.2,634.3,34.53,26.57,1.38,73.22,47.05,1.16
7.87,-78.009,-58.2947,South Pacific Ocean,2326.5,-0.2,39.31,14.23,4.81,32.58,5.47,8.99
7.51,-53.6526,-9.4981,South Pacific Ocean,2004.3,2194.8,35.22,11.97,4.27,17.45,8.06,0.17
8.11,76.8086,125.042,Arabian Sea,2414.8,2480.3,31.67,12.66,3.85,57.79,19.61,9.86
8.39,-62.7201,-0.4066,Baltic Sea,3208.4,853.1,34.26,33.38,3.53,58.91,49.48,1.54
7.7,21.1933,67.7031,South Pacific Ocean,4284.1,2572.5,34.43,2.13,4.83,89.58,10.23,6.97
8.5,-82.9654,-105.9734,Coral Sea,10897.8,2005.8,32.82,32.29,1.94,59.91,24.36,5.3
7.71,1.2541,67.7868,Bering Sea,7295.0,2680.6,34.89,18.79,4.7,75.11,22.12,9.42
8.07,-16.7506,-142.4647,Norwegian Sea,907.0,2428.8,36.53,19.1,1.43,18.64,4.17,5.91
7.98,37.9041,40.0517,Bay of Bengal,853.7,-400.9,36.56,8.98,7.11,65.36,46.82,1.72
8.27,2.0111,15.6125,Indian Ocean,667.2,398.3,30.73,11.18,4.81,48.66,40.9,5.99
7.99,-2.6845,-29.0675,Red Sea,5108.5,1778.4,35.21,22.71,5.5,76.87,9.93,2.19
7.84,22.4204,117.7269,Bay of Bengal,4364.0,2358.7,30.5,10.79,8.81,53.15,16.39,4.86
8.46,36.2082,28.8774,Bering Sea,9533.2,2527.2,31.97,20.63,3.3,61.76,30.11,7.82
8.07,26.581,-88.7238,Bering Sea,4247.9,2161.0,35.54,22.5,2.73,22.95,24.48,0.64
7.54,69.037,3.9132,Bering Sea,4772.0,-121.2,35.17,-0.85,1.12,16.92,6.65,4.78
7.94,-69.4247,107.0713,Arabian Sea,6988.5,-303.9,38.11,22.53,6.75,96.06,24.84,0.09
8.0,82.4517,129.2044,South Pacific Ocean,8716.9,1723.4,33.98,0.33,9.82,74.17,17.44,9.34
7.53,31.9368,-68.5391,South Pacific Ocean,8912.9,563.2,37.31,25.45,6.88,84.2,30.14,4.87
8.18,-54.3981,-151.5045,Bering Sea,8040.2,2484.9,32.67,26.35,9.11,63.06,8.92,9.05
7.98,-15.5796,-88.5867,South Pacific Ocean,5399.3,2059.4,31.71,3.39,3.31,4.94,36.69,0.32
7.61,-34.3699,140.4801,South Pacific Ocean,10324.5,2856.2,37.42,20.34,5.52,45.95,40.06,4.1
7.84,39.044,58.9676,North Pacific Ocean,4608.4,66.2,33.47,3.19,1.41,96.54,47.12,6.52
8.0,89.1977,166.4487,Baltic Sea,4854.1,2965.2,39.07,29.84,8.13,53.47,9.79,2.43
8.37,66.3164,-165.1271,Coral Sea,9395.0,1059.4,36.06,16.01,6.66,0.8,48.62,2.44
7.96,65.1573,-53.6169,North Pacific Ocean,3740.9,674.7,39.1,9.15,8.74,11.81,29.51,9.45
8.4,-15.8402,-32.9404,Coral Sea,4310.8,1640.6,36.97,26.66,5.64,94.96,30.28,6.12
8.26,-11.5366,-60.4405,Southern Ocean,2398.9,2551.0,39.71,34.6,2.96,93.42,41.51,4.15
8.15,-53.3489,-88.6219,Bering Sea,194.1,2861.9,33.41,30.65,5.06,40.8,31.72,6.51
8.12,-23.1235,-15.1281,Coral Sea,8070.6,1385.0,39.11,27.35,8.74,17.26,34.25,3.08
8.23,23.2101,64.0257,Arabian Sea,302.3,952.8,37.2,11.22,9.38,47.28,22.93,9.79
7.94,61.5326,-114.5407,Caribbean Sea,5783.9,599.8,32.9,31.4,3.5,89.26,36.03,3.78
7.92,-79.4152,104.7066,Arabian Sea,10723.6,1230.5,30.93,22.0,1.94,95.25,0.82,1.72
7.72,80.313,-102.6825,Baltic Sea,6610.4,2190.2,38.52,9.2,4.06,53.4,8.45,5.24
8.06,-46.2993,169.2866,North Pacific Ocean,332.2,-376.0,36.55,-1.91,8.72,22.97,47.95,8.78
8.19,-53.9572,101.2106,North Atlantic Ocean,7610.0,2118.0,34.53,-0.8,8.63,79.61,24.19,3.41
7.77,-18.3735,-63.2416,South Atlantic Ocean,8409.8,-15.7,36.98,6.63,9.73,8.78,35.99,7.25
7.73,24.6899,30.6355,Norwegian Sea,3597.7,2205.0,32.91,-0.69,2.69,96.53,18.13,1.31
7.69,12.4529,-42.1259,Gulf of Mexico,534.7,-216.1,34.4,-1.99,2.56,82.89,22.28,4.49
7.56,-44.5803,179.2856,North Atlantic Ocean,3330.9,1.2,37.84,7.29,6.05,1.44,8.73,1.25
8.42,82.5086,-8.0313,Caribbean Sea,372.2,1959.6,38.0,15.34,7.73,25.17,33.69,2.89
8.41,17.6226,64.5411,North Pacific Ocean,3620.3,1722.0,35.17,-0.1,1.76,14.52,33.02,6.14
7.65,57.8978,49.2564,Gulf of Mexico,8692.9,458.5,31.56,5.5,6.12,45.34,42.71,2.02
8.32,74.6835,-71.4233,Bering Sea,10021.9,1316.0,33.64,-1.17,9.85,45.96,28.66,4.69
7.9,-17.9607,-41.5909,South Atlantic Ocean,4562.0,2334.3,37.63,6.95,8.87,76.19,17.47,7.12
8.08,-48.3694,1.0728,South Atlantic Ocean,10070.3,1209.2,30.44,14.59,4.06,33.46,23.31,1.24
8.04,25.2066,-90.6804,Caribbean Sea,9446.0,786.9,36.8,31.85,5.38,40.06,5.79,0.64
8.2,-29.4198,-108.4792,Arabian Sea,5029.2,853.9,37.97,21.03,3.0,19.14,31.53,4.11
8.11,-20.7982,167.8501,Red Sea,9845.1,125.8,35.5,30.09,7.63,18.85,28.38,3.17
7.76,-65.2474,-78.0883,North Pacific Ocean,5639.7,2202.2,32.98,20.19,5.16,74.32,0.35,8.58
7.88,57.601,-56.2628,South Pacific Ocean,7492.4,1169.5,36.2,20.21,4.11,51.07,29.62,8.92
7.86,50.4228,115.6108,Bay of Bengal,75.8,907.2,35.81,9.12,6.08,55.22,30.71,0.63
8.43,24.7785,102.1885,Bay of Bengal,7025.8,1347.8,38.81,6.06,7.32,9.54,41.29,2.79
7.54,-21.4786,-124.0077,Southern Ocean,7218.9,1757.3,37.93,29.38,2.15,80.67,48.39,2.92
8.28,84.5384,-121.9588,Red Sea,3484.7,622.4,34.77,27.56,8.35,44.02,41.3,6.28
7.95,-25.3792,-119.1223,North Atlantic Ocean,9104.7,1939.3,36.93,22.2,1.93,83.74,37.42,1.3
8.23,21.3939,24.2509,South Atlantic Ocean,2702.6,-65.4,31.62,6.95,8.67,56.46,7.91,5.67
7.81,-63.2329,116.1033,Bering Sea,6365.1,2309.7,35.62,30.41,2.28,64.03,15.8,2.25
7.6,-64.6743,85.0627,North Atlantic Ocean,5562.4,484.1,30.48,32.13,1.07,42.6,40.52,2.63
8.3,81.9791,-40.9414,Bering Sea,5111.8,169.4,33.42,34.71,5.87,68.94,13.2,8.24
7.6,40.9181,29.6346,Norwegian Sea,232.5,2936.4,31.66,25.72,3.27,43.12,12.8,3.51
8.31,-85.3165,73.6199,Baltic Sea,10645.4,2553.8,32.0,6.53,6.48,52.05,46.91,6.25
8.04,24.9385,-176.1572,South Atlantic Ocean,8179.6,1811.7,37.33,27.0,1.67,44.29,13.85,9.89
8.18,-81.4826,116.3445,Bering Sea,277.5,1434.2,33.73,12.82,5.25,64.86,0.91,9.23
7.77,43.9841,102.215,Gulf of Mexico,4052.3,571.1,30.83,23.51,6.8,80.59,32.49,4.53
8.18,-80.1114,85.9445,North Atlantic Ocean,3660.6,1720.6,39.66,33.99,5.33,92.27,47.69,2.66
8.39,-23.7607,167.1612,North Pacific Ocean,3758.4,485.8,37.54,6.64,3.83,77.9,15.12,2.27
7.68,-22.0806,-177.0673,Gulf of Mexico,5937.2,1066.0,39.94,10.58,6.26,92.59,20.47,6.38
8.32,16.5279,116.8491,Indian Ocean,170.8,1489.8,31.35,25.54,9.96,83.17,9.31,4.18
8.08,-51.7642,-11.351,Bay of Bengal,2074.9,332.5,39.6,0.88,3.07,25.4,1.11,4.84
7.71,34.7174,93.1496,North Atlantic Ocean,1782.0,1637.6,30.61,5.89,3.43,62.72,24.79,7.86
8.34,6.4386,-169.1012,Southern Ocean,2822.8,350.2,33.83,15.16,6.82,20.95,7.95,8.0
7.72,-29.6714,-158.8471,Red Sea,9355.6,23.2,36.09,17.23,8.95,66.34,24.35,6.57
8.38,49.2153,-134.6596,South Pacific Ocean,467.4,2305.5,34.92,2.32,3.9,70.9,19.12,4.29
7.86,18.5888,-113.3932,Arabian Sea,3176.6,1913.1,34.38,32.69,6.18,9.44,22.72,5.6
8.2,71.6323,-129.1722,Norwegian Sea,10032.5,490.5,35.29,21.37,8.67,91.94,38.56,5.27
8.23,3.5513,-57.4998,South Atlantic Ocean,9105.6,2065.9,32.56,20.03,9.13,72.21,14.1,7.74
8.0,-32.9916,-68.8296,North Atlantic Ocean,6656.0,154.8,30.0,6.19,8.87,95.95,40.58,1.4
8.34,-89.0083,-102.1998,Bay of Bengal,2777.6,2070.7,31.46,22.79,5.4,68.15,10.21,3.7
7.87,12.7376,-124.8895,North Pacific Ocean,7224.9,-470.8,31.27,4.37,3.5,81.16,42.94,7.76
8.35,72.4554,62.9154,Norwegian Sea,8877.1,-441.7,32.97,19.41,4.48,81.87,47.68,5.56
8.07,-66.5487,-8.6189,Gulf of Mexico,3679.0,-226.6,34.96,34.69,5.01,4.43,30.56,1.42
7.54,85.9295,162.6761,South Atlantic Ocean,594.8,1053.9,38.42,8.96,4.92,29.62,23.27,0.64
7.95,25.7628,116.7052,Arabian Sea,10873.2,130.0,36.41,19.37,2.0,60.87,0.41,6.78
8.32,-45.7698,90.7174,South Atlantic Ocean,4004.0,2142.1,37.22,-1.82,6.42,15.35,36.6,1.5
7.76,80.3328,-149.1402,Red Sea,9294.3,2869.1,34.87,30.13,5.95,53.48,29.02,7.76
8.21,88.161,147.2951,Arabian Sea,2167.3,1135.5,34.18,28.92,9.8,66.26,25.69,5.64
7.95,-84.5444,170.3437,Gulf of Mexico,9410.3,1581.2,35.33,34.67,8.67,34.82,6.81,0.97
7.81,81.7494,-153.8574,Norwegian Sea,10227.8,685.1,32.38,20.01,2.47,50.76,5.26,7.74
8.39,-42.637,121.7384,Arabian Sea,6680.6,958.2,37.81,8.03,7.58,83.84,47.0,2.0
7.98,42.4452,-28.659,Baltic Sea,9024.3,1694.0,37.59,31.29,5.5,28.37,34.66,2.74
8.25,-39.421,-65.3414,Red Sea,9685.6,1379.4,37.92,28.05,2.68,94.78,10.96,9.36
7.96,-8.0989,63.9193,Baltic Sea,9185.9,583.7,33.5,1.36,1.93,63.27,28.92,1.23
7.8,-41.454,-66.3222,Baltic Sea,10309.0,372.0,33.57,27.74,4.1,86.77,34.69,4.25
8.42,39.6848,-140.2557,Arabian Sea,2844.7,1649.6,31.22,0.87,7.26,8.96,35.68,4.06
7.64,54.6283,71.3129,Norwegian Sea,1313.6,2697.3,35.9,18.82,4.72,14.27,0.88,4.78
8.08,41.6677,56.255,Baltic Sea,9632.8,-350.1,34.94,7.16,9.29,93.01,47.69,2.12
7.7,82.6445,103.8217,Southern Ocean,10812.0,-210.7,31.4,34.15,4.58,3.59,23.98,2.44
7.62,-64.2196,21.8427,Southern Ocean,1775.5,228.8,32.04,9.72,8.83,70.69,37.12,9.12
7.6,14.0385,107.3557,Southern Ocean,7754.4,1884.2,31.29,7.48,2.19,77.69,35.1,3.57
8.27,80.227,-177.3759,Norwegian Sea,6000.3,-225.8,36.31,13.36,4.86,87.36,47.51,4.58
7.76,-6.5298,96.7933,Baltic Sea,2593.6,2630.1,31.84,32.41,9.84,93.06,15.35,0.15
8.07,69.8984,-22.3935,Gulf of Mexico,7843.4,848.3,36.5,15.41,6.19,36.4,33.35,1.81
7.99,-88.1013,25.9439,Gulf of Mexico,7209.2,38.9,34.88,8.68,9.44,30.4,2.05,8.47
8.37,80.1264,140.252,North Atlantic Ocean,4583.3,1867.4,32.14,31.51,1.31,32.68,2.22,9.01
8.27,-80.8923,99.2098,Arabian Sea,183.6,2924.5,30.28,31.12,3.2,3.23,34.63,9.24
8.19,-79.412,54.3241,Norwegian Sea,9126.3,2067.8,30.99,18.61,3.99,13.04,17.17,6.45
8.4,-25.0501,-127.0984,North Pacific Ocean,2454.8,1007.4,33.35,-1.47,9.69,81.7,10.98,7.29
8.09,60.6308,-89.2354,North Pacific Ocean,7619.3,2685.1,35.96,4.25,6.2,45.61,25.45,1.64
8.31,-74.435,-54.6438,Baltic Sea,10979.1,700.5,30.88,19.03,2.29,6.66,29.46,7.59
8.35,77.186,156.1548,Arabian Sea,10241.6,109.3,35.16,6.94,1.23,50.57,0.94,9.39
8.3,-49.8751,98.6985,South Atlantic Ocean,5329.9,2921.9,37.33,18.69,3.92,29.07,49.76,1.84
7.88,-81.1082,0.2003,Gulf of Mexico,928.0,2030.8,38.76,1.17,7.94,49.49,20.97,2.16
8.31,11.4609,93.2367,North Atlantic Ocean,9824.8,330.2,38.32,18.23,8.03,95.99,11.24,9.32
8.02,59.27,-85.2996,Bay of Bengal,135.7,1649.6,31.37,18.48,5.99,76.72,4.18,0.59
7.84,85.0209,-126.0636,Indian Ocean,3463.0,1751.1,39.91,30.67,9.2,99.52,10.45,4.42
7.7,-47.3421,31.2726,Coral Sea,8023.0,910.5,39.85,14.12,2.1,89.64,37.17,4.62
8.19,62.7516,-27.0343,North Atlantic Ocean,8673.8,1977.9,35.64,20.7,7.82,9.14,48.56,3.15
7.8,-64.4768,-14.804,South Atlantic Ocean,6334.4,693.7,35.88,3.72,8.14,38.56,10.46,2.83
7.76,44.7811,-118.8109,Gulf of Mexico,3556.2,968.5,32.72,30.46,5.06,45.1,49.17,7.22
8.09,-84.1339,-48.9392,Gulf of Mexico,1271.2,2985.6,32.72,8.53,7.71,43.34,15.23,8.74
7.76,-20.1466,170.9886,Indian Ocean,5445.3,2924.8,32.31,28.1,3.15,14.46,29.09,2.68
7.82,56.0592,-151.5916,North Pacific Ocean,6724.5,-134.4,34.85,34.35,5.44,82.35,47.44,5.74
8.2,-66.8306,174.2166,Norwegian Sea,10761.4,1455.8,38.54,19.23,2.88,54.64,18.84,1.61
8.17,18.1698,38.5561,Arabian Sea,10728.1,238.0,34.56,2.02,5.54,63.68,12.01,0.3
8.43,59.3285,-31.4444,North Atlantic Ocean,8989.7,495.6,35.31,11.2,7.14,99.34,15.86,0.56
8.3,-52.7092,-179.2926,Norwegian Sea,1282.6,1911.1,39.31,19.08,1.02,71.0,45.65,5.08
7.84,54.4484,-22.5892,Gulf of Mexico,10155.0,2113.9,33.18,13.89,1.82,18.3,47.95,3.43
7.96,-34.8738,-18.5226,North Pacific Ocean,4835.0,632.5,37.85,25.57,5.35,94.64,15.35,8.6
8.07,-17.6124,-95.089,North Atlantic Ocean,930.2,1456.5,34.78,33.49,1.88,16.38,39.84,3.84
7.9,45.2051,128.7024,Southern Ocean,7708.7,1802.4,36.64,4.21,4.15,43.4,26.68,5.96
8.48,58.1776,-44.8161,Bay of Bengal,7879.4,1328.3,31.74,18.78,8.88,70.86,5.42,1.65
7.53,-35.5797,-140.0013,North Pacific Ocean,1158.6,-492.5,33.55,9.48,6.76,46.44,44.35,3.19
8.15,-50.3312,123.4093,North Pacific Ocean,692.7,-121.0,37.53,10.36,3.3,4.44,17.58,3.95
8.12,10.66,56.3175,Arabian Sea,10547.7,-163.8,34.84,11.75,1.28,54.42,32.22,5.74
8.43,13.6878,-161.3684,Caribbean Sea,7367.8,849.9,33.19,18.52,3.78,6.95,44.33,4.75
8.4,-74.1173,-153.6153,Coral Sea,2880.0,1030.0,37.03,5.45,9.69,49.81,47.84,2.41
8.42,12.1382,170.9351,North Atlantic Ocean,5650.2,635.6,35.03,32.89,4.14,31.38,39.5,0.91
8.49,24.5108,132.3337,North Atlantic Ocean,7079.5,1496.6,36.07,24.84,2.74,91.47,41.4,6.39
7.83,-72.3024,137.5408,North Pacific Ocean,5223.8,-164.5,37.53,0.9,4.94,42.13,8.57,8.71
7.99,56.9679,-145.158,Indian Ocean,2282.5,2965.0,32.3,10.77,7.66,76.24,20.92,2.56
7.69,0.1952,-135.6657,Baltic Sea,749.1,905.4,34.49,21.27,8.72,30.57,3.93,0.24
8.31,18.1829,175.3962,South Atlantic Ocean,9011.4,-342.7,39.24,32.21,1.71,38.85,30.34,4.79
8.07,3.3852,176.9437,Gulf of Mexico,6660.0,2095.0,37.29,14.76,4.0,46.85,25.41,2.43
8.19,-3.2208,-11.7398,Coral Sea,430.4,263.7,31.13,9.2,8.74,58.62,24.71,5.33
7.56,-36.2106,83.1036,Bering Sea,9200.5,-345.0,30.88,19.22,4.27,20.73,14.89,2.1
7.56,-24.1523,85.1043,Coral Sea,5421.7,323.1,37.48,7.01,4.47,47.42,23.2,6.5
7.57,38.1014,176.411,South Pacific Ocean,4937.6,-410.3,36.44,8.21,8.68,31.04,34.17,9.75
8.21,23.6747,100.749,North Atlantic Ocean,352.6,1191.7,36.78,19.7,5.14,44.33,7.26,6.57
7.87,19.1904,-64.6144,North Atlantic Ocean,10098.1,-11.9,35.14,4.46,2.24,59.95,41.35,3.08
8.25,54.5911,56.8613,North Atlantic Ocean,1561.2,2544.7,36.99,6.03,3.65,42.71,15.63,8.81
8.02,6.7302,-5.858,Baltic Sea,7010.0,2056.4,39.18,27.99,6.94,7.18,27.44,8.41
7.69,-35.7543,-20.7972,South Pacific Ocean,1441.5,2602.3,34.27,17.47,4.05,38.03,28.5,4.23
7.61,16.9225,-9.0164,North Atlantic Ocean,7886.4,615.0,39.99,4.34,6.03,11.44,15.36,8.54
8.43,50.1479,144.2046,North Pacific Ocean,7001.2,2502.6,35.08,0.68,3.78,87.4,34.74,5.73
8.16,68.7839,-57.5866,Southern Ocean,799.5,2399.7,32.35,-1.99,8.97,30.28,35.48,5.92
8.1,-1.1768,57.9521,Baltic Sea,1984.5,-204.7,37.51,-1.6,8.06,67.26,36.31,4.41
8.11,-25.656,170.1311,Bay of Bengal,8401.9,1744.6,36.66,25.9,2.8,98.51,10.21,8.55
7.86,62.904,-60.702,Gulf of Mexico,9825.9,2601.0,34.54,13.04,6.81,34.19,26.35,5.98
7.6,-13.9944,71.1407,Southern Ocean,4053.0,2239.0,37.67,2.26,1.79,11.07,29.9,0.77
8.38,83.6319,-130.0174,Bering Sea,4976.0,1986.8,39.29,14.99,4.27,6.99,8.66,4.95
8.42,-12.2499,128.8411,North Pacific Ocean,3045.9,1251.7,30.64,31.76,6.06,66.62,14.22,4.49
7.97,87.5552,119.9646,Red Sea,10663.4,2765.9,38.74,12.85,9.58,78.9,7.81,7.69
7.92,-72.3132,-104.3748,Southern Ocean,3518.1,2544.2,34.5,-1.13,7.87,55.77,8.2,9.84
7.72,-27.9039,-144.4756,Bering Sea,890.8,1679.8,35.2,5.83,4.22,88.76,8.15,4.14
7.51,-40.0167,-134.35,South Pacific Ocean,2619.2,-313.6,30.36,20.58,9.39,40.64,25.45,6.02
8.2,88.8818,142.7293,Gulf of Mexico,5288.8,2525.7,32.1,6.94,2.89,26.81,47.78,7.84
8.0,64.5593,-5.8015,Caribbean Sea,3800.6,2706.4,37.02,32.93,8.5,0.45,5.39,8.18
8.45,42.8795,89.5316,Coral Sea,5279.4,-250.1,34.07,29.56,5.6,76.99,17.02,5.04
7.54,75.1833,-4.6519,South Atlantic Ocean,7242.1,1563.6,33.48,24.27,9.48,81.21,23.56,5.37
7.84,74.8165,134.0089,North Pacific Ocean,3441.4,-69.4,30.74,8.3,5.15,31.37,5.43,2.39
8.49,-54.2544,-12.3927,Gulf of Mexico,5097.0,1196.7,37.27,1.05,1.12,87.75,31.88,9.88
8.12,-28.5746,132.2959,Red Sea,9026.1,657.1,31.56,27.1,3.98,18.64,5.69,2.25
7.85,-81.3209,-82.6816,North Atlantic Ocean,9951.3,1137.6,33.87,5.35,3.42,95.85,36.13,2.98
7.7,-34.4633,-157.0959,Arabian Sea,8220.7,888.2,32.25,27.42,9.84,55.29,8.95,3.95
7.57,38.4737,-76.7297,Baltic Sea,1529.7,2812.4,36.2,27.92,4.05,0.4,8.69,3.47
8.42,38.3382,42.0267,Gulf of Mexico,7232.4,2461.4,35.2,25.48,4.93,39.31,9.02,5.73
7.9,-9.9449,130.7128,North Pacific Ocean,10083.8,1552.5,32.08,1.31,9.56,5.46,11.75,9.37
8.44,-59.6251,-82.2398,Arabian Sea,8305.9,739.1,31.26,9.32,8.86,1.42,12.99,0.66
7.85,-81.8377,-151.8448,Bering Sea,998.1,209.9,34.93,1.32,2.36,23.04,43.98,3.6
8.44,-45.175,-24.2091,Indian Ocean,6835.1,605.3,35.11,19.94,8.55,23.01,27.78,4.58
8.31,-75.0666,154.9905,Caribbean Sea,2913.9,-428.6,31.39,27.84,6.87,8.51,25.39,4.14
7.83,88.2662,-23.6391,North Pacific Ocean,10712.5,58.2,34.44,24.15,1.76,93.45,33.6,1.79
7.93,-63.6247,-64.3918,Bay of Bengal,4821.8,-190.5,39.9,30.45,1.15,38.79,0.11,9.95
8.44,56.179,69.5494,Indian Ocean,1628.4,1688.2,33.71,-1.83,9.31,41.99,30.58,2.85
8.24,-22.9226,-29.8475,Red Sea,4029.7,1009.9,36.91,34.97,4.83,12.19,1.86,8.25
8.3,21.4568,71.6539,Indian Ocean,2975.0,136.7,31.8,2.09,8.14,49.55,27.74,3.29
8.13,6.763,-136.7776,South Pacific Ocean,9083.1,1541.3,38.88,-0.1,1.59,32.76,35.44,0.12
7.56,-79.8834,-15.2645,Baltic Sea,7043.7,1020.4,33.57,18.5,8.58,76.99,0.39,1.51
8.36,73.2011,-150.8759,Baltic Sea,3008.3,2783.7,32.42,2.96,6.11,94.25,3.95,4.9
8.28,72.0689,71.0766,Red Sea,8747.4,1554.5,36.04,0.47,2.8,52.64,9.82,5.17
8.07,-36.3528,93.5376,South Atlantic Ocean,1680.7,1793.9,36.08,4.47,3.3,66.39,39.58,2.19
8.2,-65.981,-129.0173,North Atlantic Ocean,2276.3,1772.2,32.86,18.06,9.84,64.97,41.15,2.47
7.73,-71.7314,-157.1216,Bay of Bengal,1105.0,560.0,34.06,27.16,5.5,58.48,36.09,7.58
8.43,62.0381,-33.0695,Norwegian Sea,6496.4,2582.7,33.18,17.42,2.56,70.22,6.61,3.91
7.71,15.0382,120.2722,North Pacific Ocean,496.0,1690.3,38.9,5.14,6.98,70.61,30.97,9.49
8.17,-22.5995,-97.7915,Coral Sea,7732.4,2913.6,36.04,20.33,1.71,88.15,14.8,5.01
7.98,-28.6439,27.2746,Bering Sea,2250.1,2858.2,38.53,5.87,7.8,72.59,3.85,3.73
8.05,8.3495,-112.8793,North Pacific Ocean,7211.5,1554.9,34.72,24.35,8.9,50.86,25.63,4.35
7.71,-41.0405,55.0763,Caribbean Sea,6785.6,-249.0,30.16,5.53,2.7,96.19,45.43,8.63
7.68,-86.4735,-110.4168,North Atlantic Ocean,1425.7,1970.2,31.93,7.66,5.18,99.24,11.12,0.97
7.83,-15.294,-50.0138,Bering Sea,497.7,-470.7,37.7,30.19,9.03,30.86,30.24,6.14
7.53,67.6934,80.5236,Gulf of Mexico,445.0,1915.4,31.82,-1.61,8.24,51.87,30.53,5.77
7.62,54.5435,51.9206,Baltic Sea,1591.1,1161.7,38.59,31.49,1.3,77.2,44.67,8.95
7.86,74.087,-23.1367,Arabian Sea,5928.6,1425.2,32.99,28.21,2.27,90.83,26.88,4.38
8.11,29.5793,-53.2321,Baltic Sea,6079.7,2624.6,31.93,31.32,9.85,72.74,9.08,7.86
7.85,-81.0327,140.6952,Indian Ocean,3430.6,1936.0,31.32,3.34,3.32,91.47,1.68,7.35
7.57,-6.0158,-126.9031,Norwegian Sea,643.2,1125.5,36.49,5.76,5.74,8.87,26.21,6.91
8.3,-86.1756,-8.5354,Coral Sea,7854.9,2417.9,38.71,3.86,1.33,13.44,20.02,4.2
7.66,84.5533,-1.1202,Southern Ocean,1813.3,613.0,35.74,7.89,2.32,62.08,15.68,9.7
7.56,32.6038,-59.9304,Gulf of Mexico,7846.0,2628.0,34.68,3.86,4.83,75.09,47.63,5.51
7.85,-87.0785,130.5036,South Atlantic Ocean,1855.0,-124.1,34.44,23.19,2.96,91.4,49.08,0.53
7.96,83.2436,-176.7509,Bay of Bengal,1257.5,2679.2,34.26,34.34,6.37,38.44,33.76,4.82
8.39,-22.8676,122.4521,Southern Ocean,9191.3,1642.0,39.24,22.68,9.52,28.76,32.34,5.74
7.75,-63.1714,-91.6032,Southern Ocean,6927.4,2515.0,39.98,32.51,7.45,28.63,15.32,4.88
8.09,41.0783,-174.5389,Southern Ocean,756.9,1806.4,36.63,14.63,6.38,42.18,3.61,8.15
7.78,-62.5002,6.3751,Arabian Sea,938.9,2580.4,36.88,-1.74,1.26,79.15,13.34,1.41
7.62,-50.0951,-83.0883,Bay of Bengal,2260.1,2139.5,39.51,14.01,8.53,35.86,9.49,7.39
8.14,-74.2551,-19.336,Gulf of Mexico,6430.4,-377.5,30.0,21.66,6.32,18.01,46.6,0.55
8.25,36.3238,-67.2854,South Pacific Ocean,9829.0,155.4,32.17,0.71,3.03,61.35,24.09,8.29
8.04,-51.7869,-69.6314,Norwegian Sea,10819.8,1020.5,38.69,31.09,7.44,56.26,1.48,2.03
7.84,56.8403,88.7916,North Pacific Ocean,2918.4,2640.1,36.98,0.18,7.47,93.92,9.77,3.56
8.49,21.6133,113.0506,Southern Ocean,7573.1,2969.7,30.57,23.11,6.74,30.44,38.69,9.41
7.53,-19.8959,83.4938,Baltic Sea,9398.3,32.8,30.78,5.05,6.72,90.52,20.42,5.85
8.05,84.9686,10.8257,Norwegian Sea,2218.6,2819.0,33.9,12.47,5.45,12.98,48.11,2.71
8.17,-54.4763,46.0426,Indian Ocean,5181.3,698.2,39.0,5.7,5.17,57.74,37.31,3.7
7.92,47.0944,170.9555,Indian Ocean,10278.3,252.4,36.36,-0.32,1.25,23.19,31.93,7.96
7.63,-62.427,-76.1476,Norwegian Sea,4818.9,-132.2,39.03,21.69,8.41,82.23,44.27,2.45
7.68,-49.8662,-147.3011,Norwegian Sea,6664.0,-160.8,34.1,0.21,9.45,53.76,23.72,4.81
8.45,-66.9131,84.7501,North Pacific Ocean,4919.5,2770.3,30.75,9.8,9.48,4.84,31.17,3.64
8.4,78.4199,-61.1011,Bering Sea,6164.8,834.8,32.95,13.16,6.48,69.27,34.6,3.55
7.68,-4.5646,-56.4974,South Pacific Ocean,10295.5,2838.4,37.7,5.95,6.77,78.18,8.67,2.4
7.56,60.7617,158.9788,Caribbean Sea,766.5,1271.7,35.24,22.13,6.11,20.79,6.38,0.82
7.67,-79.8825,-81.496,North Atlantic Ocean,2470.5,861.9,37.66,19.31,4.46,88.99,13.47,2.11
8.38,15.13,-171.4581,Baltic Sea,5415.1,2231.3,36.0,21.29,8.65,92.0,24.36,3.56
7.6,-8.8995,-150.1257,Bering Sea,2613.9,1120.7,38.55,19.05,1.0,45.45,2.79,1.0
7.66,87.725,102.3522,North Atlantic Ocean,6117.1,1318.6,31.86,31.37,3.46,63.29,17.16,10.0
8.21,52.7491,117.2641,Caribbean Sea,1671.8,2571.8,33.06,30.24,9.33,1.32,7.82,3.32
8.32,76.9838,-19.1739,South Atlantic Ocean,8293.3,2183.5,37.97,12.86,2.48,92.16,12.61,3.32
8.05,-4.6069,-101.8191,Southern Ocean,6455.3,2266.5,33.8,10.15,8.94,35.37,12.38,9.02
7.7,55.942,91.5219,North Atlantic Ocean,4400.1,1733.2,33.53,32.04,8.05,98.09,26.96,1.59
8.31,-52.5764,-126.4046,North Pacific Ocean,8210.4,67.2,36.39,13.11,6.81,34.58,9.85,0.92
7.87,36.3077,-131.4482,South Pacific Ocean,9205.3,-105.6,35.63,7.08,6.68,47.02,9.64,3.3
8.17,84.6645,-150.0464,Red Sea,10712.1,2118.8,32.18,19.98,4.83,95.74,43.49,8.9
7.75,19.9148,-152.8373,Coral Sea,9948.3,2091.8,32.5,19.67,1.25,67.39,27.88,3.94
8.05,-86.0161,-16.1669,North Pacific Ocean,10569.2,1096.0,34.78,-0.58,6.65,55.04,23.89,5.32
7.84,-27.8693,-103.6202,Coral Sea,7903.8,761.6,35.23,20.31,3.14,65.61,37.41,9.95
7.73,17.3128,-83.8519,Caribbean Sea,1547.3,2646.1,36.27,32.59,2.87,66.55,7.92,3.78
8.23,-69.1281,12.9421,Red Sea,164.8,715.5,38.01,8.84,3.54,45.33,14.98,7.94
8.37,-17.6794,-18.106,Bering Sea,4959.5,416.6,39.37,3.91,4.1,14.44,22.93,6.86
8.37,-8.8315,-78.5596,Norwegian Sea,7704.7,2095.6,37.37,11.89,2.69,88.75,40.7,9.2
7.94,68.3078,169.7333,Coral Sea,3600.6,53.6,37.7,-0.83,9.82,82.99,7.8,5.13
8.41,12.6789,-127.9485,South Pacific Ocean,7752.7,1767.3,39.12,7.1,6.73,18.65,47.64,8.23
8.02,8.5702,42.2346,Baltic Sea,2667.7,2307.7,32.93,-0.17,4.61,52.21,18.57,3.59
7.85,-24.2506,148.2344,Caribbean Sea,5514.1,1970.5,35.55,23.76,1.42,32.15,49.35,5.92
8.26,-20.883,-167.3937,South Atlantic Ocean,5213.9,668.8,39.0,6.83,8.59,12.19,27.89,0.44
7.78,11.406,49.6744,Bay of Bengal,7755.5,1829.7,36.11,21.82,4.27,60.26,20.2,4.58
7.91,-60.5692,126.1134,South Pacific Ocean,7277.4,1014.9,36.97,28.75,6.65,60.32,28.72,4.59
8.3,-5.6501,-164.9469,Bay of Bengal,4797.9,1179.8,32.37,18.92,7.9,28.01,19.29,8.73
7.99,1.3301,77.4611,Gulf of Mexico,2222.7,2038.8,30.25,28.12,6.69,37.96,13.48,1.58
7.63,33.6127,102.0698,Baltic Sea,8267.6,1749.7,30.46,31.99,7.38,58.72,25.09,0.81
8.45,17.071,-155.7105,Arabian Sea,7241.6,518.2,30.83,4.87,5.1,42.67,14.73,4.65
7.51,-31.1261,-162.6009,Gulf of Mexico,784.5,359.4,36.09,7.33,1.47,43.71,46.31,1.12
7.75,5.5261,-5.631,Coral Sea,5173.8,2540.8,32.85,-0.84,8.86,18.41,20.98,9.95
8.31,-86.4832,75.3096,Caribbean Sea,6486.0,2471.7,33.06,10.18,2.16,61.79,16.48,5.8
8.35,33.7148,-37.1641,South Atlantic Ocean,10043.3,906.4,33.49,-1.34,9.51,95.02,21.32,1.45
8.18,-48.1866,116.2858,Coral Sea,8619.6,2527.4,33.37,15.59,7.7,46.9,21.42,9.53
8.11,59.8932,118.363,Gulf of Mexico,666.7,1212.3,39.37,27.47,6.99,31.96,31.98,2.27
8.33,40.2107,-122.393,North Atlantic Ocean,9506.0,2474.5,33.72,13.04,5.84,8.06,17.95,3.44
8.25,-61.2402,-154.4497,Arabian Sea,3686.6,137.2,35.07,23.8,8.82,95.95,23.36,8.1
8.48,-32.0385,-68.0049,South Atlantic Ocean,9859.6,2179.1,36.42,6.64,8.31,58.48,25.74,7.64
7.96,44.5655,-110.0274,Indian Ocean,4205.5,940.3,39.82,8.66,3.81,5.27,22.66,3.04
7.77,36.874,108.2985,Bay of Bengal,9573.8,1253.3,37.36,25.57,4.71,54.93,11.59,0.59
7.5,6.9116,11.8288,Bay of Bengal,2702.6,1435.1,35.99,14.98,3.38,92.0,1.64,8.33
7.83,-36.9485,57.5394,Red Sea,5232.3,1875.9,33.05,0.79,3.2,0.19,21.44,5.8
8.33,4.0301,92.8526,Caribbean Sea,6466.3,-129.3,38.88,0.19,7.04,1.39,39.54,2.13
7.53,88.4672,131.5262,Baltic Sea,5445.2,379.5,37.37,18.94,9.3,71.53,17.13,0.54
8.19,-17.4498,27.0437,Bering Sea,4738.6,2025.1,31.26,4.16,8.7,78.83,24.26,3.63
7.54,4.4995,35.477,Bering Sea,1592.5,-498.5,37.16,6.89,3.03,85.04,16.57,0.84
7.98,54.5039,63.1079,Indian Ocean,9754.6,818.6,30.48,30.99,9.42,56.42,32.81,2.34
7.92,-84.9255,44.997,North Atlantic Ocean,5611.0,646.4,38.42,24.29,5.04,71.68,14.79,7.56
8.44,75.0657,142.7768,Red Sea,9161.1,1233.3,38.1,0.07,3.97,0.47,10.63,0.71
7.82,62.595,-152.7111,Red Sea,5613.9,2938.9,37.85,15.58,2.84,16.67,17.02,1.04
8.04,8.8194,-75.4562,Arabian Sea,5472.0,2122.7,35.73,25.18,6.97,98.03,47.02,7.49
8.12,6.3785,-170.0952,Bering Sea,891.6,2853.5,31.34,18.15,5.02,17.94,5.94,9.25
7.79,74.29,132.9319,North Atlantic Ocean,474.8,309.4,39.55,9.96,5.58,78.74,27.01,6.63
7.75,36.9595,-2.0865,Coral Sea,5023.4,1905.6,34.74,0.86,3.28,96.67,32.62,9.58
7.79,47.8193,117.9029,North Atlantic Ocean,761.9,2005.7,34.92,28.21,7.04,0.56,16.53,8.57
7.63,-48.6514,30.6634,Baltic Sea,5602.2,2884.9,36.18,10.9,2.06,59.45,42.83,2.84
7.62,-88.229,-139.6992,Southern Ocean,2851.0,2987.5,33.54,9.77,9.04,15.32,34.49,6.66
8.09,-10.9123,-152.2089,Arabian Sea,7098.8,1521.2,36.63,16.36,6.42,98.39,8.63,2.23
7.6,-70.5027,-165.8446,Red Sea,4221.7,789.0,36.79,6.53,5.11,30.78,13.66,4.64
7.69,-15.2674,-77.5663,Norwegian Sea,3528.2,2134.9,39.48,4.54,2.52,29.83,25.18,2.09
7.67,23.6732,152.6523,South Atlantic Ocean,10674.5,694.7,31.62,4.77,6.02,38.42,16.83,6.63
7.64,18.9341,90.0337,Indian Ocean,6279.8,128.8,35.23,31.58,3.57,47.11,42.89,6.42
7.64,34.1239,-68.9578,Baltic Sea,1323.8,1634.9,35.93,18.98,8.52,10.12,25.5,6.8
8.3,-64.5203,-51.4001,South Atlantic Ocean,9144.2,1988.9,37.21,34.36,5.64,80.68,4.57,8.19
7.74,-46.153,27.8089,South Atlantic Ocean,9438.0,897.5,30.5,14.4,1.02,51.44,22.59,0.89
7.72,35.4244,135.4081,Arabian Sea,10230.3,2994.8,31.73,1.19,4.72,25.79,48.24,5.7
7.63,-56.8744,94.8035,Gulf of Mexico,72.9,534.2,30.49,32.63,8.96,61.96,23.72,5.83
8.2,-51.1992,138.1687,North Pacific Ocean,8331.1,317.3,35.07,12.47,3.91,43.08,37.09,8.18
7.64,31.4915,-174.4954,North Pacific Ocean,8435.3,2051.2,38.55,1.58,2.86,78.16,39.9,5.04
7.56,40.893,171.6665,Baltic Sea,1979.6,-448.2,36.51,19.28,1.59,49.98,1.29,5.34
8.5,-37.449,-92.2263,Bay of Bengal,5385.8,1333.9,35.34,15.04,4.1,40.99,23.67,1.02
8.07,66.927,-62.74,Gulf of Mexico,4693.9,840.1,30.1,4.36,9.24,28.72,8.55,0.74
8.2,60.247,52.1528,Norwegian Sea,1227.7,-165.6,31.31,27.69,3.69,90.25,29.34,9.45
8.38,17.9356,114.9942,Coral Sea,10812.4,796.9,35.93,-0.4,2.8,66.78,15.49,1.79
7.5,58.7542,-57.1877,South Atlantic Ocean,8133.3,1477.7,32.42,19.73,4.73,13.62,25.87,6.05
8.3,86.0405,69.4078,South Atlantic Ocean,1290.5,1392.9,39.8,7.16,5.33,23.64,6.49,6.77
8.19,79.2255,152.8637,Norwegian Sea,6155.1,2963.6,34.01,25.5,9.39,23.45,7.71,8.92
7.83,-67.0145,14.5071,South Atlantic Ocean,5751.7,255.0,32.96,19.37,4.84,44.45,24.67,5.61
7.56,-21.6523,18.7631,Bay of Bengal,5399.5,2290.1,35.47,3.11,9.38,0.18,41.56,0.04
8.05,40.2053,73.7039,Baltic Sea,5497.1,2531.2,31.19,3.27,1.22,79.31,44.37,4.65
7.81,-74.1401,-133.8359,North Atlantic Ocean,368.3,-222.2,35.21,32.19,1.99,17.63,45.29,8.24
7.54,-65.3604,76.5741,North Pacific Ocean,7193.0,-447.8,38.87,30.01,2.82,33.76,5.55,6.96
8.43,-17.6865,-122.4617,Red Sea,9317.7,-17.8,32.35,20.45,4.69,24.07,11.05,6.33
7.55,-88.8822,165.9099,Norwegian Sea,8759.5,-239.0,32.38,33.5,3.11,35.48,2.76,0.72
8.0,-10.6095,-115.0598,Bay of Bengal,2416.8,2700.5,30.42,7.69,8.89,49.79,12.75,4.9
8.22,-19.2982,-15.553,Coral Sea,4042.4,-231.9,38.91,4.5,1.04,33.54,34.45,1.32
8.02,37.4585,106.0388,North Atlantic Ocean,8601.9,1229.2,37.85,34.49,9.94,31.19,17.31,3.92
8.48,-73.736,-65.6255,South Atlantic Ocean,7162.9,2977.7,34.19,25.77,4.49,65.76,42.36,0.37
8.1,-10.3991,8.4991,South Pacific Ocean,8536.4,845.0,35.0,0.66,4.0,33.92,7.1,2.65
8.08,83.2625,-155.4166,Bay of Bengal,9045.7,450.8,31.28,15.31,7.36,28.0,35.53,3.34
8.13,67.9492,84.979,South Atlantic Ocean,10169.0,2673.8,37.56,18.49,6.52,96.35,23.96,6.78
8.47,38.6355,-142.1137,Bering Sea,1336.5,1191.5,31.14,11.08,4.12,48.67,2.32,6.57
7.83,86.0444,82.2226,North Pacific Ocean,2286.0,2137.2,34.97,29.53,1.6,21.38,23.67,2.92
8.34,-73.4602,-136.2368,Coral Sea,10670.4,1059.6,30.23,32.39,8.24,5.14,1.61,4.69
7.59,-44.8065,-132.5526,Baltic Sea,9886.9,1209.5,33.87,12.36,6.8,26.03,24.64,6.51
8.16,-64.6925,81.6994,North Atlantic Ocean,5956.7,2546.9,33.71,-0.8,9.99,40.65,33.52,0.75
8.08,47.4609,-62.787,Coral Sea,6636.2,2670.5,30.92,28.07,5.76,27.25,0.03,3.84
8.13,64.4343,-74.329,Arabian Sea,1910.9,320.2,32.67,-1.36,1.1,86.67,17.76,6.62
7.94,25.4147,-75.0957,Southern Ocean,3092.8,1479.7,33.5,28.61,5.82,77.45,28.27,2.43
8.21,-43.5488,31.5663,Gulf of Mexico,4136.7,2839.5,30.25,16.74,7.03,78.26,47.76,3.13
8.16,-67.8976,2.2836,Baltic Sea,3663.9,2764.5,32.02,15.24,3.09,25.46,19.71,2.24
8.35,8.0292,-151.6203,North Pacific Ocean,8405.6,2617.1,37.84,11.54,6.63,11.01,22.64,8.65
8.41,-63.3197,54.0955,Caribbean Sea,10476.6,2597.4,37.04,26.93,4.02,27.52,32.34,1.22
7.71,-60.8597,91.6969,South Pacific Ocean,8115.8,2822.4,33.86,26.9,7.06,24.29,41.38,8.69
8.24,10.3729,-123.1537,Norwegian Sea,9525.4,2575.8,36.5,32.16,9.79,95.15,7.18,4.58
8.04,-72.5162,-97.2119,Coral Sea,7555.8,1542.6,38.73,29.16,8.26,62.3,18.46,2.33
7.8,74.413,106.0591,North Atlantic Ocean,964.3,2653.5,37.52,23.03,8.91,44.57,39.49,8.78
7.69,-52.9126,-10.1469,Caribbean Sea,6003.1,1211.3,35.06,4.71,9.35,87.7,17.08,9.45
7.74,58.7867,-62.3836,Coral Sea,4338.5,-107.0,39.5,-1.94,5.75,96.72,22.79,9.75
7.9,13.4175,-62.8454,Baltic Sea,6574.9,691.1,34.53,14.6,4.31,18.9,25.49,0.64
7.98,-62.0914,168.6815,Caribbean Sea,7723.7,403.1,36.88,19.6,9.55,95.54,16.82,8.92
7.82,85.0934,-31.617,Coral Sea,10584.6,-102.4,36.06,9.67,6.58,24.21,39.32,2.23
7.88,3.5332,81.2237,South Atlantic Ocean,1298.0,1743.0,33.82,25.66,3.41,49.02,15.94,1.19
8.41,-45.8008,-94.272,Bay of Bengal,9946.0,186.7,37.37,12.92,2.94,98.05,34.3,4.62
7.69,-49.1547,-9.3885,South Pacific Ocean,7521.1,149.9,36.62,24.27,7.23,76.44,18.87,2.32
7.54,-66.6584,152.9518,Southern Ocean,5712.5,564.7,30.1,25.45,4.57,46.89,43.56,2.06
8.24,10.9497,-154.6337,Indian Ocean,4475.3,349.6,30.42,6.74,3.61,7.92,16.26,1.93
7.84,21.6238,-148.1162,South Atlantic Ocean,7880.6,1427.4,38.86,23.15,3.07,20.56,7.92,5.6
7.76,14.4658,59.8853,Gulf of Mexico,3731.4,-445.4,30.28,32.73,2.33,84.51,21.2,5.77
8.45,61.5009,-159.1498,North Atlantic Ocean,7840.7,1046.5,33.73,11.0,5.3,21.25,49.53,4.43
7.87,-77.5453,-15.8824,Indian Ocean,8123.4,1805.3,33.83,12.28,4.09,95.48,43.49,0.59
7.92,-84.9114,-17.9477,South Atlantic Ocean,2002.5,157.3,31.18,0.39,5.21,16.93,11.54,2.52
8.11,62.2077,-95.7331,Norwegian Sea,3338.1,24.6,35.3,32.05,3.25,33.78,22.88,6.78
7.89,-68.4181,26.4033,Red Sea,2578.8,2670.4,31.84,28.32,9.6,59.68,47.14,9.56
8.33,-63.981,41.5234,Caribbean Sea,8906.7,2370.2,35.15,16.23,2.29,46.22,32.26,5.19
7.95,6.8957,-148.9659,Bering Sea,1387.9,394.4,34.31,10.2,9.51,71.31,30.33,3.6
7.89,-16.7932,56.7794,North Atlantic Ocean,719.2,2422.2,33.09,11.61,4.9,50.74,26.18,8.91
8.07,29.9889,130.7536,Indian Ocean,3155.6,2601.6,33.21,1.87,5.4,43.08,2.88,5.74
8.43,-55.7609,-36.6853,Baltic Sea,3960.8,-98.8,30.91,-0.01,2.6,85.26,10.14,9.83
8.03,61.3038,-175.8416,Southern Ocean,4743.7,2133.2,39.01,31.06,4.98,79.42,8.93,0.85
7.81,-50.9191,3.6158,Bay of Bengal,7511.6,1331.9,34.03,29.54,1.99,64.12,45.17,2.59
7.84,-12.2929,-172.3807,North Pacific Ocean,3629.5,2045.4,39.1,33.64,9.69,37.58,40.97,9.45
7.7,-85.9787,146.7236,Bay of Bengal,9600.8,1992.0,31.49,22.25,4.34,96.1,21.17,8.22
8.13,83.5441,-19.6252,South Pacific Ocean,8890.6,1118.7,33.57,20.97,2.93,12.25,47.92,6.67
7.53,-37.7033,-173.4215,Gulf of Mexico,4333.8,-443.3,39.33,14.51,7.72,38.97,48.77,1.66
8.19,5.873,-8.5839,Arabian Sea,9609.5,1831.8,38.33,12.65,3.97,73.48,11.83,6.77
8.4,-4.0982,27.5007,Arabian Sea,8444.3,1571.9,37.56,8.05,6.46,35.37,10.48,0.17
8.15,-17.7332,146.3966,North Pacific Ocean,8374.1,1206.5,33.41,28.18,2.18,0.75,6.44,4.44
8.34,-57.4429,-98.9096,North Pacific Ocean,8388.9,1920.6,30.38,-1.4,5.08,0.75,10.99,6.99
7.59,21.4752,26.1744,Red Sea,2627.7,1476.8,32.29,14.57,3.52,12.51,33.0,7.77
8.23,10.011,12.0735,Caribbean Sea,1291.0,731.1,39.12,7.49,8.05,11.02,34.32,8.16
8.26,-10.7798,-141.2639,Bering Sea,7038.6,2280.1,36.42,19.92,2.23,51.32,4.46,7.28
7.84,8.8874,166.2144,Gulf of Mexico,6376.3,2091.7,30.32,11.8,6.71,65.1,20.09,9.08
8.2,27.0672,-69.2583,Indian Ocean,7297.3,1542.5,31.41,26.07,1.07,74.81,45.62,4.68
7.93,64.8776,80.6758,South Pacific Ocean,5240.0,1305.5,36.17,6.07,1.27,87.07,29.87,4.04
8.22,-48.7012,102.6193,Southern Ocean,1207.5,1758.8,33.75,9.2,6.29,30.96,24.34,9.51
8.2,48.7427,68.3499,Bering Sea,8922.1,1641.3,39.16,10.81,8.8,67.06,5.96,3.23
7.8,56.8247,-137.4739,Bering Sea,10664.0,224.7,32.14,20.98,5.15,33.52,3.03,1.31
7.53,44.0167,-43.8811,North Atlantic Ocean,8096.4,68.1,31.88,19.97,4.78,9.22,6.82,2.0
8.28,57.2684,118.3582,Arabian Sea,4378.0,390.5,33.86,31.52,1.81,42.37,23.25,6.91
7.79,14.0719,116.1246,Coral Sea,8211.7,760.3,38.53,-0.94,8.27,29.9,15.42,9.6
8.08,-86.0507,-91.9732,Norwegian Sea,2016.9,2506.8,33.06,12.78,5.33,14.34,46.84,0.42
8.13,35.224,13.7517,South Pacific Ocean,10861.4,-113.0,32.37,-1.99,3.15,69.59,20.07,0.11
8.39,65.1756,115.3684,Coral Sea,7734.3,1845.3,36.9,20.37,8.17,87.49,14.7,9.65
7.53,-42.5351,40.6004,South Atlantic Ocean,7437.3,-100.2,30.34,9.65,5.03,26.22,30.88,4.4
8.03,43.9827,-103.1925,South Pacific Ocean,4463.0,807.9,34.39,-0.51,2.29,12.84,34.9,6.89
8.13,-69.8682,107.5751,Caribbean Sea,8630.5,891.1,39.85,21.0,1.83,44.12,43.23,3.47
8.11,26.3121,119.3322,Bay of Bengal,8804.4,2008.1,33.26,29.74,9.69,58.44,39.45,1.18
8.26,-79.7147,150.8199,Baltic Sea,6730.6,2618.8,35.97,29.52,6.78,42.5,37.75,3.15
7.56,8.5397,121.4007,Bay of Bengal,10743.5,1737.2,34.7,27.86,3.19,73.47,9.56,6.66
7.73,67.8538,48.193,Gulf of Mexico,5861.9,2664.0,38.89,14.22,5.55,40.31,13.11,6.3
8.14,-21.8094,-12.5364,Gulf of Mexico,4093.3,822.9,30.49,-1.39,7.98,75.09,9.8,6.82
7.84,-56.3586,179.2684,Southern Ocean,1908.1,2145.6,37.86,20.54,9.03,79.11,16.14,5.65
7.76,32.1172,173.3935,North Atlantic Ocean,5813.5,1508.7,34.2,32.05,6.34,17.73,42.0,6.92
7.88,62.1933,-7.5921,Bay of Bengal,1731.8,2167.4,30.19,9.65,9.18,97.59,24.62,2.67
8.37,-35.544,92.9304,Norwegian Sea,6172.0,1880.0,36.08,-1.45,4.97,47.13,30.09,5.4
7.71,13.0794,-59.0047,Coral Sea,5603.3,727.0,36.14,12.6,8.73,35.98,35.67,6.67
8.3,28.789,-110.325,Red Sea,8085.6,1415.0,36.01,34.77,1.3,84.63,23.58,0.05
7.86,-19.7369,147.3129,Caribbean Sea,10542.3,2922.3,38.17,20.08,7.09,89.35,7.16,1.71
8.17,-77.8602,-164.9551,North Atlantic Ocean,5529.5,1780.4,34.4,25.17,4.54,22.02,16.26,5.37
7.64,59.4248,87.2839,Caribbean Sea,3755.4,1913.3,36.38,20.92,7.58,83.81,27.95,4.4
7.67,60.8008,123.5761,North Pacific Ocean,606.3,288.9,30.23,12.39,7.37,8.02,29.63,8.94
7.63,-71.6153,80.112,North Pacific Ocean,1430.5,1450.4,37.42,9.96,5.97,75.56,11.46,5.9
8.34,15.8541,137.6279,Red Sea,3526.0,412.5,30.52,22.42,8.71,30.87,37.45,2.05
8.2,41.782,-81.1206,North Atlantic Ocean,5315.7,2139.7,38.67,19.1,8.41,27.04,8.84,2.87
8.38,-73.2904,102.7699,North Pacific Ocean,676.3,2073.9,36.4,27.11,9.8,91.3,2.37,9.69
8.12,62.3441,77.1023,Indian Ocean,9142.0,2255.5,34.16,20.14,3.35,17.77,4.02,8.36
8.14,-26.2253,174.7957,North Pacific Ocean,1770.7,-492.3,36.76,7.6,5.8,15.09,14.12,3.77
8.03,15.9198,148.5547,Baltic Sea,3764.9,1886.8,32.23,0.8,7.37,75.01,44.84,9.86
7.56,-22.2251,-157.1355,Coral Sea,3107.5,122.9,35.38,10.67,9.38,96.39,36.18,9.18
7.54,5.1017,-132.7859,Southern Ocean,10281.3,-456.9,37.32,18.8,8.81,35.11,8.88,2.48
7.99,28.4433,179.5875,Coral Sea,6128.5,2344.8,30.86,2.25,5.46,68.82,14.71,4.48
8.0,37.4758,41.0923,Coral Sea,1680.0,2568.9,30.8,25.04,5.58,91.03,4.99,4.29
7.72,-17.5662,-146.1149,North Pacific Ocean,1823.7,2495.8,38.97,25.05,2.53,98.58,41.63,0.47
8.09,-69.9605,-61.7765,South Pacific Ocean,10985.4,-486.3,38.49,4.82,8.81,34.85,17.69,7.24
8.4,-28.2179,-42.316,Baltic Sea,5337.5,-398.5,33.37,30.85,3.63,5.65,9.51,0.31
8.28,60.2437,-154.0233,Red Sea,6335.7,2111.5,36.82,27.66,7.39,1.6,44.41,5.32
8.07,16.1737,43.5356,Gulf of Mexico,8048.5,2602.8,36.01,22.42,6.6,26.82,22.07,8.36
7.76,-9.4235,161.018,Southern Ocean,7293.2,-270.9,37.21,5.12,3.56,67.13,49.36,5.19
7.74,30.6156,72.9245,Bering Sea,934.1,2027.9,33.11,11.75,9.29,59.44,19.87,0.05
8.33,57.1546,129.0635,South Pacific Ocean,2585.2,1548.3,34.65,10.8,5.36,61.85,32.2,6.3
7.87,68.703,152.6845,Baltic Sea,5819.9,965.4,32.91,15.09,9.06,58.48,5.62,7.49
8.11,39.9123,173.2678,South Atlantic Ocean,5852.7,2025.8,37.84,24.9,3.2,4.79,40.8,6.93
8.39,-73.791,112.0734,Coral Sea,4350.4,2476.4,32.19,7.53,2.63,8.96,39.86,8.08
7.87,-49.7516,5.8753,South Pacific Ocean,7929.0,2203.2,39.02,30.96,6.36,49.04,29.51,2.33
8.2,83.7504,-154.7306,Bering Sea,3506.9,1603.9,38.57,10.77,5.35,45.05,4.27,0.76
8.3,40.2162,-160.9227,Caribbean Sea,4300.6,72.4,37.42,34.21,4.54,4.1,8.08,9.84
7.65,70.5122,94.6383,Gulf of Mexico,10677.4,-161.6,39.71,2.28,7.09,72.72,37.73,4.36
7.58,5.4992,-88.8303,North Atlantic Ocean,442.6,681.7,35.41,21.23,9.78,5.35,11.46,2.61
8.32,-71.9496,-33.2774,Southern Ocean,3893.4,712.4,33.17,28.11,3.93,86.63,27.15,0.63
8.4,-64.4182,109.3135,Arabian Sea,4462.6,1110.4,36.98,19.82,6.62,9.58,7.48,4.13
7.9,82.4277,41.9188,Baltic Sea,2348.0,586.6,39.88,20.5,8.1,69.1,17.09,4.61
7.99,-28.473,107.7158,Indian Ocean,6934.6,1076.6,35.22,21.87,3.61,9.34,37.04,4.15
8.24,-20.2531,18.6344,South Atlantic Ocean,3176.6,2984.0,32.88,26.09,3.69,24.88,11.35,1.79
7.69,85.3666,-106.5674,North Atlantic Ocean,3509.0,882.5,31.34,16.36,9.31,93.02,21.84,0.82
7.51,-4.2456,101.3814,Coral Sea,105.0,721.7,38.14,28.0,2.13,67.94,36.81,7.37
8.35,-87.5132,73.8046,North Pacific Ocean,3444.4,1141.7,33.22,19.59,3.87,42.03,45.47,4.93
8.16,8.2993,1.9334,Indian Ocean,10227.8,1998.8,37.45,24.99,5.93,26.12,48.46,7.5
8.18,41.46,20.4558,North Pacific Ocean,9427.8,2541.6,39.43,11.38,5.52,71.22,14.71,4.48
8.08,7.4801,-159.8188,Caribbean Sea,6687.1,787.0,30.35,-0.07,6.93,10.57,10.96,3.17
8.06,26.5703,75.7868,Gulf of Mexico,5344.1,2155.7,30.99,14.85,1.96,14.5,41.27,9.88
8.47,2.7822,88.706,Indian Ocean,3851.8,-345.4,31.37,1.43,9.49,71.58,3.12,2.9
8.13,-49.4427,59.9439,Bering Sea,5647.5,1570.8,36.21,17.79,4.59,9.79,34.4,7.06
7.64,-74.0972,-19.181,Southern Ocean,84.4,2461.2,39.65,-0.23,6.81,32.4,40.75,7.57
7.77,-87.1671,-171.0073,Caribbean Sea,8828.1,132.9,33.97,10.67,7.61,0.14,23.16,5.82
7.78,33.6172,53.3361,Red Sea,2372.8,1606.2,36.0,25.73,7.12,97.6,44.23,4.82
7.71,-20.2147,92.5073,South Atlantic Ocean,4713.4,2863.6,36.12,34.62,7.54,16.05,12.36,9.18
8.36,2.1247,-45.4133,Gulf of Mexico,9849.1,-6.4,36.45,7.67,5.93,61.1,38.9,3.14
8.02,-68.8899,-32.583,North Pacific Ocean,90.0,2533.9,35.71,2.94,9.52,67.26,36.34,4.99
7.98,9.8502,-118.6333,North Pacific Ocean,4094.3,2066.0,39.76,22.77,5.14,68.97,39.54,7.78
8.49,-45.4156,52.0232,North Atlantic Ocean,2453.4,622.7,32.71,7.17,8.65,26.08,15.29,0.71
7.54,56.7614,99.4298,Caribbean Sea,10850.6,2364.5,31.07,-1.03,3.13,28.91,8.06,2.54
7.95,17.5021,35.7535,Indian Ocean,7137.1,1971.8,32.2,33.64,8.19,6.6,45.32,5.34
7.71,-78.7064,51.7074,Indian Ocean,9201.3,2028.3,33.56,31.08,6.67,69.89,15.58,9.72
7.93,-51.3155,134.0064,South Pacific Ocean,8276.4,2490.0,37.85,5.42,8.99,26.17,2.01,0.83
7.66,-47.8247,150.358,South Atlantic Ocean,909.8,617.8,37.05,17.31,6.68,22.0,15.86,9.26
7.64,54.595,64.0453,Indian Ocean,9667.2,2678.7,34.79,28.53,3.22,33.02,31.33,6.38
7.77,-2.0206,-119.3048,North Atlantic Ocean,2757.3,238.3,37.8,31.5,1.53,23.56,10.14,1.81
7.62,25.8613,-138.2524,North Atlantic Ocean,7738.1,494.0,31.91,20.27,7.25,37.23,4.98,5.37
8.45,-2.3079,121.1637,North Pacific Ocean,8222.9,817.8,39.72,9.67,3.23,25.82,15.19,0.49
7.63,-16.8768,54.383,Coral Sea,10573.9,1933.3,33.3,24.65,9.22,54.08,29.2,8.53
7.97,58.2221,-101.4886,Coral Sea,3288.2,-238.5,35.81,7.0,9.71,31.35,4.66,1.09
8.28,58.0796,-104.5574,Gulf of Mexico,9062.8,381.4,30.59,11.87,9.64,31.99,16.47,9.74
8.34,61.4688,-160.712,Arabian Sea,6328.6,992.7,32.84,22.18,2.87,78.69,30.73,1.04
8.46,82.2528,2.1678,North Atlantic Ocean,10144.0,737.0,31.24,5.19,5.9,67.94,10.83,4.52
8.06,-30.4486,-136.9428,Caribbean Sea,4632.2,2827.8,36.23,23.44,9.59,41.82,10.57,9.17
7.81,37.1748,-41.3693,South Pacific Ocean,7640.2,57.3,31.49,22.06,1.02,43.3,26.97,8.0
8.14,-29.1685,-107.9917,Bay of Bengal,2061.5,-299.3,32.92,25.49,2.26,71.63,37.43,4.25
8.09,70.6818,82.3987,North Atlantic Ocean,9919.8,1014.7,34.53,24.37,5.93,48.39,3.61,1.06
8.09,5.1828,-178.1135,Southern Ocean,10760.9,-28.8,39.03,17.62,4.85,81.98,36.49,0.9
7.86,-23.0502,-43.7376,Norwegian Sea,3224.0,1288.2,30.74,17.07,2.61,43.04,3.69,7.8
8.38,-88.6307,-163.8957,Red Sea,9935.4,-319.7,35.21,31.47,4.79,95.11,39.24,2.87
8.05,31.4267,-162.1533,South Pacific Ocean,575.1,2728.7,36.86,24.5,2.05,52.27,17.1,1.08
8.1,-8.0951,-145.5515,North Pacific Ocean,8970.1,542.3,38.43,29.21,3.72,45.08,27.84,7.51
7.93,-72.7898,-81.1634,South Pacific Ocean,5170.6,638.4,32.63,1.08,1.7,69.09,18.89,8.62
7.73,-21.3492,101.955,Coral Sea,10666.0,1179.1,30.27,3.46,4.83,88.29,14.9,8.44
7.72,2.369,16.2537,Norwegian Sea,2863.1,388.1,30.86,30.98,9.68,8.25,41.23,9.68
8.13,-30.3157,-129.7557,North Pacific Ocean,584.3,416.2,35.16,9.62,7.27,19.23,32.89,2.35
7.51,48.5902,-39.4529,Caribbean Sea,5861.7,2521.4,39.43,12.85,4.03,47.79,11.12,6.37
8.43,42.4314,148.3399,Coral Sea,7992.1,2587.7,36.02,27.49,8.78,26.8,26.52,5.45
7.94,-69.054,-28.4745,Coral Sea,5249.2,-301.4,36.39,18.39,1.47,61.17,3.3,0.86
8.36,2.4668,161.3677,Arabian Sea,4945.5,229.4,37.33,28.03,2.49,96.84,28.49,1.25
7.93,-7.2663,150.9128,Bering Sea,2383.9,1322.5,33.21,15.07,2.38,16.57,39.52,1.99
7.62,45.5332,-37.0277,Coral Sea,5498.8,2982.1,34.57,12.84,6.02,66.58,35.25,7.76
7.61,-2.4517,53.4803,Arabian Sea,9982.7,2825.1,32.19,28.96,2.03,87.29,28.71,7.64
7.5,-32.8067,103.5784,South Pacific Ocean,4666.2,2100.4,36.35,26.86,1.59,80.58,41.51,4.25
7.79,-5.5588,-115.1489,North Atlantic Ocean,8145.5,1089.3,39.4,11.43,9.57,19.79,15.54,5.05
7.93,-4.4321,10.8904,Gulf of Mexico,8530.3,2589.3,32.82,31.92,9.63,49.54,23.81,4.55
7.52,-57.2528,-142.8681,North Atlantic Ocean,6355.6,1464.2,38.32,18.05,3.77,74.02,14.27,2.3
7.95,-25.6452,1.1947,Arabian Sea,3671.6,-56.9,38.97,19.62,9.66,46.71,19.77,5.28
